Date,AAPL,ABT,ACN,ADBE,AMAT,AMD,AMGN,AMZN,AVGO,BAC,BRK-B,CAT,COST,CRM,CSCO,CVX,DHR,GOOGL,GS,HD,IBM,INTU,JNJ,JPM,KO,LIN,LLY,MA,MCD,MRK,MSFT,NEE,NFLX,NVDA,ORCL,PEP,PG,PM,QCOM,RTX,TMO,TSLA,TXN,UNH,V,WFC,WMT,XOM,ADI,ADP,AON,APD,AXP,BA,BKNG,BLK,BSX,CB,CI,CL,CME,DE,DUK,ECL,ELV,EMR,FDX,GE,GILD,HCA,HON,ICE,ISRG,ITW,KLAC,LRCX,MCO,MDLZ,MDT,MMC,MO,MS,MU,NOC,NSC,O,PGR,PLD,PSA,REGN,SHW,SO,SPGI,SYK,TJX,USB,VRTX,AFL,AIG,ALL,BIIB,BK,BMY,COF,CTAS,CTSH,DIS,DXCM,EA,ETN,EW,EXC,F,FAST,FCX,GD,GM,IDXX,KMB,KR,LHX,MAR,MCK,MPC,NKE,OKE,PAYX,PCAR,PH,ROP,ROST,SBUX,SLB,STZ,TGT,TT,VLO,WELL,WM,YUM,A,AMT,APA,AVB,BIO,CCI,COP,CPT,DLR,DVN,EBAY,EOG,EQIX,EQR,EQT,ESS,FMC,HAL,KMI,LOW,MAA,NEM,OXY,SPG,UDR,VTR,WAT,WMB,AEE,ALB,CMS,ENB,EVRG,HXL,IP,LNT,PKG,PPG,PPL,RPM,SEE,SON,TRP
2010-01-31,,,,,,,,,,,,,,,,,,,,,,,,,,,,,,,,,,,,,,,,,,,,,,,,,,,,,,,,,,,,,,,,,,,,,,,,,,,,,,,,,,,,,,,,,,,,,,,,,,,,,,,,,,,,,,,,,,,,,,,,,,,,,,,,,,,,,,,,,,,,,,,,,,,,,,,,,,,,,,,,,,,,,,,,,,,,,,,,,,,,,,,
2010-02-28,,,,,,,,,,,,,,,,,,,,,,,,,,,,,,,,,,,,,,,,,,,,,,,,,,,,,,,,,,,,,,,,,,,,,,,,,,,,,,,,,,,,,,,,,,,,,,,,,,,,,,,,,,,,,,,,,,,,,,,,,,,,,,,,,,,,,,,,,,,,,,,,,,,,,,,,,,,,,,,,,,,,,,,,,,,,,,,,,,,,,,,
2010-03-31,,,,,,,,,,,,,,,,,,,,,,,,,,,,,,,,,,,,,,,,,,,,,,,,,,,,,,,,,,,,,,,,,,,,,,,,,,,,,,,,,,,,,,,,,,,,,,,,,,,,,,,,,,,,,,,,,,,,,,,,,,,,,,,,,,,,,,,,,,,,,,,,,,,,,,,,,,,,,,,,,,,,,,,,,,,,,,,,,,,,,,,
2010-04-30,,,,,,,,,,,,,,,,,,,,,,,,,,,,,,,,,,,,,,,,,,,,,,,,,,,,,,,,,,,,,,,,,,,,,,,,,,,,,,,,,,,,,,,,,,,,,,,,,,,,,,,,,,,,,,,,,,,,,,,,,,,,,,,,,,,,,,,,,,,,,,,,,,,,,,,,,,,,,,,,,,,,,,,,,,,,,,,,,,,,,,,
2010-05-31,,,,,,,,,,,,,,,,,,,,,,,,,,,,,,,,,,,,,,,,,,,,,,,,,,,,,,,,,,,,,,,,,,,,,,,,,,,,,,,,,,,,,,,,,,,,,,,,,,,,,,,,,,,,,,,,,,,,,,,,,,,,,,,,,,,,,,,,,,,,,,,,,,,,,,,,,,,,,,,,,,,,,,,,,,,,,,,,,,,,,,,
2010-06-30,,,,,,,,,,,,,,,,,,,,,,,,,,,,,,,,,,,,,,,,,,,,,,,,,,,,,,,,,,,,,,,,,,,,,,,,,,,,,,,,,,,,,,,,,,,,,,,,,,,,,,,,,,,,,,,,,,,,,,,,,,,,,,,,,,,,,,,,,,,,,,,,,,,,,,,,,,,,,,,,,,,,,,,,,,,,,,,,,,,,,,,
2010-07-31,,,,,,,,,,,,,,,,,,,,,,,,,,,,,,,,,,,,,,,,,,,,,,,,,,,,,,,,,,,,,,,,,,,,,,,,,,,,,,,,,,,,,,,,,,,,,,,,,,,,,,,,,,,,,,,,,,,,,,,,,,,,,,,,,,,,,,,,,,,,,,,,,,,,,,,,,,,,,,,,,,,,,,,,,,,,,,,,,,,,,,,
2010-08-31,,,,,,,,,,,,,,,,,,,,,,,,,,,,,,,,,,,,,,,,,,,,,,,,,,,,,,,,,,,,,,,,,,,,,,,,,,,,,,,,,,,,,,,,,,,,,,,,,,,,,,,,,,,,,,,,,,,,,,,,,,,,,,,,,,,,,,,,,,,,,,,,,,,,,,,,,,,,,,,,,,,,,,,,,,,,,,,,,,,,,,,
2010-09-30,,,,,,,,,,,,,,,,,,,,,,,,,,,,,,,,,,,,,,,,,,,,,,,,,,,,,,,,,,,,,,,,,,,,,,,,,,,,,,,,,,,,,,,,,,,,,,,,,,,,,,,,,,,,,,,,,,,,,,,,,,,,,,,,,,,,,,,,,,,,,,,,,,,,,,,,,,,,,,,,,,,,,,,,,,,,,,,,,,,,,,,
2010-10-31,,,,,,,,,,,,,,,,,,,,,,,,,,,,,,,,,,,,,,,,,,,,,,,,,,,,,,,,,,,,,,,,,,,,,,,,,,,,,,,,,,,,,,,,,,,,,,,,,,,,,,,,,,,,,,,,,,,,,,,,,,,,,,,,,,,,,,,,,,,,,,,,,,,,,,,,,,,,,,,,,,,,,,,,,,,,,,,,,,,,,,,
2010-11-30,,,,,,,,,,,,,,,,,,,,,,,,,,,,,,,,,,,,,,,,,,,,,,,,,,,,,,,,,,,,,,,,,,,,,,,,,,,,,,,,,,,,,,,,,,,,,,,,,,,,,,,,,,,,,,,,,,,,,,,,,,,,,,,,,,,,,,,,,,,,,,,,,,,,,,,,,,,,,,,,,,,,,,,,,,,,,,,,,,,,,,,
2010-12-31,,,,,,,,,,,,,,,,,,,,,,,,,,,,,,,,,,,,,,,,,,,,,,,,,,,,,,,,,,,,,,,,,,,,,,,,,,,,,,,,,,,,,,,,,,,,,,,,,,,,,,,,,,,,,,,,,,,,,,,,,,,,,,,,,,,,,,,,,,,,,,,,,,,,,,,,,,,,,,,,,,,,,,,,,,,,,,,,,,,,,,,
2011-01-31,0.679475194452984,-0.07127760527709626,0.2052140374987157,-0.047058779762168435,0.17950095365940189,0.09651478060952567,-0.06121784529247576,0.435292199535946,0.638983777482707,-0.11859629375646896,0.048148636536464506,0.8260807486184942,0.27425977238415533,1.077104774903085,-0.09968815720203894,0.3124822847546387,0.32477044183664017,0.12082489354197645,0.1414454287310496,0.2905801164464299,0.22205974169203557,0.6649779729885053,0.018643896450247777,0.09348681252491686,0.2505336410688419,0.29520592395830625,0.05158666140780066,-0.10140254029736284,0.2696316280709796,-0.01508607988771149,0.011046264673091777,0.10965483945366072,1.8224891005160075,0.0006495220335649421,0.3653527296665606,0.12882518353862293,0.06961293588316986,0.3465294982898257,0.286719719547732,0.1949630290377382,0.1995666399144278,,0.4643102004485795,0.10753875099602528,-0.1362939928270721,0.09766303296043977,0.032582147331081224,0.16555800289292333,0.43724172705462916,0.172075259708663,0.1961388534191193,0.2277847811162388,0.15523253254533276,0.10381223479585078,1.0453031307169351,-0.08709502109857092,-0.12282733820661274,0.2931565177160762,0.08682811415707259,0.024096869845176228,0.13952338558044675,0.6929238039474181,0.13971707714576165,0.1642427863120357,-0.10765844764403865,0.4136244874998556,0.19378979797732643,0.16947228807955228,-0.24922316947309975,,0.4147786781882101,0.24790470692497912,-0.21432053364366266,0.2588898775109638,0.4046855314304738,0.5686159449013761,-0.021220850727473484,0.18302264800119583,-0.12003320985961097,0.3014343792007823,0.323666359913082,0.021757124443054554,-0.08027521573212171,0.18063853087599946,0.3683494088271926,0.28584004079276215,0.25911257582875113,0.3774045230820222,0.3226908632644576,0.23143308434332654,0.3491809607616505,0.24027970951420907,0.05851746972324445,0.046764397396245494,0.18331030112920899,0.08420749287717477,-0.08776048470495201,0.19285055460327394,1.3780450989020192,0.09433834162210086,0.24767400367656167,0.04855933641840804,0.12707641519283563,0.16048125255823265,0.1556014501657803,0.6786539140228389,0.2832582923731124,0.5066224046717829,0.006142481939378941,0.7046420041231007,0.8040617334863385,-0.04083124244133862,0.5488918483976508,0.48231914493719574,0.8346154158499888,0.0820348680556997,,0.31872735773029226,0.10761386644707693,0.062039205041145795,0.07762806935335664,0.5934168937528403,0.20906675338923453,,0.36017100406154534,0.3526198052595002,0.10178519325899216,0.6142849913450132,0.5685465924752371,0.5334355329010945,0.3937320205695858,0.49473488513431096,0.3333984886044581,0.37748794058577717,0.19174612841086347,0.46182628278752014,0.26871938278112784,0.17722068499243293,0.1946827013616541,0.45603654039173724,0.47805912862080246,0.21648994068193805,0.21277273530274443,0.5223208431835993,0.1145095313801221,0.18651844319952948,0.47606686838960766,0.44789577012768245,0.11213351119051373,0.1843756991086929,0.20894867185537636,0.015473052841892265,-0.15556475077113208,0.6740847973864514,0.04095644490614858,0.4918088918438288,0.5802352721083872,0.41461462658269466,,0.17481859159825475,0.39973872570017277,0.4456347359961843,0.2749305965379216,0.4236761413804082,0.554151312305238,0.30019147089408427,0.36381185870088073,0.21450193544871587,0.16903878165570352,0.5815389234933341,0.2759263964104821,0.3417326630179385,0.24448582883198622,0.6445450133119717,0.208936568681668,0.21864302558309623,0.20234406016703854,0.47876140766301734,-0.05946091465484349,0.21869562818359078,0.31352007327382325,0.2563810086343459,0.2393404813220057
2011-02-28,0.6582926735369958,-0.13827145465233026,0.3119282331230142,-0.046176110197956866,0.3044310009684419,-0.010113770575131964,-0.027027500921286807,0.43277031108791353,0.5860236999780517,-0.1734172399172056,0.020217182105455977,0.7400724922409454,0.1904661486845669,0.9005151130863407,-0.1307025901050779,0.34910151682835466,0.2477768113183514,0.13963574380695354,0.054066255734388724,0.21513718203870646,0.2925788953343149,0.45024694135727317,-0.025258836919566652,0.07604809610341712,0.22969478334983062,0.26526207803941015,0.05472664745937306,0.05690945423226568,0.18138161253266705,-0.06156647257567027,-0.017238181877305747,0.18702235234303788,2.241182745149962,0.4765432229561015,0.3091722014736862,0.060506425127197394,0.028532547976366507,0.22356049082009388,0.497030230720362,0.2053214970352628,0.17428774019887805,,0.415384115944345,0.22707717200098054,-0.17670412337733088,0.1920212374970207,0.060848863535892805,0.26652653612340127,0.3659791387830462,0.1891965506783626,0.1335712765897974,0.30458443973280036,0.15614492738915886,0.11991132511629776,0.890167986116194,-0.07304567257853622,-0.09819118533835358,0.26101790597606334,0.22791462133741924,-0.049721325547699036,0.03894568922449926,0.6152598233394788,0.1400278383143998,0.19530701905902248,0.0040403603931717935,0.26818989594106957,0.07159294631790458,0.28136844617666945,-0.19386659962299468,,0.4230435815290059,0.1230308823924875,-0.06979894048027024,0.2075466048426724,0.5432599176780322,0.471247402516513,0.11828946085721936,0.116645484576404,-0.09605300339436273,0.24157449111135865,0.24765442556183004,0.05095752759807648,0.16335507878279687,0.15880637167939815,0.21113086327078667,0.30987648282573255,0.2384570428327104,0.43697239533509347,0.3692352367879941,0.37694199924851146,0.35666448439569276,0.2293254454074678,0.16683941872122943,0.09707280444972066,0.14976717378986493,0.10614266973613096,-0.040700579393596725,0.1849692709651336,0.963867010615362,0.023785149923031934,0.19014730445965933,0.10914013051767224,0.0786166795792751,0.2804017466541,0.1519961024582983,0.5156868216036903,0.25784736552895215,0.5608406765728531,-0.059710397234783885,0.6172688870507355,0.8357834548071164,0.019448365331560025,0.3586028432868382,0.33029060859953807,0.48022588971733815,0.06568891319898618,,0.35795450727801614,0.11203000501852545,-0.01875464267909721,0.05081472931804876,0.4634495571101689,0.28155006368802815,,0.23855674410284777,0.37881891080259034,0.11504230610028765,0.6169139778542336,0.4997973507654403,0.41006096915425383,0.3442587833026052,0.39511363162073243,0.47116977372859337,0.2779260068833407,0.07775977067420947,0.487425297572216,0.45906454943375663,0.2115410142165699,0.19103795042349625,0.4154107379243741,0.3296247230153968,0.19221731009379805,0.1584076365778384,0.47540289097303234,0.16586356103442124,0.11560831507276603,0.5331862287649516,0.4392703418980133,0.09237350002964884,0.300059297127917,0.3188529256366648,0.13809262224902752,-0.06404160751609544,0.5512166167167589,0.11961794451992813,0.40552869759971033,0.34052959060542953,0.5059510271718757,,0.0655444341936291,0.28266855926568324,0.1271313578254749,0.23271533811603473,0.32368785199867967,0.4487834223764242,0.3121444619496623,0.28042238660786767,0.28293496500364057,0.2164979814439345,0.5171352299836258,0.3159268533097841,0.3409379706804805,0.2571775128009308,0.7259530280180537,0.2659248773397769,0.22876285737895685,0.21727620242031565,0.4011311356590026,-0.04571804798754875,0.26675437558376025,0.3377363070730319,0.233393741940086,0.1511491678043504
2011-03-31,0.5030217341927634,-0.05429487465075711,0.25024950089192277,-0.024597086744622243,0.24663542156596252,-0.006472536855858357,-0.14221259426566923,0.2763497754647275,0.6576055034997728,-0.19754453844026598,0.07395105677961422,0.6758813023910497,0.2689817923222395,0.7766287006541843,-0.28697686438319026,0.41638275628570276,0.26821821565519377,0.08160531412538141,-0.031150772987331488,0.1854322724273727,0.28571515165553896,0.532050578849369,-0.023077193964110232,0.04849930691868809,0.18905309269846837,0.2163443667523688,0.00780549792551688,-0.05039518156152323,0.17090665193303467,-0.099564429553892,-0.0724846561863457,0.1817031577932744,1.802684409735059,0.30229841252761114,0.2892899206292454,-0.019465700391537943,0.02739212158665527,0.24634764291639244,0.4451275584322527,0.16088504944168092,0.08514746414265573,,0.4808746160457169,0.3191743169798036,-0.19174745592834164,0.043624302102208246,-0.04895792727636594,0.3098400509654222,0.413750253360039,0.15245549088744936,0.250508577517091,0.26730249633987846,0.07014330240369104,0.01549639317037732,0.7799215405607713,-0.044979534072377536,-0.008310241623697978,0.2305349202273257,0.1500820663426765,-0.05450633329344756,-0.003416462817492527,0.5366021367501352,0.16489181784423024,0.11778913662155399,0.03246377903481612,0.21524835980536872,-0.03199533300164714,0.18261998074095387,-0.14273182492077696,,0.31285709169978015,0.1428060730561731,-0.05796684247498107,0.16616265098499827,0.6180256258488104,0.47106112007243994,0.09093098047642001,0.08307023254652757,-0.09239765321202964,0.2889643094987704,0.2979263814073474,0.020759024771040524,0.07328821765615401,0.0490732436804,0.2021815190050935,0.22894234119122236,0.16988693446083736,0.3898100347076656,0.25074655663704815,0.36919589043763845,0.2367046933757233,0.20774242562588086,0.11795937294603642,0.1159884207713402,0.1881907794820643,0.07822699606158245,0.14191336894153106,0.10919186367380296,0.3086901304467087,0.004206472810134532,0.19184530847401216,-0.003178065538980035,0.002891335062745748,0.2074263211754599,0.01847151506530853,0.5078459536438922,0.26664059592301226,0.5020534351369266,0.007502819023821994,0.5013427025728558,0.7200647526360877,0.001960291809953274,0.19729538471310626,0.3266230347621002,0.296841625695635,0.011063053729002847,,0.3501302863303184,0.0816387052023424,0.07637256357469546,-0.0015465368915730249,0.25259572443965084,0.21930544030932708,,0.2246896013113029,0.4680927673534565,0.1420859396906824,0.1730124887526261,0.398455227243838,0.4635870147057255,0.3631373134797191,0.3830184646649424,0.4910971688603072,0.2360090958004728,0.016406702953614793,0.30636968638534756,0.4444791872707907,0.22437910646834003,0.1071663096613451,0.3402429815576078,0.22361125488018296,0.2663694462796924,0.23495685007168343,0.43759289762544284,0.10278214223411708,0.10253732833530638,0.5811356835107213,0.46247214345821175,0.11411581530277481,0.4293396870815882,0.24249133270371703,0.21577011749887332,-0.11197877939322987,0.4410534633385046,0.22803188884321068,0.4157938874734197,0.28620470062936754,0.5749298454694862,,0.0998221350626145,0.3110002825395519,0.09243712598362275,0.22309054178708254,0.3499279286878556,0.4291560143509312,0.20605284113871636,0.22964172232731994,0.33917365057122906,0.11907788480771542,0.36283861481751445,0.2976458306918386,0.2965723144729726,0.21287928808570822,0.2846255206217696,0.1538361608783616,0.23835437365015655,0.19230538659460894,0.39123480739414296,-0.044570868955375764,0.12025593248431998,0.32908572384421886,0.21197411020269996,0.1260222852250399
2011-04-30,0.33482680140671994,-0.01525943738174873,0.2721424857259145,-0.013095197818174698,0.15851472555924562,-0.05181911016189977,-0.0673527653722713,0.31385852940638403,0.5242895249291388,-0.2500753814334994,0.08610386043399965,0.6630786063244334,0.2573049486409009,0.560514013569775,-0.36093327228392047,0.3663560769444243,0.23383377185152754,0.11614996344017214,0.10252216652691915,0.08396439439550396,0.287636967601705,0.46753343789895974,-0.044712552471791955,0.08679399357395812,0.2790643439269167,0.2384048195968682,0.062252961341895396,0.016944873553591755,0.11270872958489675,-0.015871058362986634,-0.15027382857599125,0.10151602437276352,1.404246777564179,0.1750479432786589,0.29946671008790804,0.0179229820964113,0.01388555855987561,0.39891431719815795,0.4426894583110199,0.1552795329539114,0.004884375804957264,,0.34600191447317985,0.5123315817985443,-0.17821878760969823,-0.03367294164736523,-0.00596056766465658,0.2733802695320289,0.3518444622466288,0.22128653671074905,0.261151525244236,0.20418138898218974,-0.006809253114116398,0.045162746394965314,0.9326082281198109,0.12149007295276304,0.04505813046846607,0.24409668812979102,0.38243218947800806,-0.0202894511387528,-0.06886255736006275,0.6477272208056568,0.1430346009351955,0.058872147785264506,0.3020051935624246,0.14712474627662075,0.045279251796759956,0.09377465226117154,0.0695038750075272,,0.29092851777692474,0.05924723304470092,-0.07516088969499424,0.0799854345061024,0.42418945325677915,0.39763186442193077,0.39563817039473004,0.09994322208070372,-0.08207689118364891,0.2623348495489566,0.30898533419402896,-0.09084273968722556,0.22673821097892066,0.055606755247949335,0.19619928042164925,0.11746187943374986,0.12766513197975615,0.3435660398782101,0.18163414759815755,0.7602818128158844,0.09653053089390706,0.1438640878459776,0.2039475014069132,0.07166005826038102,0.08718332356709446,-0.0018433976205322056,0.2362651467438357,0.05961066023250727,0.08904759575633747,-0.0002982329138329076,0.3786826788981317,-0.030936733263618232,0.09686936061099383,0.20247861529436784,0.13049822243996467,0.5926437194225305,0.1824459301876713,0.4173516646668536,0.00826061016869506,0.4756271379285355,0.6880092831699911,-0.005521629575118703,0.1451613367588236,0.21468892346394863,0.5021299296376565,0.022515199314454337,,0.167523464368051,0.11151186453452588,0.09777738356854115,-0.015533344092504509,-0.02539028250912434,0.23283898491117982,,0.011814028900434259,0.3998125792403946,0.06057460523742986,0.14144132699240908,0.3894133043784753,0.42345792442328434,0.28493121662565146,0.44154165410801616,0.32263992970466715,0.1100166144519219,-0.10534838633472687,0.3156837948371942,0.44840413421114245,0.23774745893179672,0.11762299571889967,0.22997836254757376,0.23496949724706973,0.26978596542476607,0.29222835812871084,0.19281174845589066,0.07565580413229167,0.1241745942009389,0.4018296738614775,0.21795091818902845,0.029241373065782117,0.3752686407578709,0.30529841507194,0.0618914614457855,-0.09488347432342814,0.28367588183846704,0.1718110918367517,0.21600837581709387,0.34433132344066064,0.6438604312832907,,-0.010605277379306943,0.19954850262849888,-0.01740801856506735,0.20040935341629806,0.23898839787755333,0.23162667322112118,0.2009469888505253,0.20711215591816456,0.35125903820373683,0.14447282307017684,0.32523863041012313,0.25814407525058347,0.31470525904848246,0.17472188004284317,0.2154319592846594,0.15366924805189308,0.17680545380557033,0.19935165874341365,0.39289689652950033,0.07831161062397718,0.10778533032986393,0.26854195425105876,0.13105394960224293,0.19701063822859943
2011-05-31,0.3630097150413145,0.13452284360581124,0.5502803123255162,0.045822859167758745,0.23433601409639215,0.061843722931005374,0.09791436304020329,0.5607364986970402,0.62884119665201,-0.21741326621470014,0.18072288374879553,0.939706603671328,0.40206587245250014,0.6017563143706699,-0.24087352571677634,0.5195155978851924,0.39430139563124866,0.12040026313126218,0.053964131397659765,0.13056103695612498,0.38007940575352106,0.5545601099859061,0.15807541630647637,0.1635244214173579,0.3525340802812471,0.40029332103825443,0.17558753278567552,0.3709722799238204,0.1988063032633638,0.11472746576936932,0.022222912716067356,0.17849265789441637,1.0932974772352062,0.522070016726816,0.6050582880952171,0.12906071628025195,0.09592457743525662,0.6465222126268271,0.6252342233442845,0.35201153252420836,0.15232424137898493,,0.47923622709440017,0.7174311898853389,0.08425078231428151,0.022207159845569757,0.10752538825317859,0.4825903507764293,0.4089278332546502,0.37269398567732215,0.3402647698065471,0.4180695221031909,0.25246723850426256,0.26550268862357096,1.8615293876648682,0.19817333720670116,0.23801645206368027,0.3991378100644345,0.40045228283434087,0.10993517842842127,-0.0503120795712948,0.7196195904702887,0.21737293744884,0.13231054200665016,0.502412181579794,0.3328049227144405,0.15244612664455914,0.28685791565826313,0.08129162524475797,,0.45946501775124626,0.036337919814596775,0.08343401027808972,0.29238333056038424,0.4559261764459439,0.2760174297568885,0.9330370384231079,0.2193539417980075,0.09227541932903383,0.434010491846494,0.40958714071350855,-0.028068266354957627,0.24532468493236714,0.1913080057374681,0.34745241166868523,0.19610710180977153,0.20077803565203167,0.4608261458705709,0.30672170855338643,0.7864894019591857,0.08947778870326317,0.25366983721933933,0.4875790135082716,0.12641494315329616,0.1909998354886593,0.08947924903453153,0.5915004045740635,0.2897465068691456,0.06143899436017297,0.12784073732030032,1.0588235483359862,0.08018329306740157,0.2716891500959224,0.32974923319513305,0.21542521904921008,0.6566744841033512,0.3037532636616065,0.5811965850669814,0.2222897113532638,0.5620481367544119,0.7088858057258505,0.13423908854889333,0.3188406017093155,0.3684621282809837,0.6116921476571056,0.10067621835516438,,0.28763437925243873,0.13534440125884073,0.22422428683894702,0.15170998469597285,0.06138379211814837,0.19861286973136827,,0.15395887565495547,0.6299627560056704,0.1948390135812177,0.3109879819042678,0.5518787905339742,0.4994616655672004,0.42283098584465284,0.4171910691938443,0.6133494192719531,0.34393760064200896,-0.08671375418704497,0.36316291300174863,0.5260399656350627,0.3029633669027083,0.24759447624847386,0.33687798120571966,0.54233597496589,0.29064843142482144,0.49792622150540367,0.33437575799464714,0.33718075403074943,0.15744006120317722,0.5644088909800966,0.42728648396041113,0.10178495988530334,0.4380565994408956,0.6062584939200535,0.08489690149355478,0.09401111447710564,0.3636710379283101,0.3643944569262021,0.336036481285366,0.4686672290830476,1.0480798209709405,,0.08114991691919937,0.2763182804257429,0.09945018306866693,0.41086094027689013,0.3772788071044506,0.3171740919397952,0.2443739196521677,0.4319111119830985,0.7184496643787925,0.25802803746032055,0.6587072156569125,0.3918284977421391,0.48264250748989435,0.30278585085078413,0.3481526209975423,0.35197531915732383,0.2857652282403007,0.32296076356358494,0.5090096048021393,0.12153343333840749,0.23350491789054106,0.2650269587897016,0.14653644577903013,0.3458007129934968
2011-06-30,0.38285678276294144,0.15809416431777823,0.5118036445708254,0.3102535250948768,0.17212092577198734,0.18579236360943052,0.1509505152642885,0.8002014709069534,0.6128818203550472,-0.1803314931669313,-0.00778018230126043,0.7986160961102104,0.5232431210368631,0.7741786929595775,-0.20887639485809695,0.5978860478204922,0.4709316820684952,0.18894262930549455,0.08219113204089878,0.32254229864776174,0.3926323029159373,0.552200177182774,0.18063396692076905,0.19202890222160351,0.3621868472891985,0.41396773881779625,0.2117097440811282,0.4424426560414856,0.27665176911575684,0.08578390093906063,0.11317814871570375,0.2235801386608467,1.4924063688454945,0.9627818028351824,0.6063970594619499,0.19351038710931556,0.15232353398012655,0.6169432673537243,0.8130065198977425,0.38265933815016506,0.3343527750764026,0.2647917095786243,0.5416273810697836,0.7406450790662011,0.15439604987287447,0.12102857389751742,0.17772045733755837,0.49859445831616234,0.5160188775528622,0.4013686528906477,0.4245679777498359,0.49338541121614177,0.3164762413878577,0.2726357438184772,1.9182625565282825,0.4626519016085082,0.23793096417621196,0.3672755887327679,0.6077251645069899,0.14198176495679027,0.02797352194870295,0.5648376272801172,0.23639060150208513,0.234521693922495,0.603491306857453,0.2796658552879303,0.341284235996975,0.3924595411112728,0.21761964517951138,,0.5642677108062428,0.06741589311996976,0.10576009243455342,0.41647877738878347,0.5865157058522124,0.23462975545981557,1.0358652983500263,0.2838323648417571,0.15023596735284794,0.4048148036344976,0.4663431187765832,0.048854965386735394,0.20141343813888346,0.3692054420025568,0.41534217713649,0.21333660558931533,0.23997426425482082,0.6363644465530549,0.3776515452756466,1.6890680309841448,0.29352546250981115,0.2646358394184871,0.5513927279978119,0.25822846272092526,0.2807874948408473,0.1555312437901919,0.6410334095577062,0.14520186396754875,-0.0023538940226951466,0.12256147816532481,0.9964173199955333,0.1550674287006335,0.19594678308019708,0.35425768049252215,0.39478487519889316,0.5189775735447699,0.33604271079768533,0.36418684129135737,0.6951386492580347,0.6213273453934036,0.5838984985503368,0.15876203755957752,0.48015845678487246,0.36031405240406844,0.8095718637356535,0.2915713414648924,,0.2926108250958215,0.16250727528233466,0.2833228849167,0.21334368105962365,0.2736819057795721,0.28506434232811473,,0.26377217782438045,0.7034976774716204,0.29662259130696067,0.2721945230234981,0.6267880411867661,0.5003753049843869,0.5515045416988646,0.5400100624033339,0.5680615537895244,0.4058897871526064,0.026695755741283023,0.45428146546511083,0.5435268865265237,0.3364517078146596,0.2884558750338333,0.44620325050726506,0.7541330708912897,0.246741481612617,0.48835615141217814,0.459845920254079,0.4386634683604176,0.11137962933616952,0.5479335185790997,0.6168454274264599,0.11497830471986492,0.38915619591582806,0.5894949760393124,0.11626191961304766,0.2484612455462596,0.5185370263376776,0.5300835469759215,0.44967926593977925,0.47645588820495854,1.0615616551240659,,0.20507323034743608,0.38912640952925837,-0.07659467812134269,0.4169872838572035,0.5051450423088903,0.40898940162018693,0.24028047855713952,0.5233385194351468,0.7455873172394245,0.3018009322361326,0.7999873430555418,0.4194907048956411,0.49152904167687606,0.30637152959659475,0.33268841877515465,0.4146122475702705,0.35432481150735184,0.3472798607721945,0.5090392726068911,0.17602870053049435,0.3697160862657429,0.3243187728515713,0.20145683297555106,0.38042490135733553
2011-07-31,0.3048393498571218,0.10141059812172637,0.5518722392012962,0.09505576305203967,0.12725730885433628,-0.06675567627225121,0.07005372653568798,0.7345831005571901,0.7601145952555952,-0.2168038237502684,-0.009344640697232065,0.5483539146566945,0.4506045610384526,0.5056091124929285,-0.32099373701173584,0.39473860794499793,0.381905470863972,0.044405460331157,-0.10922217513055954,0.30974909034951814,0.36004081439036417,0.30465391313289514,0.18661318900841906,0.024391141817242445,0.25678031948617064,0.2735779552712647,0.11208167137268155,0.43739905533263257,0.24709673110899688,0.06954389167085506,0.03169902232933142,0.14195216764628782,1.5615794083167072,0.7344929922164665,0.39943605064612875,0.11791957375637852,0.06391061775639284,0.3640510708119762,0.5154929882742141,0.2729260691412856,0.4353540507103606,0.4608830953795058,0.34553539891578566,0.7163493653307582,0.15743396805234555,0.02361051766776545,0.06428112041549516,0.3971739699141432,0.3515215547101709,0.315732827054797,0.37523723332644776,0.3486319926630399,0.17731263024772992,0.11038781373714324,1.2813279418617851,0.251330866934105,0.23392856519441207,0.2671974965795938,0.6735163256068073,0.12998049481601304,0.06478964894025063,0.257980412662282,0.16179274098954943,0.16829403586507818,0.563906950686891,0.16372517498812766,0.1555950376790629,0.2059798824990513,0.24279649851863838,,0.42543971662072444,0.18074206169405072,0.1332033034763036,0.3330039683414372,0.31175417176618914,0.04953772436076642,0.6547454280836309,0.2503096879386073,0.0616516121635986,0.35746274378502285,0.2658958413265644,-0.14256214698637126,0.02747259976756511,0.35018213380372876,0.36383566662244404,0.09286178888320462,0.1671500838666029,0.48830296366749404,0.1992882209147504,1.3443572783511688,0.23577862924712623,0.1852482841978913,0.40373221403781523,0.2760708767468072,0.28209232400239515,0.08229758087109529,0.544563336724553,-0.029665214846531285,-0.08116717441080001,0.11110463167631668,0.9133857574307238,0.03322567391975273,0.21929914877574452,0.22596175720426137,0.2704531328104465,0.3442087036400865,0.17147621504406318,0.29838709401759056,0.48148173233240277,0.34651988027724356,0.5083044904597258,0.07671557009593899,0.07987480765719557,0.5088893487368462,0.5248896587966918,0.24779235402749689,,0.32039488155183515,0.082730352750928,0.19208084958258675,0.03432963511346254,0.05556337701316583,0.34558210960679103,,0.23984887730672377,0.6326251454305496,0.21806183756913033,0.1311255539752454,0.46692547911345317,0.3383161202214837,0.5390447856173419,0.6164447824151229,0.4660563102862434,0.22039850020036011,-0.0683512650683884,0.2218350099173052,0.5188271752773355,0.2246092948857783,0.13833042710528543,0.3582150243254525,0.8299322708361345,0.13170455525011615,0.29598587113011376,0.2603430654811898,0.34414410482375324,0.03239681221448576,0.39884428437487873,0.44720211705705326,0.01872021673144686,0.2722427132851448,0.5432807337090215,0.07729248464257665,0.08031256806987219,0.3459853762519791,0.46136941149408095,0.33299378833551785,0.38627042258239497,0.7225276597603008,,0.13939671571623014,0.2314347912630499,-0.023234369456370807,0.35941066885456197,0.34114021491988544,0.19160908120536635,0.08455310899681168,0.49220686407644587,0.5949533912539564,0.19987417474481473,0.60474585321897,0.28987468320576637,0.3786442715576437,0.18437232792859026,0.17121448966770925,0.26351792415337916,0.21612556867143073,0.19730745511746917,0.343157146644536,0.07507768482418964,0.2612718742158058,0.1242081326988076,0.12368405147781791,0.2882506516422756
2011-08-31,0.606252477796067,0.07825170357751277,0.6451634497254917,0.00036095022591409176,0.20700620411940385,0.3083778926739029,0.07170820935499433,0.7825844077799289,0.6821632360626915,-0.21814090884809445,-0.05851739885483542,0.5445085874540891,0.3973262580277852,0.3169820979272211,-0.19525791967567918,0.43785821093735233,0.3540453675215409,0.3414736824501916,-0.007495511340735006,0.28351484822933415,0.4959908796670107,0.09265343801116699,0.16644052512121577,0.128137044488152,0.2527239856038732,0.22894895225778655,0.18720664903463247,0.5324121796896606,0.21167204997910027,0.013793518985227404,0.18930831408491322,0.058963907790816616,1.119104181405978,0.48231496152972486,0.4100218013301924,0.028054682368662265,0.06343788698399866,0.44487976618386416,0.44619792880995623,0.29116296555694476,0.4266379521976582,0.446098258785931,0.3133758066695791,0.5853402818559545,0.2473812519198071,0.19800813684909424,0.07152289025055159,0.3732591872444375,0.2563177758370523,0.3746095768915476,0.3449303541486852,0.22745604995245006,0.27584197492095885,0.1726683029108509,0.8445518731145152,0.282608233862331,0.3795760632894285,0.280124659406916,0.5461154267510682,0.17439481879823004,0.1864120189734777,0.2624259350405873,0.12643852283585155,0.06909486989295388,0.36977113452745325,0.07139340912873049,0.1195211818037496,0.2749417394320752,0.3308194341350592,,0.38380408458144677,0.29028883831680274,0.5113382455745363,0.2389358086450355,0.44672793484327933,0.13209644578534574,0.7036026588737252,0.19158770095019761,0.17518489227404976,0.28165524571205536,0.2515864878070957,-0.09171584770605246,0.14086678265690278,0.2656198861500312,0.4352775400849864,0.042956495251018634,0.06566453076088496,0.5523486137248266,0.25968970297536464,1.4140131195644368,0.11141395776472085,0.1308783420714097,0.5335529355881694,0.2739529294622338,0.4070033078372626,0.2704146739442894,0.5568897770125734,-0.009085770892715006,0.019747848579644733,0.02469916328810906,0.8934945016952363,0.05178714494353742,0.1529972481347608,0.26615929884260825,0.299633664390752,0.21281020824089025,0.1998287110645367,0.15944405853860588,0.46093229547446324,0.40692128936399397,0.23936081657975916,0.1235970733290388,0.08148805611690202,0.522443612347643,0.5241220337671542,0.2508318261841562,,0.5006332866739793,0.058586932936399716,0.2777619672229368,-0.031288899502175616,0.023756339053035536,0.4078968698226997,,0.3067850267513583,0.7544807829063824,0.181523725714539,0.057501304442539425,0.3507606161400101,0.41315132852450254,0.5394378487950038,0.7652573336306043,0.7089703568611572,0.22388934228129376,0.02077260428006067,0.1594402960679393,0.6027597198366978,0.1979045189461055,-0.01320997483019537,0.2921046270897878,0.5632186150462988,0.12099866363729572,0.38397253731688896,0.31554886783863445,0.3207318746179757,0.05544755484491515,0.4230859660624551,0.5176785796156613,0.07658715520822379,0.31704463143664374,0.4098144233264822,0.1815378868643065,0.14537879350671856,0.38741857742685704,0.9760655618400293,0.3743192454154167,0.41600803513813633,0.951913461523346,,0.08540765993522048,0.3038195529830785,-0.0825114067945617,0.3679790191067507,0.3624339978281226,0.3202301367768643,0.12103019824765138,0.45224716994154734,0.7770433350254173,0.08370861405180285,0.6799390748163445,0.13005950881064354,0.3545356121562586,0.13169410918174895,0.4032828637148944,0.4799624541938994,0.17557345420022652,0.22836416845021112,0.30425000838965643,0.08294044692151692,0.2946046209656743,0.0729685034915224,0.044587274535831334,0.22268227104578964
2011-09-30,0.3562286034772857,0.04200894226651042,0.28412041966048385,-0.03479922985418604,-0.008177237568415374,-0.0393811820745984,0.010746935283934,0.3703680292623661,0.48251912488156545,-0.37401462510933525,-0.11707789392170342,0.17824444027069997,0.23264226323666493,0.15160989754067233,-0.27924186695474806,0.25876692828323145,0.1293909434883438,0.02885172003306935,-0.18814566400714283,0.08509232684863832,0.3037951339518705,0.12599853863114618,0.09988726562263794,0.0007472084248032473,0.22981034803095768,0.1073980128908778,0.0845481705713238,0.4754109710572967,0.2504853335635182,-0.07061034735620564,0.11347977251948538,0.08477151306458941,0.44924803962948023,0.13955546254082019,0.05278348870813554,-0.00036078712282539005,0.09580434749467415,0.2755188662263337,0.15812659987006272,0.066525779540898,0.14724305426615758,0.21215037328385544,-0.018558116225571575,0.36633837368135835,0.1924712021834183,0.05382031879876714,0.020322051944107855,0.22674502940214336,0.07965455388346965,0.21643853866818175,0.21023700287961256,0.00644755922852136,0.20229184078547746,0.02906961630070648,0.5423438430629204,-0.004554921376097587,0.1060359026480564,0.12657333093357304,0.3075194791039466,0.20299475181970283,0.039510839869284275,0.17342581749523855,0.12671133320468853,0.06732007649850358,0.1254074645602552,-0.09299672860979535,-0.07536964231598187,0.02698202807683514,0.11991010053709306,,0.1156406274332793,0.12633669972208117,0.34401214637039423,0.008637795597146614,0.07012744368425872,-0.1120668675958092,0.25380183843389803,0.16567656469717562,0.07072124987633188,0.2702311303933429,0.1831974937698928,-0.2853294757892666,-0.18030517604122775,0.029523803139016813,0.16436745389003593,0.07235925807759291,-0.014658503572996695,0.0662563687076112,0.30571350572267253,1.1543794043198714,0.02672785588504123,0.1654611260901968,0.3067667160223637,-0.014943452751635555,0.24052126466578372,0.08607363803891244,0.3095169469886181,-0.2524960558521031,-0.21899605787413912,-0.1444263078798126,0.6785459504832982,-0.1961536551320051,0.13818375660207138,0.16942152354678885,0.18139975040678658,-0.015821489263350585,0.04025836654644954,-0.09001516717253966,0.37264484934173026,0.06945328465558043,0.1252796057839003,0.06521904211958307,-0.09150310784224869,0.28882020475262826,0.1430101372461865,0.04633131222722131,,0.2926117498606884,0.09790885645885838,0.1079050142822564,-0.0741251878891862,-0.17391363308850138,0.3068336077394602,,0.09301697811681575,0.6281080160142369,0.02240616295814979,-0.20511743418835515,0.06573104246995176,0.18702455311366317,0.4162396649474509,0.5349127861808558,0.28292225686768613,0.1175807260775441,-0.01324921512958166,-0.056105383699143196,0.3087082451620169,0.13937212635890717,-0.05028837205687786,0.2041224098365213,0.10488518575948613,0.05072167428923624,0.059685205353945836,0.34219455289668366,0.1086067171544709,-0.016307861313376693,0.2284444202588054,0.428809891368529,0.0008784859550736712,0.054230517312412685,0.2651644005718281,0.002164239106186683,-0.08119190189444758,0.31369988310083463,0.6895238992486006,0.34549813465959667,0.11570654920847168,0.3527189345352091,,-0.08797495446638604,0.2756404623840185,0.006175551937924961,0.12240207836095407,0.3047374857941696,0.30603308566453147,0.07384647705423197,0.12842616733618795,0.4467667067385168,0.10952165285461901,0.09208614260982961,0.14222963067013827,0.306329494899781,0.14130572165110244,0.2911750086099041,0.2866541114269159,0.16589688313207174,0.11610471203648665,0.0806957552660108,0.10388819236196012,0.08582931256389625,-0.16178885787982056,-0.022192206117333968,0.19600309111706937
2011-10-31,0.2669282267465962,0.024521140766206928,0.18783276700036544,-0.14138542082311156,-0.14153384032202942,-0.3079019321389277,-0.03374947302504561,0.30866054909890095,0.3423208334581853,-0.4635127287309806,-0.10708895053436451,-0.04820826706566994,0.3200415318029586,-0.015421701046850367,-0.3170007553140356,0.15704397527240443,-0.031050055409783672,-0.1607625721566074,-0.4073606414505827,0.09548588081155773,0.23887552476196983,-0.01125452115243708,0.03488741079968438,-0.18935975091507162,0.13318544442563707,0.043954679580011424,0.10932375162401975,0.32341375227619085,0.1637452100536445,-0.05801186439377226,-0.043265616720563616,0.020932483552949188,-0.3474101388691908,0.0407654724589297,-0.01671811643551646,-0.02284796867929384,0.017806724642483118,0.11215494451323571,0.09370928150861557,-0.037199581141523,-0.015168874020438983,0.11675829652869263,-0.08813341275397657,0.2959846303389595,0.10512127702302276,-0.06125304398016185,-0.016369738285478497,0.11862144736127167,-0.04771324064908611,0.09120723913408346,0.06578848800820691,-0.07815264970267866,0.09571072973334838,-0.1227212065229073,0.1928027000472814,-0.10957097488271972,-0.07511737544643782,0.04233093195051407,0.19393133727579137,0.17363353313076413,-0.1330236897064142,-0.14314387554909613,0.15835723202994045,0.004971467563845922,0.21463956118391092,-0.227936324545011,-0.22383898564008553,-0.01856950311173733,-0.02193097464177851,,-0.044312708915342114,0.029511243068695014,0.3853584044024698,-0.06448609065885902,0.1014868046998414,-0.1705612464386762,0.14316050592455976,0.07785510580531074,-0.039104493567363785,0.08609528998858851,0.1197053500062788,-0.45362118304450005,-0.3898304563279229,-0.056941228118709386,0.015985116321792114,-0.015031058853920087,-0.10011291087075869,-0.10840260210002806,0.1583715210431258,1.2290312021987333,0.03743921782196158,0.16011261811576682,0.11721038762699143,-0.03514391286002261,0.22523501761434228,-0.010781795999446286,0.1608355083582209,-0.35918978595283957,-0.37009273195756764,-0.20041183494115433,0.4854090716920989,-0.24888564483242492,0.209917349457301,0.06795408412432957,0.04257008796045114,-0.038195781721983235,-0.15610609973803158,-0.12980420353913447,0.2918514977076736,-0.1791409393105624,0.11531842993005159,0.09800472229499446,-0.31564045862193624,0.3240707868229997,-0.3365602911712421,-0.14915492235798422,,0.15026688248505526,0.16970599849420687,0.016706372300679728,-0.22608620297797932,-0.25677521226519107,0.11296195823443367,,0.06523017776361995,0.3578638200051505,-0.02075832375916653,-0.3289417995359515,-0.16143869112738973,-0.0034887129010620077,0.3489694744677281,0.32585707468673974,-0.1352978448946044,-0.08768340865003799,-0.036428277040273294,-0.27863795791230817,-0.0009483739848069606,-0.030630036204261746,-0.053824370756311746,0.011277512749370944,-0.10201182569004075,0.042433121693891795,-0.20282799441779886,0.10551311968391874,0.0016551963356679078,-0.056818211070327695,0.09510730579377658,0.15298719766530589,-0.03400159712072348,-0.13975560013294386,-0.012391110938301586,-0.2546619720944193,0.05448714003511612,0.09582700574470682,0.45152178682417365,0.09928926493246482,-0.047058019217113056,-0.034191432117156695,,-0.08029245017142428,0.01582320917022062,0.048766920997378005,-0.07353168187543913,0.17951789149350073,0.008437246882959437,-0.03688563953444657,0.018346157571034416,0.15914108457602527,0.08382993475900435,-0.18456039681318925,0.12497410862373659,0.19071863189667893,0.09730368335979489,0.2470455071301385,-0.05202426520832559,0.09418342644206268,-0.019378865907395793,-0.053673880679803165,0.11959160061144969,-0.07220080291968889,-0.26205193821708495,-0.12775958257974396,0.13776205649628048
2011-11-30,0.30091580652104,0.201769474472284,0.41914437897561485,0.05791369260921586,0.008641574058539936,-0.20027435470326926,0.09285433083086958,0.21727472734920306,0.30752336982549155,-0.3739337279440629,-0.02284136154434724,0.1374909134185065,0.24225631242737933,-0.04345637799803781,-0.021944770220541865,0.3278134729272788,0.11988334731515238,0.06645547557966025,-0.29295316493595946,0.21100403674919121,0.3219332163115065,0.1994257346609778,0.07424364714374754,-0.050440774675201694,0.10473885313720976,0.12666022697165058,0.15006605175684884,0.4681655705714789,0.2125803346595856,0.04689095126717069,0.0741553514369091,0.1478604604969893,-0.6013600927338164,0.08743571949644835,0.2201681056145759,0.0040291464781774255,0.08180372814683268,0.28116444110160077,0.11492611193191338,0.05390916715574412,-0.011600263419150436,-0.16869509746094313,-0.016874263016769753,0.33117728882690134,0.2699537659034956,-0.0360655487428313,0.07657005130431882,0.14243968069905977,0.05517357509729193,0.20891546192084087,0.17613645602235328,0.024704204638515748,0.18992567106439928,0.05022574115762879,0.288466008461824,-0.004202683265480345,-0.08255454883332358,0.26007889219880687,0.20567300424535917,0.21258178645305703,-0.025070276027277627,0.03552215752693777,0.2114524843241441,0.1416762081813634,0.24979602932518463,-0.10887705488837196,-0.09784775496236697,0.09044274033273458,0.1413697117994741,,0.07405904055999812,0.15244008756804917,0.6668332784738844,0.04883457401330227,0.311068540510671,-0.05308361699425035,0.3385979155079406,0.20461730091367558,0.06321236449813261,0.2577460475749307,0.21868944461432993,-0.27244907716266287,-0.23108663400996643,0.06178537777773685,0.2516971439165476,0.02768352698521337,0.0020558818143601165,0.056698379430710766,0.37891482110401253,0.9188063386887333,0.13031714567630237,0.18754099414019665,0.2557025437203351,-0.0309244977555172,0.3054797800816249,0.09435809458070321,0.19498940163602496,-0.1077250290168068,-0.2791066373387705,-0.0750725651014651,0.8189776206021557,-0.1966989835142232,0.31134375670571557,0.23023649800276957,0.11738298971854677,0.11957526881257619,-0.03419567587026395,-0.13209218141760481,0.5660634340852393,-0.05105833262184856,0.13652795822044395,0.1710168626068349,-0.2672520691524324,0.45173222886328834,-0.1735269556642577,-0.0022768953857879026,-0.24415213097491528,0.12116491029787668,0.17519524070309167,-0.0020775842705317293,-0.13143553880521708,-0.1897560359796674,0.28548752793505305,,0.1349100422854641,0.524213862902895,0.06314273579364538,-0.1853472848160338,0.029880013801193428,0.12629540389126248,0.36740923898751365,0.3997792944299645,-0.041497849284547805,-0.018923032111399896,-0.023259689994259203,-0.23352165096664523,0.2705096871919377,0.18853000757103144,-0.011004357463575642,0.09147179133370709,0.05853781622412013,0.08957912709752991,-0.0695221792875198,0.24867170612624334,0.06641676142453812,-0.0043329591403200585,0.20064793312986384,0.2285735267870299,0.2414155421255899,-0.0714512884045142,0.09231289042233182,0.012121674704052898,0.23724185978700252,0.20621250625765986,0.5887608599591898,0.332357750302255,0.02107965270814205,-0.004576186731129139,,-0.0539598941555709,0.05802118012161439,0.15182917332812185,0.07397612300346434,0.33222847639464326,0.15513629696091424,0.13261243981556858,0.042279171118470016,0.35220310738071126,0.17115626174580245,-0.003133132771326985,0.19687553100811073,0.27787786895912636,0.149917808580871,0.4408165039272831,0.13801554412782902,0.17279450688861142,0.04541546545726716,0.13069688919363398,0.21789783426923304,0.13895084029203764,-0.21682733655887199,-0.016855074834800976,0.26487231469922623
2011-12-31,0.1848960584341488,0.18137837426661085,0.21881348508583365,-0.1091618107666048,-0.2135974556001362,-0.3044009969510404,0.0657872893498801,0.06827778286404085,0.06184732113163727,-0.5902530554404255,-0.016851809559799813,0.06465826395972463,0.19517069480205107,-0.10287881987690273,-0.06817711234671642,0.16233025756708064,0.02701918916823587,0.00912512296151502,-0.4233098372414029,0.15212191635938344,0.3026676356367817,0.08338431779453437,0.08448434036497976,-0.2540936641015953,0.05172321656791179,0.08463210571253632,0.140044408191075,0.6749336564959687,0.28204806914247027,0.026608988494510877,-0.05913295340852476,0.1097477866638421,-0.6327262936653892,0.014935135549528411,0.008797126377126263,0.010513931420887523,0.03629017836567261,0.3441985601065116,0.12453073438589835,-0.0040871892777837315,-0.1464956640695687,0.22944087633480104,-0.05777052747397404,0.3636784221006941,0.3887736348590154,-0.1511616335897945,0.11509726881216809,0.1261951718194838,-0.04922685436134833,0.1278611810611452,0.011273570155821533,-0.060611006615963636,0.13717124914108858,0.07831600274268369,0.21609332637254086,-0.07709147503700342,-0.22060766689882816,0.1353790137179527,0.20760298667705124,0.1693887816344044,-0.21328844188054874,-0.03155589150059124,0.23382031298985329,0.1424867273425252,0.25451827258145543,-0.06055315449931287,-0.10267893437043896,-0.1084330579679843,0.09961338336711378,,0.045011471077484266,0.021569968257102445,0.684616863134303,-0.13139353091992734,0.22704954025781254,-0.21263048198774104,0.3288455247938311,0.1775170416336933,0.00791940800352231,0.1375745899025287,0.2185458955757189,-0.4516464890370563,-0.2531172151125375,0.008338249440300594,0.23129328822845552,0.03717905941214483,-0.03138002979502419,-0.09881141392080539,0.3316915235857534,0.8099296612192406,0.055364214489125096,0.2041318331550901,0.20196093085183242,-0.08178108290254904,0.40882695639375366,-0.024436957250347224,-0.17242361457769784,-0.20966445333204076,-0.5122875720337818,-0.13364335547025652,0.7143921210489583,-0.3434835771584531,0.29464752217647905,0.05385189245722155,0.10736085526315797,-0.08104804184633763,-0.04425507286397812,-0.4124541624985625,0.4157511917954959,-0.09018616333673024,-0.1832013785005946,0.11823520229418549,-0.36867146718569965,0.41810172034260873,-0.32025594770642773,-0.04367978235294434,-0.4224092641437437,0.0862467656085153,0.1702828828771743,0.0563714476970405,-0.19418018813713933,-0.20838995804946603,0.1666784004398858,,0.1382833423575227,0.5471628469232448,-0.019383214499077872,-0.28267147347808164,-0.023762427594363644,0.12086980162993632,0.42459098858476385,0.37372169175641723,-0.0864335102053021,-0.1209936165954143,-0.10464751174474274,-0.2911145494415154,-0.02500488961956704,0.11441632354860376,-0.11685111277567073,0.16577304510380375,-0.09485890438555789,0.1425250281772843,-0.1615731739435018,0.1340384616445771,-0.0919595143252997,-0.03445114373911251,0.0862721269205835,0.0968383212684889,0.2760456908635778,-0.16064154393871688,0.06324104813848752,0.14247891385981215,0.23086346171157301,0.08144666060038408,0.4053129391441037,0.19236171198364072,0.05637676598810537,-0.09102848069071123,,-0.021936050063734447,-0.06056562473563998,0.13418037212317024,0.022954992043128897,0.2859115932879728,0.03239583285965697,0.038402760901994126,0.029468548996353094,0.33057032776487394,0.2487416774516351,-0.013342924996106231,0.1740537700712661,0.2911758304347154,0.1394207447337159,0.37755646808775944,0.07936897331548654,0.19873355522449754,0.02910711252856424,0.07165200688035811,0.18545087348950862,0.10854062819308496,-0.29020450869414305,-0.0011237311476041123,0.1300799847236902
2012-01-31,0.19356398824529109,0.2800353618379492,0.055086835999164974,-0.14462931587413874,-0.30036923643566094,-0.31034480868659675,0.17787237746127005,0.020396059285664014,0.017779971979639653,-0.5931100596980354,-0.06666662933629586,-0.05301183581995628,0.17344044753692933,-0.21434101731676802,-0.13548742859448515,0.15617330703533372,0.023175124996350105,0.07585445685074532,-0.4408814754557927,0.17752940400489203,0.15425808205099956,0.12420071759192641,0.1371362417550761,-0.24495337697400943,0.14544018831305583,0.17226120130704792,0.2615104931028145,0.5787581640409072,0.4030886169173631,0.19039736754011272,-0.03895868193164764,0.18513164547660588,-0.6763360151226505,-0.4205686340463346,-0.19472532593533864,0.06423470877736359,0.08295874314478979,0.42931808935662996,0.02626041983218963,-0.07987844289355517,-0.21477249061004644,0.18506199128931478,-0.12995844336226736,0.2507780702868301,0.4651144441738546,-0.13526284144588618,0.09499777589571856,0.07548101016957642,-0.053287376799902364,0.16079249565816012,0.03222566553194084,0.0029075452854521178,0.10021224179830557,0.081532831306522,0.09145433428476446,-0.07234244582002647,-0.23495700028712707,0.15728348083513755,0.000444611345384871,0.22783907667733194,-0.19339353308820917,-0.1318647442792772,0.29677603092145244,0.179673913547292,0.08227105899994447,-0.18664724958110157,-0.06970473008668965,-0.0797045788556986,0.066440775830515,,-0.004499137879424908,0.0004983253863224402,0.43386712044684805,-0.10186399055931505,0.12578239184125195,-0.25796760648868733,0.165168300995149,0.2640743716404099,0.018093497002546588,0.15961723397516803,0.33686177355323976,-0.48172101626421193,-0.4032258677764966,-0.03414185835412875,0.2192460372610805,0.0475955722214878,-0.01514404584298823,-0.11547816241000786,0.272652660979412,0.6457838120349468,0.07247128865295349,0.2899796524469893,0.18239955313560396,-0.12418833032788279,0.38059920407768244,0.02163874119975495,-0.14605298005449852,-0.22865938104588956,-0.4250308882606644,-0.09252948554343265,0.6809225752230084,-0.3522989560027101,0.448085411742573,-0.11811144677101959,0.2634819823278438,-0.11843733045998328,-0.019044876861047277,-0.3401842206841623,0.321359960021087,-0.17082949969253813,-0.16122911638209736,0.07211280844369883,-0.3253917790615446,0.5321484650868895,-0.3055021130217004,-0.10055888325714946,-0.44450545791764307,0.07336126025259793,0.18477263026899737,0.1532813661655008,-0.20595598263462267,-0.20672847183814047,0.04665847536170431,,0.18562400182420968,0.5058123081919972,-0.02955717053633322,-0.31464560447655665,-0.1320503148593568,0.12280694791892466,0.4745908721630048,0.4813187491912567,-0.22267678232634402,0.07544185993329178,-0.04567645994865077,-0.3469919929847358,-0.1598192448094755,0.1757257700118382,-0.10143831014692706,0.28114092246024724,-0.16495333161978276,0.18691089884452428,-0.23800520152429694,0.15949182233603154,-0.11792796346243051,0.062366435142060306,0.05769409439880113,0.16161181404781888,0.28286483435375276,-0.29439017467153017,-0.00098816342409902,-0.06936629429551,0.1467994024035526,0.08254606227819905,0.15537104664953372,0.25098025698724835,0.13954856667278515,-0.22658209235823845,,0.04086004793851128,0.010593115433998435,0.10809088751422147,-0.011917210096447528,0.30989520686312,0.09557540712460066,0.03822642510515872,-0.03063223401737214,0.2563716353001977,0.23102842562094872,-0.07109950634202222,0.18196188191750684,0.3331164908693831,0.18525641731641418,0.27287056135985144,0.061092832926193275,0.22548534912906382,-0.07883730548926393,0.017086845621453683,0.1997331862509686,0.07771707172586884,-0.33892993113822645,-0.03996676669174626,0.23971247988348154
2012-02-29,0.2923758653549393,0.1673262578523096,0.1363315990366083,-0.10289852861045068,-0.2372658521320915,-0.27144408139470466,0.3371486496672045,0.12204972666546832,0.011001325497995262,-0.4986629577793209,-0.10208519886950695,0.07977228183142948,0.10990130416236932,-0.1169576409846963,0.07426578517794047,0.017619788429622307,0.03967574547989683,-0.05427120510507977,-0.3129259390738176,0.22012486738354875,0.20511981648215594,0.07993914687536074,0.10182973317841593,-0.1788634806089432,0.08699128746079565,0.09028934154224788,0.19690162034203906,0.4809845426165371,0.3374620121898253,0.23065564114204995,0.13380022370791478,0.12286340965637166,-0.4183965046713801,-0.3481904290187783,-0.13584957849899315,0.06810946282078456,0.03286178887898483,0.2415832211370188,-0.0006593909645722373,-0.04491181833901392,-0.05231081661111592,0.21682685941941693,-0.07355891468774967,0.23224538041893528,0.385860032863347,-0.08032300065306597,0.21278020273157394,-0.002967599315032654,0.008092349035315305,0.12789313764946786,-0.06893699690734156,-0.01716501205328458,0.1687335802610328,0.04924677989751314,0.16658585783207758,-0.08049560151154955,-0.1675977422958831,0.1260761607271943,0.06658634011110642,0.1864234852164497,-0.21409206026449634,-0.02505409276829329,0.23155412122314556,0.2599659199718194,-0.01802168612412547,-0.11973179284251234,0.022588386894190515,-0.08080384611479452,0.25346338690183035,,0.022240850842120574,-0.10702017596971392,0.4023784588236723,0.00815871579480243,0.07121674809943679,-0.22422599246224473,0.18137480369269143,0.24419013844802073,-0.008306686153145892,0.06854658273417491,0.18662124740371633,-0.36542698118505823,-0.3171608947277412,-0.0105700633114163,0.12006294625926706,0.05998807515799087,-0.006867870818375921,-0.10278622681321514,0.27601078173508053,1.505100882331074,0.20369489681562802,0.2381545655658439,0.21101847919983174,-0.11140641295623199,0.3807353369897535,0.03776958987273615,-0.20827079038699525,-0.16319539608792588,-0.3224504325148059,-0.06408991257001695,0.7244151215934729,-0.3227615950030054,0.3051463935345975,-0.07771638713194473,0.3433654510683435,-0.06660587363460557,-0.09571928091575255,-0.25017086936311184,-0.01170195604415325,-0.09552423792760367,-0.027869270628214537,-0.01111712097092965,-0.17151237493909433,0.5260447290339816,-0.09865111559480244,-0.06602963359386937,-0.28362670571517756,0.08867438430194596,0.13209710169816846,0.052340347808760734,-0.09899866952281222,-0.0585767265290672,0.038533366962557825,,0.1852480589304999,0.3266227526526182,-0.0239557735018624,-0.0910534868491919,-0.082467980827995,0.116425842685834,0.4225190402267116,0.46909511900347645,-0.18743138093890999,0.02854388278207165,-0.016781361040899445,-0.2197879513455575,-0.1398341293765215,0.14312553190277977,-0.024253903020185374,0.28350170026801713,0.009268077391597185,0.18397080538132693,-0.20203768135319922,0.1566395335770061,-0.11037145847339924,0.1501782429161307,-0.09944431748359828,0.1277017180272928,0.2610305630196359,-0.2956316290476113,-0.0569978196729084,-0.048664517899331794,0.38778356319272556,0.11150959531998694,0.03666206114826309,0.20147104023913642,0.20561674088756288,-0.21128733873524397,0.10274896308244319,0.04825546212943732,0.024386890950386153,0.1311264655561606,-0.0024887504501989177,0.2628736037693078,0.10614471079596721,0.09890591697489381,0.04238406398218553,0.19583757943603097,0.19290308152182067,0.13152050730728093,0.17047817031247936,0.28366601042821915,0.1487299031143292,0.35148275593045364,0.1530766282399143,0.12300110143247167,0.007738198314176659,0.034172000186538876,0.14930516195059185,0.13102411387245216,-0.25753826505522004,-0.1086657317350902,0.058974525633863406
2012-03-31,0.5564551474078139,0.19672134961439713,0.10501708054215864,-0.008142354011040354,-0.19471397651484756,-0.14534888620825093,0.2925331901418624,-0.00244271495129178,0.221277199695314,-0.3989313726913788,-0.061939501079728565,0.044680704811753014,0.1876799457331888,0.07171754087570315,0.17208941679915246,0.04732894122569942,0.019413678958188907,0.053667585948391494,-0.2649129189743745,0.31303277473559565,0.22673717552275696,0.09568289573931277,0.1381323114540871,-0.12510019886779233,0.07567651345467574,0.08899832088730042,0.1760036679193413,0.6717849046937718,0.34271011607933755,0.19709134711542187,0.28416868076092117,0.12330202859018669,-0.5343174719463855,-0.17930681580064134,-0.11819725838869843,0.00851999409849813,0.13398060052209582,0.31316747478347917,0.1518974965060349,0.014725530370398143,0.019261908087154556,0.20396380548266047,-0.016815505177809498,0.24599234481213617,0.5931040463342168,0.004147337711551957,0.15802931935707765,0.05276298388524037,0.017232226929722483,0.08215600290735181,-0.1055190427148035,0.02123954937959982,0.1883761282520513,0.038683623538334544,0.23809349407047176,0.013241873412667582,-0.13490963272729029,0.1283650044213862,-0.0038392365419027685,0.18479548768965604,-0.023959508888405034,-0.13005539038638703,0.21245492569231073,0.1881886670572106,-0.04920064658706402,-0.11304611556918176,-0.03345366858132681,-0.014853296090533652,0.07228646111026915,-0.15035510036483646,0.0239779674666436,0.11672347298107488,0.5342770917248152,0.059537788191048824,0.05383377727576333,-0.26403080571441917,0.15733424987860944,0.2440765609175648,-0.00567971675912482,0.07765853448004201,0.20759689633911393,-0.31467615002075555,-0.25457740438731713,-0.012414467062504375,0.01856155553658989,0.10537918255023637,0.03406614884680881,-0.03675624008322187,0.237847533717767,1.3317759741504034,0.24958695188509217,0.2135722706997989,0.20959000174222986,-0.10796241167034804,0.49197797467701165,0.12906460871019676,-0.18798251781478736,-0.07947685304501484,-0.16846903454340256,0.012915298803275688,0.5852728907793052,-0.24319808151974653,0.25612604366365455,-0.02190252289619321,0.29698150616771146,-0.12837852624434465,-0.00916406961087124,-0.3047680642009598,-0.163338625133153,-0.030705043314946168,-0.15942534084977766,-0.0033875992038809866,-0.16642626658495008,0.6504691962429296,-0.20870108185172687,-0.01674957181630432,-0.1614567667646768,0.11046359290926722,0.15166239464665887,0.01155713831118077,-0.10294992028390315,0.06557110495638985,0.06696844767244925,,0.44156010616574215,0.2727933650216352,0.03872615310012795,-0.09035765027373699,-0.033673898893829546,0.06458737889342392,0.516177868744838,0.33345527226626115,-0.15664511786653346,0.07692291531002082,0.15935311449602807,-0.16623245915935614,-0.16515126338116182,0.0974037505243559,-0.03427743116665982,0.3150441321105122,-0.025904394478106663,0.21481238136219316,-0.17091744486850402,0.10304399257539254,-0.151656411796794,0.217626948171465,-0.005582019442579411,0.11886042200578073,0.2895460604768407,-0.19517396869127734,0.15141745077624336,-0.03286020769118103,0.538748033903466,0.030892410346332833,0.07967617646347036,0.15596551862102737,0.17177140973351746,-0.2610172316334681,0.23154991076877773,0.09790688952922588,0.011534210788636257,0.1040069482933581,0.013811669128421578,0.3022328913308605,0.06145110126163855,0.06394713699284593,0.031070159963554556,0.2021899851626543,0.18775085245812906,0.12374017121237757,0.13821474406794465,0.2956400401818664,0.08033621855065887,0.28339264742536274,0.2080332777176559,0.14268123565805046,0.0500996413604855,-0.01592201640604174,0.17082771463684443,0.04406253345574851,-0.24384978591843998,-0.06032631410686684,0.11457518737215633
2012-04-30,0.7123638375765882,0.20972562444544707,0.14252920341546838,0.022652821267159506,-0.18521766341297485,-0.11868130532227816,0.21451665625841665,0.034216847847421406,0.18031981069840586,-0.21655331501457298,-0.025810341501944722,-0.0638344232401643,0.13582532233659617,0.11479099811025972,0.22063251080382096,0.010661809434133973,0.015705218792400055,0.17853353284691287,-0.16607722720052953,0.39382824533747396,0.24378529755406642,0.08937768332324114,0.03996047806180325,0.030148624803946866,0.12886304467181575,0.09898099925155779,0.14687045071304317,0.526413632099064,0.28913929044447784,0.11814202206898594,0.2785184274597634,0.12338514830997593,-0.5055656706094216,-0.23000013652383022,-0.18422121924527335,-0.005977846505472062,0.060995590885004614,0.32835818437168185,0.21091388150742407,-0.05175252588489143,-0.05796557661034274,0.34927550231651505,-0.03969197483963183,0.21300053006553843,0.5223647789051074,0.19698327406801264,0.1432564251655366,0.009370950693369684,0.03205447064979072,0.04546263370165904,-0.05103712974100061,-0.012248461113884113,0.19252623770253763,-0.044928262887795056,0.31167605360352235,0.07843763240567259,-0.20160210923734823,0.11527312116052157,0.05264231711022527,0.18187417379636206,0.013850755061656894,-0.1519255565838593,0.1850252444935978,0.18588608904516302,-0.023932539915801243,-0.11550080906263471,-0.03278085155033905,0.017594149838714213,0.2579812708495832,-0.1861293926837041,0.02336714250353822,0.14183650961891892,0.5491849349154521,0.005749121733888751,0.27748347239253457,-0.07638180311358789,0.09332197690770494,0.16848717555272463,-0.0420560277735047,0.10715627185122045,0.21751154278521923,-0.24300071239072774,-0.2844523613499398,-0.00571365937167545,-0.09732232016689424,0.1406118071047613,0.07771781971319025,0.027008318543735532,0.21634003890067088,1.2848745377378816,0.34365331984769165,0.18985814527966505,0.22644460784917575,-0.04554141723635208,0.5009098029544989,0.2530793949191019,-0.2550408921000563,-0.15839793733848995,-0.010272747510881475,0.0033739754071937522,0.290322560482581,-0.15196107675525183,0.2395007470528583,0.022921102761940038,0.2831867974973681,-0.07177316853098392,0.03283449542288652,-0.3735735408925819,-0.1828541232340084,-0.042051990867573386,-0.15773019206392358,-0.018273594754811273,-0.19011118952498351,0.631263408651737,-0.2892511606691328,0.02934033129397773,-0.20068562756602215,0.07392848606785218,0.16553920201184935,0.01585695734991832,-0.12814859903617237,0.15226014660388598,0.06789948689469094,,0.3364809068346031,0.19354014838807831,-0.022196914048316585,-0.0872199611133685,-0.0867976319575311,0.1516099106033426,0.5941816923398708,0.5665339409247658,-0.2103812560073144,0.05359516034739542,0.21375052211295786,-0.16952583934338183,-0.07433268500060197,0.0804819913162309,-0.07724862795102339,0.3467911003437829,-0.10618401857201365,0.21189396500041924,-0.2435654186452051,0.1483877330880825,-0.17127557412686534,0.24451689822276812,-0.0004560007761715834,0.08384430564899925,0.2807219940454613,-0.21038910047203763,0.07298638768154819,-0.012174672424292599,0.564176677991133,0.07746355870057786,-0.06901986819237493,0.15355557260876895,0.20784258065564565,-0.336526442091574,0.3940223471506854,0.21731806674110432,0.033691568594063526,-0.10746230152838021,-0.1497447323101927,0.31005392976262147,0.058509997413863424,0.06649611921989207,-0.054489758549904344,0.17548208747894622,0.17025593184752275,-0.08225253649899944,0.16013042000587951,0.23477140452103074,0.07746304859102615,0.11518813828574248,0.17897012038138915,0.13062773045097087,0.07045334105352286,0.03903941325729843,0.08273823600513408,0.14666998803806264,-0.23048721639822345,-0.004120923338548188,0.038124939499921906
2012-05-31,0.6789237185602803,0.2304344901171984,0.1576621276105712,-0.03118688413928683,-0.11180035292134338,-0.15207374714886546,0.19317729577292653,0.17901264916645987,0.03412818393274786,-0.3061285120639645,0.017452855175719817,-0.010584372067668824,0.07863046918755456,0.022789760056218133,0.21795912707942677,0.0398688898385855,-0.003774737792867855,0.1433403659414283,-0.17362694871078543,0.4692390026745341,0.24093354240137455,0.08338300160224787,-0.006166705969451569,0.022812002047899016,0.17542349585057582,0.11522055680055243,0.1193890936806079,0.5788424096216689,0.22076799049043094,0.11772842853464027,0.3066156743362496,0.15534259968934627,-0.7040620331748568,-0.351297634670947,-0.13392768322587945,-0.042225452868659086,-0.018618061291705623,0.29864940934972295,0.10235456761239936,-0.05257331346051364,-0.14773230331883636,0.09920414136484546,-0.07655031598697304,0.1621914330637928,0.526222676381545,0.19741315337703091,0.0884923597707088,0.05315154746506345,-0.031047293430567335,0.03926960268730295,0.005404091043067494,-0.07598333693348724,0.1844396958999781,0.0031004064482305083,0.4767753861477364,-0.03885694900960823,-0.1281336520128672,0.13107153730159715,-0.0725101168352813,0.15977166726458836,-0.03590290186735223,-0.02207805393184159,0.18714747217647698,0.1764648967986997,-0.11885809089486354,-0.014030097381630635,-0.05178747321597976,0.033693073937098195,0.24628646797011822,-0.16746275077089579,0.039613457768950644,0.10269373062028997,0.6567335231150646,0.029539617551741504,0.2394071923725445,-0.11321562689221387,0.039142981361605766,0.1772987793954195,-0.036242731440840226,0.12267430145777203,0.21512782380649376,-0.27699469730814175,-0.353921482947412,-0.00413705257003405,0.013264289570380283,0.17157944257420787,0.00357542489686713,-0.004554764173278381,0.2501714503414827,1.253581781469821,0.3872994383546262,0.18503723843816644,0.1785660909158231,-0.11234895543730994,0.5886448897093068,0.28339551990554046,-0.2872754520105234,-0.036292465002074614,0.19403529094646754,0.08814679963791128,0.4146520612049289,-0.13896433563671495,0.20955499003101563,0.02453080570742494,0.2144255896832683,-0.03563957148721131,0.052940771092381045,-0.3798351649282017,-0.36993036969566484,-0.04613750836260222,-0.06491604172676169,-0.02808890666148367,-0.2377147540281367,0.43238785792366596,-0.2384332896961494,-0.06413217997179688,-0.27695687392264423,0.11699693777507791,0.19718925649169972,-0.04852236850200897,-0.05841104114658646,0.10791396598528125,0.07841029254851661,,0.3439783247058752,0.2440537528242881,-0.010104923503680419,-0.1128682160510639,0.0012513665312368083,0.22802824588702353,0.5172025305859218,0.5765982903422124,-0.12605864391372024,-0.01639370042878241,0.19059299470508284,-0.13575931943159358,-0.08866939686055852,0.11152765806811615,-0.09185645754415084,0.3399039591084525,-0.15229434846580703,0.19301680288138057,-0.2251724468870573,0.1239449184337047,-0.13212249779864726,0.3670613785783967,0.005688161858656171,0.08894323350734834,0.25779796958455203,-0.16056363408722707,0.31600896761353847,0.013006675248067978,0.6193297613976818,0.02142629664038953,-0.06970925769534642,0.1841232663657033,0.3189289761768008,-0.31265877771398365,0.27480488262310243,0.33341425672827985,0.034114886659170285,-0.14056764902105734,-0.1369147393876078,0.3482547094995081,0.04519870922625313,0.08891130234034517,-0.14661117396692003,0.37195690531162273,0.16194147716585805,-0.06627733968308536,0.19114592128453567,0.2734746987080714,0.10759575658418696,0.32462528132676405,0.09765583209215922,0.14655883894483934,0.03529872609955187,0.21055474982032685,0.019622900379284935,0.1732821733042198,-0.23298923415351902,-0.03826932194812327,0.01701999756995387
2012-06-30,0.7211249806092102,0.21646755205544643,-0.03329452376072162,-0.012718649162968054,-0.1825788375971894,-0.13018596240476554,0.21646593266476,0.04117565581725513,-0.1195675082600659,-0.3254918701956313,0.02545550117896278,-0.16167015877821234,0.07641520509729838,-0.06953958119694625,0.061780217323560205,-0.01252066889451564,-0.017735832066562374,0.147083087846686,-0.27031350679448796,0.399804197958018,0.14307406247429588,0.09362119379450018,-0.026509480934708174,-0.16679729215619366,0.134511332728118,-0.004901665078814177,0.14900907696094978,0.35180157898390996,0.09074776341875301,0.10278065099314415,0.15329778309785058,0.18278189002241163,-0.7584985104532567,-0.22020070651132584,-0.1892017464743765,-0.005213008882545944,0.012392174681882473,0.3053484161728697,0.02551489913609628,-0.14174050879659317,-0.21418312807840167,0.012701866226922265,-0.11463514490920934,0.0918525744732741,0.3779739357766727,0.16855529093110477,0.27234841451888414,-0.009484549321722158,-0.04124123683557457,0.01245445530052458,-0.08251136475114307,-0.1552753846455005,0.09219285306798164,-0.03475493352148207,0.22182722069906813,-0.0880087606911597,-0.16931984111868348,0.11987267244512512,-0.14543372112089348,0.1538517574369349,-0.08922838942215638,-0.08892310250196067,0.22658660423908317,0.1328840936254354,-0.13396526004052434,-0.1418536910791991,-0.05574127834148768,0.04094482454164927,0.2062304837445752,-0.15019010580847203,-0.040492553008892096,-0.01812175917034764,0.4057671692059661,0.01592413889053601,0.16832000830918115,-0.15763321410210573,-0.029557194607666704,0.11228447403342257,-0.018208230225796984,0.05544187860884131,0.2720906504079674,-0.4130728666696889,-0.21925133654900453,-0.12137822560137534,-0.10370700742808658,0.1970062685095515,0.03676511131601301,-0.0812134209618337,0.19873972626038006,1.391994259273301,0.5712082758394113,0.18814888668269503,0.059699137034060934,-0.11296050113080769,0.6368329499301693,0.239149773470557,0.15483744907041785,-0.11529490518963581,-0.004774759654491367,0.14627438665020454,0.22287693826369748,-0.186702360982952,0.18627492556952618,-0.0013740032563636095,0.13781204537869818,-0.20575420819398327,0.19051169231471676,-0.25741888206727637,-0.42288139573255557,-0.14498908066895266,-0.02076161495592388,-0.09111024834565584,-0.22789448937057566,0.247500127752607,-0.37808320830257125,-0.12172651229117193,-0.2687746113179901,0.09386280310023332,0.22906666677109233,-0.09480657675175552,-0.09009024144804889,0.17277017005502704,0.05131468600764855,-0.1071259619698528,0.21921131333645327,0.15462369013969646,0.017506274353161544,-0.2366290623161691,-0.07144815864652776,0.22232283240750972,0.5913219199205837,0.40962330569388294,-0.2572572935635087,-0.07348688239707668,0.2632763638817597,-0.07985176805234395,-0.15683417004655953,0.11769372720264948,-0.10137937157899124,0.29811815770803407,-0.20266749745310852,0.25132892309723087,-0.33631661792013157,0.1117224955646079,-0.16546581684825468,0.33856364282312734,-0.05255545681459717,0.05047516241849781,0.18375035525268446,-0.23859632296644684,0.2144408199642931,-0.04373245273937809,0.6146314182465942,0.0407658543409235,-0.10258256043953329,0.13821914572137906,0.19151955778357177,-0.4062793500494568,0.23774753127575976,0.17246535517963335,0.04017167182747072,-0.11186403899488673,-0.2260392855754636,0.30682788776352043,0.09136647077295756,0.15329178143834454,-0.16670147734056218,0.2686722230800249,0.16385089757669835,-0.11371975303633097,0.23529179903191366,0.2511880143239975,0.10285746742556334,0.11375059743159843,0.016331242960369474,0.12007525556663445,-0.017549642867115578,0.16891023954216977,0.020474798299786157,0.1882805030858461,-0.3224267417836144,-0.10142152365576629,-0.04110881157430579
2012-07-31,0.4955943748653542,0.2896581323001608,0.039345260527602566,0.16817033566859085,-0.04320788259853636,-0.21934606267641021,0.36091515296798327,0.026199813705223507,0.08377055151798829,-0.152686247560624,0.12350011983611764,-0.12820710964286575,0.22892448854829506,-0.04457202598798593,0.0871031660410373,0.047678099579140154,0.06264095381121826,-0.03912610394113025,-0.27927435277578005,0.5588768839155895,0.09331202178845066,0.28184389260364795,0.08161380228082149,-0.0966220256741881,0.18249203839246553,0.07075993000930669,0.1797980820791798,0.42059708054817624,0.05386192603317519,0.2806340078829688,0.1468576363981109,0.295419529944551,-0.7425089826013764,-0.0007228811679821368,-0.022678429713360426,0.13935787401198518,0.020800686594984352,0.2759202399124603,0.03290596454818373,-0.06542665938330194,-0.13185315073459225,0.11075609284511945,-0.019980422509344842,0.1947001341538579,0.45668121854903765,0.22447141803833115,0.3587331299171137,0.09942043975369019,0.1298585706058757,0.11406651952669256,-0.01894585798497539,-0.06283675985964055,0.1765283312211816,0.08086366667895528,0.23597151138762218,-0.016468718744983346,-0.20810053112734428,0.12786400495655448,-0.11512098966246809,0.2575624798789313,-0.03607595196769675,0.05384468618988825,0.30276865953421006,0.38910950821083934,-0.03988750572251332,-0.020683894532375402,0.061169285303043,0.21022788627918265,0.2105763596625423,0.2306815204780499,0.08026315287739716,0.10283862901824703,0.3825740147480934,0.09307760660601394,0.27631422060428545,-0.07681010848585346,0.043969917816852666,0.15911046034661225,0.09610415556441176,0.11710900810883684,0.3880890546277609,-0.33855210151210047,-0.1438264059774087,0.09336731154504196,-0.02819553642042416,0.34477523463405846,0.07967343401008842,-0.031196311494152362,0.2459451559320367,1.1526571492767395,0.7433194875010707,0.20929992589994884,0.10746474538104844,0.03009133696789701,0.572054036275621,0.26179616262705463,0.0782876496492626,-0.04723567717670685,0.11811833742135058,0.3052504469864752,0.41729656415128313,-0.10990371455687609,0.2925313480799656,0.14861265676913327,0.20809619967813453,-0.14126245977299012,0.27691462299527014,-0.08603668834784872,-0.44494373007717636,-0.14774062570872026,0.4477925294545002,-0.10118681320544243,-0.20808221998944976,0.21137424467496468,-0.3424827707958391,-0.010232446181327237,-0.28757243807569066,0.1590305573155717,0.3338062275078255,-0.04896060486299425,0.0818668976906709,0.29687576274080407,0.16713214368032725,0.05125729559949521,-0.012565971400816167,0.18795566103162487,0.1479602049285702,-0.04970130585865562,-0.008177101478365478,0.21319780466611293,0.6661448811832975,0.34881043851191196,-0.27124974984636685,0.3271212856583998,0.1564732518766785,0.1447550548542753,-0.017667280530037743,0.1669263573631954,0.10724373097554096,0.23735447034403268,-0.06468225501881153,0.3474661011612896,-0.2859892653376013,0.08458036522153667,-0.08247704462173866,0.3516126509052879,0.05081808110206554,0.04445102529875511,0.2804132613785484,-0.2545410658614373,0.2827484089622263,-0.11197748334920021,0.6813437471470423,0.03662443529057957,-0.14146198708063462,0.1305638418358821,0.2302677649922309,-0.47590572335493597,0.17445209348639934,0.33972626074806134,-0.005007812500719688,-0.1072183697335809,-0.10665110041103354,0.32996450227283924,0.008069205383118616,0.2155351798900873,-0.09580154997631063,0.1546558337409738,0.22371722029470398,-0.09188772810221246,0.28169645439640867,0.2501759192240247,0.217149969050084,0.07727639310664491,0.010302954700211586,0.19269826662456646,0.09517826641761706,0.2930514571287719,0.04794732391990442,0.32675807645774424,-0.2613485419048841,-0.02365057088872402,0.036016497276211146
2012-08-31,0.5870900946159125,0.30655173124909796,0.15099252410413033,0.22345481144188528,-0.016778507968285394,-0.40556369134239645,0.5140431389709739,0.08395665782336792,0.1314543767652172,-0.09749588822957411,0.16219173065603587,-0.05538333346592006,0.23567222153368328,-0.03409698793955884,0.03401087344735898,0.13612326741475966,0.15515819408785037,0.17008646724850962,-0.12164816673305079,0.5945131467114095,0.15386878535288906,0.1892867334172872,0.08154429507066507,-0.011588558286747652,0.17964173268332329,0.07524674706232681,0.21852761434234025,0.327116490459493,0.010666228083088702,0.3970248127175129,0.1309583187852581,0.28719906299569264,-0.7580953682560879,0.01727982456808741,0.08487835590725923,0.1563335691725305,0.047650123722684734,0.37272352885597937,0.17326249652919024,0.020847665022207806,0.018487359339733223,0.10832678983099209,0.0628438303650316,0.08969926995381128,0.477697567411294,0.3194464795495773,0.42710971687762744,0.19495904172700507,0.21181816914673957,0.16491131317370478,0.06591138829076382,0.01191462786721087,0.17815674860498887,0.12560881236958532,0.23169411904620318,0.059343854448788314,-0.23746313918770723,0.16775871920632457,-0.13741964529228923,0.22354453925397455,0.014139335950941412,-0.02754438926825764,0.23790598392780016,0.2375722546254928,-0.14407234106675781,0.05096729519133891,0.1544206745948864,0.32321167162874676,0.3623370883667396,0.4264825443892679,0.2382510602880783,0.11250526056514132,0.2626196205417106,0.20171158803768585,0.4180975803520277,-0.07400435709587527,0.3311570192405786,0.17004363292770086,0.1544700603708049,0.1502683932794251,0.39783605393636123,-0.20958233398372772,0.050761220254574635,0.2451114647038144,0.11488290618387031,0.24591962066768414,0.04984885625571844,0.2333302724384989,0.2425313480603053,1.2810434199470921,0.7942763741940007,0.20227911498408147,0.13432729095336216,0.08223585734533634,0.6355336402171734,0.47576487825390545,0.07157052862838831,0.18632459998754203,0.2345045471718774,0.3367589453946649,0.5480892415652665,0.05494514948329998,0.2447919732051964,0.23066976274947248,0.2621129019722064,-0.10527962967860649,0.466975365478133,-0.08478799058438835,-0.5119574615296667,0.04468402804556715,0.3412856500718233,-0.057192018334415784,-0.16219217975097966,0.3085917302436503,-0.2625361793092833,0.02014360562792139,-0.17977531797347646,0.10516419551294431,0.3077687698365814,-0.044833070294912236,0.06388820272150753,0.3327694222025943,0.14341723385292715,0.3009838613617226,0.09250658379942611,0.28304014968621427,0.2623051565991843,0.09851752682057469,0.10900400102283503,0.3002044150408423,0.7489245080036331,0.18481597970162023,-0.0774978689650565,0.4269096154090464,0.19372287983162972,0.285297877590855,0.23380136842355337,0.27057254275465836,0.0868957380757982,0.215410209232195,0.043621169303132534,0.35930796733955805,-0.15852853606735984,0.10947934049269192,-0.04116002993971002,0.42482144089410334,0.09542909590508986,0.10474990679310947,0.36412047247008017,-0.11822499685669996,0.4350503321800163,0.06602911164037817,0.8947258675136034,0.06342569472102078,-0.04531588745655468,0.13014523673207434,0.4512340290392789,-0.24718617698878176,0.43959602897154193,0.302127898753493,0.009405935400053744,-0.2731892297542359,0.02602621572581243,0.39651163360042463,0.031227857828767913,0.3108091909544839,-0.029923617221244148,0.48417681545762314,0.1887652419873449,0.16392308926306964,0.2922353777860187,0.26214146623558165,0.2027949167610894,0.013931472295424019,0.2406378203824635,0.1990640333597804,0.2562467544659761,0.4555388060109111,0.052066860934842474,0.318101419062351,-0.10060885286321086,-0.01383456035567221,0.09254063722475436
2012-09-30,0.7520619132809079,0.3259751978987049,0.19611757709625355,0.2937526007057585,0.1619901066694691,-0.26771651880334146,0.5573729885445178,0.14817558122621266,0.12956091104205703,0.31150679464179243,0.18721840161823922,0.17962310356741895,0.20588436641309849,0.270388358207039,0.25048978655557863,0.25130671282355554,0.27918539325842695,0.33016849279426963,0.1362094426976337,0.7701286346807981,0.13261189251792094,0.24775092006778232,0.09837064418699004,0.27159188411720003,0.13104424377855328,0.14600592799004297,0.27536872882771823,0.33643123452397217,0.050186591934376246,0.36188946020410606,0.2723995786113933,0.2944574173450696,-0.4727641521450583,0.12150283373609883,0.11046132928474495,0.19863074682369763,0.0992979157429239,0.4720850548806983,0.27857001883771915,0.16358392436185554,0.138108999216491,0.16933143898585,0.114368295923718,0.18919963672195728,0.5078632415628244,0.44642007946937867,0.43433624566334217,0.23209372369358583,0.31203234720119255,0.25998920079503796,0.25307957285025395,0.10561128748819382,0.3177036901269248,0.20869939345181043,0.3451031023345368,0.23190247265992747,-0.08629437651643901,0.24115795184478306,0.09232342486152323,0.22920229923372548,0.15191872089411462,0.18307099010481442,0.1318913151375205,0.32285717812469006,-0.07131916750183431,0.2671952058317759,0.30080743930724285,0.40179765353797636,0.48685538056504063,0.5280767083023832,0.36623651330467544,0.15592758996925715,0.3500329487304181,0.4551352643952906,0.37993366273306606,-0.10136899196639448,0.32226336684898915,0.2649389962806663,0.2563430519132879,0.3248286660237891,0.3177533660296159,0.12429457030697222,0.23214253161031784,0.32785766192623766,0.21815651828610538,0.3636590758644913,0.12172815616897559,0.4482770708854198,0.3386301105687948,1.5438146789561626,0.9527645592647802,0.11630566046044244,0.27680309324730934,0.14381122765911103,0.6696335633529737,0.4436308177973276,0.199505239074101,0.36032388476692634,0.5640091693462197,0.618167657396949,0.5736982709245049,0.2424332502048261,0.09427441437519413,0.43231464331647085,0.46293430214025943,0.025198928616280147,0.6677956428195264,0.10833334922790527,-0.3481665116972419,0.30061810090315455,0.43251963561613893,-0.09837553101545582,-0.020839364027064877,0.3151474470482609,0.22363197672741353,0.18656706574575677,0.05797837316462484,0.3782803519808995,0.2126242618581784,0.035135294046320764,0.40857220739185407,0.4872915518598635,0.20972501350949302,0.9632551553648714,0.15470877513065218,0.38833375706954376,0.31402427443679537,0.22517790322820308,0.2909568978606547,0.5006656169093349,0.7753561833101275,0.34964081356413645,0.23003839633964218,0.8299989416607132,0.33673751266796503,0.684484880539129,0.8030076892576619,0.314897856620143,0.09728095425425187,0.31484960700951325,0.19496869747434298,0.3248795075512092,0.07624408363897062,0.26698677261866877,0.10587199477533105,0.560363586023942,0.22843702753958262,0.2893959676104352,0.39341611153038425,0.052485269821969105,0.6096978512821387,0.53593076498694,1.225037229404208,0.1897470767032159,0.02797368422211144,0.29434203530054903,0.5790485246686257,0.08519485182168984,0.4357662325750309,0.5063441710889296,0.1768585760356587,-0.17987066500723203,0.2090694789050358,0.4852573713143429,0.1805038516257278,0.3703867276843211,0.062259964374597354,0.6869738348003116,0.14064588384364862,0.3683063829193023,0.21524437354187165,0.27013302296772834,0.14166196593770453,0.023014400280241487,0.5383171861177836,0.1868425155239528,0.41023983510401707,0.5941982316932666,0.06724554388958914,0.5193865089708594,-0.11742410970516381,0.12483590162733238,0.1441037358958397
2012-10-31,0.655132393154167,0.3047867276210232,0.1746868515399016,0.10302614059902804,-0.06633666627482881,-0.4219554151525928,0.5011438763097429,0.19113856055789524,0.04991903338933357,0.3003446308803517,0.1328024178889604,-0.07532638726496388,0.21749685506830563,0.14657942679657077,0.042971579580713515,0.14615474696582265,0.1428472015856912,0.2731169748653546,0.0544709645517536,0.7289272109404357,0.14210850063937652,0.10577026848583415,0.110275910047273,0.19046183663474014,0.1420226462525329,0.04301393559055344,0.3394807531369426,0.3025203890015493,0.01837953306656659,0.36517979101270615,0.14835856817461424,0.2954613181023116,-0.336744596867217,-0.09864856352605356,-0.03387948325951551,0.16023743798614531,0.11137622292585614,0.3360241924110787,0.22983593857246132,0.029370280580726993,0.1786550694694793,-0.0030643120132159973,-0.08786793291633188,0.1709465783903923,0.451117255898716,0.36627797373738047,0.3341425085540979,0.20042161984816897,0.1053667565176224,0.15435257968776606,0.13218551170500992,-0.010751341299541028,0.13521122649811268,0.08366937935265084,0.2193138949926896,0.16819242745626362,-0.02546690980774724,0.07588690548818278,0.0648022973479978,0.20883864540146035,0.08367872628329764,0.11135198722019313,0.10822694011262524,0.21962660974709003,-0.14327607390804464,0.0353121038284141,0.04061537981239338,0.4107975565849884,0.5921749734507793,0.5299537137827328,0.17033796474961993,0.027178463487672166,0.14237305759261498,0.2565502899516465,0.04305880276124796,-0.2607580809042681,0.26541104988903097,0.2115544687070614,0.26518736275113075,0.13145891241404994,0.27717507452822954,-0.041937049923133074,0.0697673483343888,0.19130721340567458,-0.11780258399340726,0.2764797728852979,0.11289668744926762,0.2192700372736318,0.11266078728254492,1.760578546671904,0.8261763154935649,0.11321562828089493,0.3132945693515157,0.18038448170537547,0.5372805744836511,0.3711948481625902,0.4117201104884325,0.09322533481077744,0.32806812413643627,0.5463283664254006,0.282313560770068,0.08247380262642512,0.10016241442803153,0.2537147030308462,0.41169810536972173,-0.03931289118036618,0.5240230352648041,0.5352400195644484,-0.45653113578194315,0.08890542282531211,0.4236277559443422,-0.15565084590735123,-0.14420935608590402,0.14188386424203303,0.007254270147038611,0.05268166304065125,-0.11992222846131584,0.38005280486500825,0.2787505608829801,0.03611367046592684,0.39964772016490646,0.3346227241556352,0.06507157918469741,0.561034441600766,-0.0009914793025131985,0.3079349489001171,0.1774593195342724,-0.03909073338184321,0.04434696893316614,0.3610368714827701,0.4865469846665613,0.2144475908269814,-0.0006886990481717037,0.5999015159118901,0.18574235327052846,0.4620223573127691,0.32065831980259185,0.15392165525760348,0.016899801182633345,0.25516443071002604,0.04503709002665168,0.3160926429444433,-0.1273870103987914,0.04611389334080984,0.07202408788694381,0.5498062795079712,0.11352403981218107,0.1009058007077448,0.16762240752090518,-0.057030927838773504,0.5196351284970113,0.25930825168935856,1.1461312417001261,0.00739806899023665,-0.05549548960769357,0.0694484996243907,0.4135689777137035,-0.08831937772245613,0.27758120477750925,0.46175621865729255,0.07920985975449057,-0.14014985712767136,-0.05216513426547931,0.21657455805004844,0.021209898127054316,0.16801096707528473,0.040064889845620844,0.47779614838657514,0.07652491964958674,0.002009100677345943,0.1791583350803274,0.15684569262267534,0.1397505724919137,-0.02792395038076667,0.35694185257374667,0.09656063801343362,0.4394610604264637,0.36073451727510486,0.03981414497070035,0.3032038511164912,-0.10291380470490341,0.024827153935983448,0.09639461730459331
2012-11-30,0.5643010425670099,0.23999914729467098,0.18990888946986173,0.24106486814774408,0.005379226184519803,-0.6397188169242831,0.5158623497523371,0.21113939604826037,0.12248899254898293,0.7198059625788178,0.09636866597289173,-0.11508081871753006,0.1643834174857539,0.23273087916122992,-0.06214015138632156,0.09883302471954902,0.07131147213645628,0.13498718485012917,0.2923901586131752,0.5920922493978547,0.047569147335776885,0.12825380266798625,0.1247926020489345,0.38591681268754296,0.12938611795732613,0.06295816859334558,0.3314405712117745,0.2336018832458655,-0.07048535276698364,0.3329288058188087,0.1379179515790736,0.29963398317994394,0.22795614745295478,-0.2335251951650852,-0.0003603930963144153,0.10749740103694316,0.10851618465221291,0.20561025109993758,0.08227097264694705,0.0398454110832982,0.3015226853796049,-0.1408066659027658,-0.04392635754222185,0.16448769702507815,0.43884234082155804,0.3291469666497675,0.30600122319461853,0.15490193738175573,0.14910165875836823,0.16483407920310356,0.18813180386276818,-0.0461285094063717,0.18158710638654685,0.043789786113815676,0.18086404751795992,0.13981555511920774,-0.12881359603342613,0.1614695673477231,0.15412320985173134,0.175331719393802,0.16948665955667153,0.10270532565417279,0.08714568293908376,0.23672170932368708,-0.11586062463867886,-0.05088008936824362,0.1142278891046129,0.3740802325203929,0.6858220396017924,0.36566476244164514,0.1528536374325533,0.0762403141604191,0.24875058144899564,0.386823169383947,0.03194359849009665,-0.1317140213531064,0.4050322333419878,0.1355481837344179,0.17036778133798247,0.15862947447271503,0.16802580426461056,0.189857797541247,-0.0934892792041151,0.23505641031706692,-0.16514412517148602,0.20893486418400675,0.20612235185881933,0.27674042141667754,0.0843953173268781,1.3948165487603097,0.6585128284360515,0.10085843954337514,0.31609102329270655,0.0944738334601134,0.36039721189866913,0.31071900324435076,0.6654018337522287,0.17110313122291387,0.4984981103412962,0.5215093523469947,0.20234893765241346,0.29994671660422734,0.05701795886988936,0.3512270390418426,0.3753291743616356,-0.010393934666258264,0.3931620654459962,0.6334164131859144,-0.4674428533446552,0.08627274686065278,0.3150083724891526,-0.15929978273365797,0.07248938479367051,0.09106147278928844,0.013820139756632432,0.06124666395599143,0.19774586132640493,0.27942537338269813,0.213381318542887,0.1044474038238532,0.31684919132251466,0.2030161711294034,0.155647189429599,0.677657118532522,-0.03644809921883674,0.16243371466761714,0.15948862604022795,0.10503215427635015,-0.03605235156266828,0.2888386046543796,0.3777968597628112,0.06676636895392107,-0.06647598959284617,0.8151003019152785,0.2303074647661858,0.4419360793413658,0.3319116775908384,0.23052305438794152,0.07961912412953498,0.27449268586833786,-0.03303971344901491,0.29624150758133316,-0.1620289281909688,0.11664184618816131,0.07476134882512997,0.5772683151228635,0.11302630477153941,0.17684103672046803,0.007952016701588294,-0.09979193074566883,0.630956111652339,0.13038108126417924,0.8055385166189166,0.06886834639483874,-0.00964122996157557,0.16286934741655035,0.2842118274212937,-0.11528202991283754,0.2230484675425739,0.3770340917685202,0.17614075033180265,-0.1871851995425079,-0.18276947990987036,0.25113959779737294,0.06908444153153348,0.2512770524798775,0.022624969482421875,0.3792409607385645,0.021597852887014435,0.024392752489550418,0.21133970186658613,0.1519527134178975,0.12641261234358647,0.025682163220299703,0.2937542630643344,0.10254842974962153,0.4023807436795168,0.3573325457848717,0.03550966365094377,0.16908646318297071,-0.0565920567980821,-0.014141041172857749,0.12222042398659894
2012-12-31,0.45796943201412654,0.193767754274774,0.3047706260787004,0.22426600813325281,0.03352542221051369,-0.5925925909573486,0.40957938288974893,0.45609478343989407,0.23147884697071008,0.7801840759986365,0.1543905413910136,-0.039127456215388934,0.26216812758436947,0.5540112721559238,0.07402595989335548,0.026812523466558824,0.14893711181492408,0.08123552096009146,0.32409415804806985,0.5816810018275662,0.05106466083504824,0.15142468971944756,0.10262343008062991,0.2722991048559382,0.11435192965709184,0.018688740262794212,0.23534036048970108,0.31393953858904733,-0.10463254764949304,0.21258654540494204,0.054424033018945384,0.17105849775443005,0.17924712072496973,-0.13079178016292425,0.2650235521546944,0.08323699754942715,0.08209833478708317,0.17664474312947887,0.17693182194100787,0.12478527075039159,0.42327751902044075,0.18417384019819805,0.037155719055199876,0.084705735125858,0.486106392169952,0.22987191927631878,0.2280585812258118,0.0662471220381673,0.16191083638011583,0.07364200039175506,0.22871200159339478,-0.0036637633118166146,0.20187545898089687,0.037099425073633396,0.4179513403442332,0.14240208861969172,0.03745314673225475,0.16018930791476294,0.2456672399205515,0.20326883744876922,0.1753645374575057,0.1056020106623965,0.013490490142513245,0.25863777563482127,-0.14456220349969084,0.1131297493098884,0.07890054607923269,0.21292541192384062,0.8323970260407569,0.689023524273535,0.15830377603941193,0.09622573929808609,0.1425239119499242,0.34420906700509835,-0.028302305159937036,-0.051323645413244745,0.46572228500636226,0.06321420692467772,0.12888811825502366,0.14491489263592472,0.18539082911403892,0.12898865087767963,-0.05087432500679845,0.18033577745452045,-0.1481214477860051,0.21262004633255938,0.16259723278705174,0.21690735013859408,0.07129647321275634,2.1850984779277836,0.7300819224668273,-0.01882535937260832,0.20652534483872187,0.10226825688334906,0.38878483196450064,0.214450953368307,0.1981331530397774,0.26068133330110066,0.42801777548635056,0.5139314732412845,0.3547477710452389,0.23097350238393943,-0.0368695130773693,0.36712269049348234,0.20897320047207035,0.04540498515319835,0.3242665148985635,0.4049408522201301,-0.2810680844993545,0.2379551998786653,0.22729853055912574,-0.26195753566193203,0.08399653122615014,-0.02534587943231481,0.09490421335085997,0.031153800515694607,0.2767640421535904,0.2145270573367446,0.19900072241326638,0.1064358706401074,0.3498513115447981,0.2608637406408272,0.22370653637382332,0.8357404268853796,0.022007214303974898,0.06524385920530995,0.12512960507526727,0.1950039607946521,0.09853127135126272,0.2912368960009202,0.20927998065991216,0.14396684614832522,0.06454312484598956,0.7358496522808664,0.26080836034994204,0.6197839675734849,0.5714877256699591,0.13600776649407997,0.03911603445115763,0.15803850321173485,0.10444669025194919,0.26084533223123385,-0.14267646578370274,0.030800383997587222,0.0879841406465045,0.5071432926992934,0.07221527602179378,0.08330478069419223,-0.0020256032108930677,-0.15857239067145013,0.7415102870481227,0.20194181409264367,0.831952843888579,-0.010232777662382286,0.11428219697495612,0.022178216315513977,0.2957534061832059,-0.025603777293203844,0.09245873770662039,0.45196239877903,0.037992528451021856,-0.1993201681801925,-0.18227225384849455,0.21265588283654568,-0.05102899440865494,0.19135671396597265,0.1417960778834937,0.2556384255144901,-0.06141169191535578,0.1725009770717172,0.15289178670548176,0.10822566002253486,0.03244087435976373,0.06774060528516523,0.2979228809116543,0.057888790567327764,0.4805984379981383,0.5214837144258879,0.036440545298916716,0.22291099890246446,0.009372485175519252,-0.052193978625809656,0.08286699776914763
2013-01-31,0.1761649682068258,0.23847255191614747,0.18592387422656675,0.21744747581056778,-0.03896628082681752,-0.6423248760472118,0.29337646486340985,0.2902180404337502,-0.05110371112551815,0.6362276402062508,0.14457054746185127,-0.16022993477166803,0.30034988962859765,0.439212351805069,0.023476626494196573,0.08403197260316264,0.06655668260368208,0.2193892034877507,0.16326683731074687,0.4238207742880784,0.011291128890736912,0.06213969505260186,0.1029239693390267,0.20526603355073147,0.10376696379620198,0.052303266090997225,0.2992919033778456,0.3844295191547782,-0.08087044513994723,0.11451444782395193,-0.0699161135624794,0.19953352746694697,-0.2297007728172703,-0.16458380943762252,0.19497050485024592,0.07497026427755582,0.10446156746900104,0.1509670234904399,0.06842447702337506,0.0741594984519025,0.21710113275181842,0.16511864769176232,-0.027791000004490418,0.06274930680714741,0.5179751441713802,0.20152902366293457,0.13938402342787048,0.05976598415096057,0.10882551804903362,0.07011729137785228,0.15885952101564893,-0.0158243901530446,0.1583171697658774,0.040405143079512706,0.17167474996488208,0.1737078992571175,-0.038590606980095865,0.17653035546747486,0.193600319046773,0.1730823194325033,0.13324888905399423,0.02611395834447805,0.04597813086620861,0.20478321288335533,-0.03479260347152957,0.06421354079759256,0.008884876065865965,0.1638962071544563,0.5032750572757154,0.5403148682280352,0.12250990123044758,0.0814988713810314,0.06623036238835156,0.1766007772458642,-0.0364778931985833,-0.15167890254162664,0.3734530708188799,0.0247412832448779,0.09034367344478178,0.11376791257308172,0.16653032495532294,0.0352081166309921,-0.1657893276452107,0.2047669380299253,-0.11954673401648674,0.1509150595320028,0.08871367284564524,0.189047834600504,0.07754311412273562,0.8827866756133333,0.5970557025893257,-0.02004373275318494,0.2720390745130883,0.005375061807393555,0.25953694480696266,0.159562408833396,0.13396483520250047,0.13354392599406717,0.40581506816564494,0.4273511900100464,0.24094954560631576,0.29876883794781706,0.04125035991159143,0.2709697369801354,0.11986933195266891,0.029686646649162984,0.29960343573930315,0.23883316515804442,-0.2185147254148816,0.14165043714910985,0.09072215240299975,-0.2081321228510722,0.0579906776592265,0.024397595273518702,-0.24048266311651745,0.03235417071327884,0.2002498121883005,0.09705647321549371,0.22452285795157034,0.1184005473292189,0.23262386907406896,0.09644674093764616,0.19740459989386228,0.6918664271235899,0.007023798570119366,0.05066325793893589,0.037534146621915676,0.06109033187881696,0.07498958314570991,0.2004535552567852,0.07438379424577635,0.13563949484908489,-0.06394449365564314,0.6933003716770099,0.19125639214757895,0.3934942652478157,0.45840292031660845,0.12691937472880643,0.01295974514363496,0.06303171501905847,-0.026385620272334487,0.23244871907105713,-0.20153253710862595,0.025705415824625488,0.03436397771820077,0.4884484154301645,0.1665910947581568,0.09438981545149416,-0.001474211681303017,-0.17343337642028434,0.6139237900467169,0.14382731035767193,0.7189057975095163,-0.018926860471512708,0.18673204197107518,0.04894478411542247,0.27226835287369267,-0.046412990179837244,0.1203492691900292,0.34466596446583275,0.043965637233493116,-0.22330125193674621,-0.2120148490436048,0.19597830696146556,-0.06219415497866643,0.15633769949938303,0.006353275426783878,0.18110225261708846,0.021117187343719257,-0.02100244428954745,0.16370786519149094,0.18681059064369676,0.05406329502846363,0.07538903389980356,0.3234255625969844,0.0672342730445814,0.41154805249300863,0.5444821968825593,0.08360684603098356,0.21242488959957195,-0.09262853795368142,-0.013212749333515572,0.19547738706390372
2013-02-28,-0.15283738151050452,0.2824292358946692,0.23467506557253404,0.15019770547520994,0.08048368699951247,-0.6462585117866686,0.2739199987460925,0.4775446290817753,-0.03222861162763835,0.4254564608620599,0.23556410549162776,-0.11904203395870794,0.2848801283885767,0.20236077229117533,0.05899968829857061,0.0825358626538486,0.1365215888904121,0.2223049399324304,0.3014809197216026,0.43755248935611,0.0455326162570433,0.08993727159917575,0.1675457848730777,0.23435331297644724,0.09609231891821612,0.03388887353013725,0.414583062452454,0.23747908358653458,-0.016308099443265056,0.18048414712263638,-0.1165185214886103,0.24379009862350243,0.49227835278559695,-0.1855380948473938,0.22823174575996608,0.1843312235953838,0.1491579642159755,0.0860689321534216,0.07495767807965903,0.06541739212681663,0.2861867049737914,0.12271807488499409,0.0173197587770324,0.004916412939682813,0.3649983974328772,0.14641804301164552,0.213185638633824,0.0606867023130655,0.14813309583670597,0.12391631926088031,0.24831167356600803,-0.0009620854243083121,0.12742167144556937,0.0034515664535219592,0.09321856151760621,0.2269983312350634,0.20096463700386802,0.22104413179923066,0.3238175278855484,0.1797398833581645,0.07026880182553241,0.16019196614340503,0.13462842390100516,0.22205756446432878,0.006499185066174418,0.1657831950747355,0.1345118829448746,0.20273888458620903,0.7325431125039843,0.6324794050622164,0.16850287051468116,0.00572627582777141,0.122669132015923,0.15761864797103975,0.16173466866446118,-0.013429652143510107,0.43682549665041903,0.1257213824982204,0.25328677598285787,0.1683812244598275,0.17906328503048008,0.24450044198514465,-0.11578927452815335,0.11599580752124639,0.028085910344340492,0.23386403908316655,0.11249023013870918,0.2248429559242382,0.18510057791807433,0.6598912724456396,0.5855091024294505,0.04446313970741311,0.315446438288457,0.18731547038077334,0.24407952890143392,0.15344443863165336,0.15056528484185105,0.14785686705881118,0.29466108253461565,0.43184165327095414,0.34008757787589583,0.2556969014035695,0.16974816263616965,0.11602861494020567,0.1129951937742133,0.10190239012897684,0.30286723591735987,0.4114920849008785,-0.03733177886051442,0.11876038254641963,0.2297279121228899,-0.15888683789553126,0.06922483225879139,-0.03136210963961483,-0.1424879881773342,-0.06682521532234442,0.079554577409928,0.11032068903175118,0.274687533678021,0.18332271659325872,0.09302518535772775,0.14515554693924781,0.2685817461909239,0.822649648669673,0.016425156622041692,0.1715335528163262,0.09655201061418173,0.056660912549419296,0.050820360147007415,0.29058241019154685,0.1269553136215773,0.16857886198731897,0.01750270929535236,0.48168489235802414,0.08383421754807818,0.30819373509314296,0.8199345289050015,0.1985082147885815,0.08535006603021511,-0.0008699045230554647,0.03685865512727804,0.23263478277084504,-0.21782283125763668,0.029834381661600018,0.1164639222903634,0.36112600558529895,0.03032930967236447,0.15821416889933526,-0.023774170211290913,-0.20934669772104408,0.5660324937060008,0.10476698416372776,0.5368100826173545,0.003749798560592099,0.13395952443581738,0.1314509555213228,0.2514684489679615,0.12405214075897475,0.10541830596727775,0.3727187673952377,0.09169817792735446,-0.25671946773222765,-0.1320990412305627,0.2067471088859485,-0.011192537307406214,0.23500856656482116,0.021986621141205864,0.21957931788211438,0.06383188069255019,-0.0658691027342373,0.2370787552999878,0.1572951980216306,0.14448935101549076,0.06015043948128507,0.20887822773980091,0.11911546244044113,0.33872005851729625,0.5347208386872815,0.11591740910462178,0.3514532655850251,-0.0215219887217023,-0.028345273079994238,0.11701192032039276
2013-03-31,-0.25291443054812046,0.18135805764761836,0.1788882446268647,0.1457301020072912,0.13636914534399014,-0.6895262010706837,0.3729410257901489,0.30497263160432775,-0.10960532643456877,0.178755990597262,0.2589032870138681,-0.11323585438777084,0.2085283275831913,0.09520399599696616,0.009442534177058981,0.1296862942107193,0.10156584232424071,0.24945409882309777,0.22452174303541872,0.38283751188082604,-0.02096825146613779,0.0830147113845292,0.1955857919886621,0.09528251322413861,0.06792780432991674,0.0018459121082232688,0.41620340810901624,0.2345069878531003,0.009979755520036715,0.14652563574528865,-0.11238736708337094,0.21993328837816684,0.6349090336181082,-0.16754237811889872,0.18795945238662637,0.1768509843027688,0.17185841102602173,0.056061762720747144,-0.023565101503016384,0.12068942507334124,0.3182831658311336,-0.06471546308193754,0.05064558572776945,-0.08246406493319591,0.35521860684278295,0.05514623459265655,0.1771772963570568,0.059662217726015765,0.154282259449398,0.1364278519562132,0.2601650657486032,-0.03699340676380103,0.08910973779856257,0.05951986485156735,-0.03956791583108288,0.20001896887395576,0.23578592690883782,0.1893700384660144,0.18700515678219043,0.19816372985826014,0.0837266184555574,0.10433265660639468,0.1508180339406684,0.25191890398852546,-0.14522322694364842,0.12112002471832883,0.15209132470859132,0.19951307652468264,0.748669653720581,0.7336568292116128,0.17811946997763362,0.1266194660996547,-0.0588093674293132,0.09786540549258826,0.03751776788556005,-0.05199437210937907,0.16019573277259114,0.1129349536721278,0.17616621474585936,0.1637405049102465,0.12979140043177195,0.16191732655938607,0.034568043357302125,0.11282224601081703,0.14133925688763993,0.22859615999138505,0.1134997262078219,0.1079104555582342,0.1201090468430257,0.4320015093438012,0.5045890016529984,0.04537627447583703,0.028460524097040585,0.1659705068745645,0.1445270037935089,0.09212864332388637,0.14167280202594768,0.11808814185871896,0.2328896177376074,0.4309064590861458,0.32015870109437006,0.1497315518828417,0.14059349447389713,-0.08124473281995803,0.13963728028310274,-0.002338905035915051,0.2660648688901903,0.43048893957271006,0.06306833065706341,0.27503270405904146,0.18149317465283987,-0.16300560651766816,0.032810145881793984,-0.019764509990726098,-0.13122890934704978,-0.04527508685146153,0.05847940445541622,0.05340201213619067,0.3107651548971859,0.2316423030612842,0.0923904566185334,0.05681574550045365,0.21967703492019974,0.958862199722194,0.019764887001081588,0.13464942221654197,0.12312508203277317,0.051147524434153935,0.13953779922765386,0.2637617965627228,0.007835258943360346,-0.003928808647654547,0.13069384685463925,0.8753712403272185,0.10526325628843991,0.2872304813078177,0.8109525183677093,0.22666114787025649,0.10264025260517418,-0.06247968655826108,-0.06087236601789281,0.24733581817478556,-0.2547241740155073,-0.09769801686607882,0.18815694905457048,0.30858649414640005,0.04856249912957389,0.0787427154940421,-0.06585698256276784,-0.22892942931385374,0.48265553726369004,0.1388248861791601,0.3436012396707686,-0.09889794778251615,0.3250006746825669,0.005416010598447318,0.14503150780786234,0.2613270528479581,-0.0026038801840907455,0.24018358455220024,0.07904690555284288,-0.19704176434746823,-0.11755110778122657,0.12089049531770057,-0.07491916624361061,0.2771696663821972,0.0006475022255829632,0.16108550388231646,0.07708805637784888,0.028615401250961625,0.2589396056481841,0.1801340205256885,0.1494258245205935,0.1349436127315755,0.2955506034592401,0.14600469599880994,0.4457611349674333,0.4340283249385586,0.13247760195611158,0.20016507086273316,0.18728824249778375,-0.005339323379161431,0.11141255874444989
2013-04-30,-0.2308061709072905,0.20918690980311294,0.18328347655581378,0.2971684485074413,0.16017095259286607,-0.6535326214595247,0.46942096120485277,0.1491591010836355,0.06195156595921558,0.5086298924029165,0.2952144300922679,-0.13825567415237316,0.3036530452887576,0.14833363812458566,0.05703820661880932,0.15277919484654556,0.14835744285659214,0.31303602167206646,0.29951912591719787,0.3759457485068882,0.04770601895883986,0.14178373167786362,0.2976459906229807,0.12937055984875867,0.08943769402015467,-0.015358884732283973,0.4315752719146635,0.19874949612543968,0.056896920335963275,0.17176744724600956,-0.07967862571447659,0.251549637578139,1.3618669235383605,-0.0006158075815845265,0.11027720818622422,0.2352437735502253,0.24139088905308093,0.06623361649159643,0.06568230180308032,0.17474656339386896,0.38693495641292963,0.1436762433125598,0.1332373002369216,0.03488001479492375,0.3921434858294588,0.13656543714713143,0.3012552510194739,0.07110509034200074,0.22993080261775067,0.20344168606388857,0.19786438411811513,0.05192330019964819,0.1321046356785862,0.1454062432259804,-0.0955021499694283,0.3847968926163532,0.24760377910953624,0.20069977541080863,0.3500401570829317,0.21365551665502824,0.22290065978917695,0.06817753570321172,0.18268027587358238,0.2745548496092822,-0.003267277662459711,0.09713909021476197,0.1197757302148581,0.22423703376959692,0.8815843596097463,0.7453299215117082,0.27449352602732224,0.22572143094763075,-0.15048426201878995,0.0896788478759889,0.0431409745625384,-0.0050396542098513075,0.32332361174834445,0.18558397371316926,0.25257888547508967,0.1583831590353959,0.12438289326181384,0.2834677406045978,0.514415479445482,0.14723684155259398,0.08706137622479071,0.20198548648073555,0.2570478580600142,0.15396083222923918,0.09735847054624736,0.304155087637624,0.42076806047689486,0.06577919782658737,0.1342579634413048,0.21564256036275609,0.13277705677087814,0.08016701942813431,0.42853435225141,0.18898338662420544,0.14075781123042574,0.5069718172527446,0.4373554437192506,0.2031560930627221,0.27236548339896127,-0.00603195502877496,0.14414579535090466,0.04486584887273248,0.337792622856129,0.7096114284120649,0.1508457407990944,0.3121783199997956,-0.009762581639328638,-0.06397075697321841,0.1864802650362305,0.12205637909875455,-0.11287462123385161,0.06877425224080813,0.20956479393576855,0.05072215477076636,0.29362911833239114,0.4549988627628365,0.05065313320496134,0.09540201456280273,0.19130248213408074,1.2067534729175802,0.07108483040809443,0.1347649125649486,0.18965487368457312,0.22122465443835693,0.06500854172908532,0.2546059581060265,-0.0048731126674301795,0.0075268318016887825,0.025938930408338612,1.205556315747836,0.2084845228358858,0.3130547458073223,0.8852594561817966,0.258905049263382,0.195950271119246,0.0038660970195589783,0.005578112961765802,0.18420567869006588,-0.1908999870662984,-0.10230956839324046,0.16677472444207542,0.23017128062377656,0.15396116882466937,0.05066247741233143,-0.07014333739589218,-0.18072363872248887,0.32179409711844964,0.17189579350090356,0.3173565729850305,-0.07453360849354007,0.37688704518384397,-0.017455396986964744,0.04110338513330891,0.19461874857515893,0.11045363984402012,0.22374438689483944,0.04610110698421788,-0.09189761679302111,-0.11620987224899959,0.047448460350177024,-0.0563765017883211,0.2949495668629962,0.11651412413081963,0.14603170040805602,0.12239410204552903,-0.02913878819801652,0.26494043572188986,0.143123343146071,0.20968833143418042,0.05953242872944653,0.4448914119936893,0.1431170904635659,0.585470401163326,0.2984167003864322,0.20286055445051443,0.2180708435211849,0.2975931080870273,0.0977886675679851,0.12851782326793604
2013-05-31,-0.22227399048580487,0.27429548884800825,0.4583714004634911,0.4518519464969346,0.43726187784475745,-0.5361842156859977,0.5201831539841983,0.19209995219758524,-0.01572947254400825,0.6801298230273778,0.33971772778635856,-0.009664234347778744,0.35527368285582983,0.18626467807804437,0.31676169254257536,0.2716202809281325,0.17475043306942917,0.41956783637579353,0.5447736312416667,0.5092536771760754,0.06352916365718597,0.07201932700119151,0.40091423428517214,0.5215399478407994,0.16461631118467235,0.0988510497702666,0.39447133666403644,0.36430508708091036,0.17199590058615355,0.3010361451665473,0.16036947333193696,0.2896271743314931,2.4058939729914375,0.12179156067668728,0.2503398885876138,0.24287749000570535,0.27280515841573827,0.1643988922058921,0.08756116045680229,0.2564982890969154,0.6127358314074614,0.8301689839836695,0.3071981678882372,0.09146946357280061,0.4713048018089818,0.20901550080979714,0.20147231590559023,0.15356618530473232,0.2371667096062664,0.3291107118176164,0.3133391483423289,0.13567483820847492,0.24178641358091668,0.33770657479519084,0.11271170816191112,0.611444867649211,0.3048780609374653,0.2635345846447068,0.5079690770595819,0.2429678479263293,0.25076719219172805,0.23693075666086427,0.18077187919113946,0.35534905487595925,0.10441641724619233,0.21458694441690995,0.06117279456221869,0.21058259801486012,1.0276286924116893,0.7748577896540378,0.3468210110223757,0.3305835896368474,-0.05889885216920121,0.179696787798324,0.21196953669734464,0.23914225888720897,0.6828993915928134,0.2686319289640646,0.2982062807562984,0.22041326693490326,0.1944379584543403,0.6768068933672329,0.6130136616601616,0.32174814001036345,0.20766345314862944,0.3864182275473307,0.23314894946723208,0.3539403650575441,0.2759000381159231,0.5859935470553137,0.4244698885135063,0.08454852641033317,0.3281721820580781,0.29608053204059637,0.15763183598380315,0.0955730406418478,0.2794803218425217,0.38763907634103933,0.4194650831207214,0.47607557781256205,0.6744167699868546,0.41669015199714576,0.23846031311944405,0.12767943791492486,0.2348964446765287,0.11244655166109507,0.39586521625433413,0.5250928901808596,0.2929516075206551,0.4739844406840994,-0.2527819820102418,0.06372757766801174,0.32134894574666717,0.13956843639548233,-0.015945709138303843,0.19181863702441726,0.38918950805196717,0.03677514004310023,0.34730780409795203,0.5879002262270456,0.18931101855739096,0.12414006147839007,0.22294193431759934,1.2113844432705538,0.18981744963857206,0.27424070171441595,0.2637562146486012,0.36750765547466835,0.0996319816311384,0.18863728876733465,0.054918350725544185,0.12153543031917735,0.19030426570354408,1.5583203479388215,0.23963595812090555,0.32178745761611594,0.9424092499631405,0.4021496243501599,0.3177508901462496,-0.012467030654299549,0.029996507298447828,0.31138288134360304,-0.08412460693612023,-0.019047709700771853,0.2021885279213167,0.4102563436497997,0.1997539884868278,0.15016493156069521,0.039848377530897316,-0.061710395256247,0.3368205981251411,0.2278085372291887,0.3126104828487186,-0.018677677235375167,0.6326114907530547,0.07591118525380747,0.2006050923441316,0.43936491427984503,0.18996389256955615,0.4664478206397731,0.062064879110494076,-0.29032670747537426,0.1583435738409873,0.23272968472390998,-0.015888602184805145,0.4079816825846685,0.15818504562144664,0.3002619762940464,0.17907548099525705,0.023218785590762625,0.3236411470343621,0.2334273049381579,0.2777010931681858,0.2510256715105952,0.6478005593378409,0.2736455806516913,0.8283409480904917,0.44318859225683416,0.2814487220655941,0.26906304523113755,0.4473310925251994,0.1726475212746854,0.2539379483074391
2013-06-30,-0.21337468846040442,0.21305321167998525,0.397205498917899,0.3256101718664359,0.36750773342119225,-0.30191972309159243,0.40448992659825667,0.17889210228166852,0.0666203847876039,0.6752110239943325,0.3688947220485195,0.03558218022274717,0.24956001709516062,0.22464951206592643,0.44390443870558416,0.2017580953194782,0.18860585907670435,0.5019221881503082,0.7166345352182053,0.5070290060624838,0.08238679964849904,-0.0047725361847950065,0.28820180703792597,0.572396683122461,0.0444179754720857,0.0682875029064991,0.28864875325758765,0.32983695003984215,0.12698232375413143,0.1510337038717815,0.17566421804902865,0.13882715255514744,2.303400513483902,0.06563869083897012,0.14835452453554754,0.1688492668916899,0.29424844498526825,0.0628904139036266,0.1535624141679346,0.2888164088094187,0.7119949210557588,2.1243207756307405,0.2868796977465553,0.08340818308318987,0.45241783634254995,0.24691181084574754,0.09878369903530682,0.08509224675356264,0.25654254982565927,0.2611256659296155,0.37729566774436907,0.1971511192934421,0.31810668540384035,0.36458536623481863,0.2097904663432415,0.6825444236481368,0.6296295673346199,0.24032230496919782,0.5442298971685917,0.13705127909225734,0.3300328833046393,0.0954844403599504,0.012444050720956668,0.2441839221229789,0.2261858153033931,0.2712165460339242,0.05643436544176539,0.1471488196410058,1.1248052598002904,0.4843495970143459,0.4396829539809062,0.2590824383635799,-0.1015908380642323,0.3510249998200188,0.17883819829197134,0.239533748503165,0.8449891997164249,0.16933858919189904,0.3493985636254582,0.2749822708067229,0.08685714242159759,0.7953952885235669,0.8510303743413581,0.334263340046566,0.09776587268342984,0.1347172088772055,0.29660237641012954,0.2408048978978088,0.0762998522752305,1.11766769856137,0.4403237795909518,-0.01065074695256718,0.2974929664873811,0.22032361664503441,0.1915664828438557,0.10953395905468466,0.43651653185613415,0.3443617941228956,0.38547853599837656,0.4053336219896275,0.6448953972949736,0.39974904215182905,0.3304291264255299,0.12321284541332767,0.20072052062913048,0.07749961184898635,0.32059117660757797,0.6072530758020227,0.8615376990966017,0.7190064074219977,-0.35663118075106026,-0.11872179814741002,0.676295913650016,0.3301771693730975,-0.0557239860444354,0.20568815003069174,0.7185600188329475,-0.1424112681073123,0.1863779420560543,0.4824234174010964,0.23557354235702488,0.0872700574854881,0.22224935862166117,0.8781178425733394,0.426361412518679,0.09834976758257619,0.2329757626568969,0.4169359067193845,0.32325002816859216,0.26708479888168335,0.03716926357262618,0.202247102114528,0.13804703255398132,0.9589801506458899,0.22144355917294756,0.3786907271793567,0.8800236861842023,0.22296892447099692,0.2951086128870275,0.0727315209470698,0.16744195160602482,0.12435042514109274,-0.05726555850914261,-0.0406325335632689,0.13668631013850452,0.2146267537687725,0.14815644987879328,0.050424020213149845,-0.16192750713121562,-0.009101590614365329,0.2877882705801582,0.441696328322712,0.1536578508851143,-0.06863197533296383,0.5019607141971398,0.04466841491057272,0.18003281041906605,0.48677195149156316,0.2265502395582053,0.5100850074524454,0.03723738109428121,-0.2750833845381242,0.0969166357430773,0.09901608288239871,-0.022030866770719193,0.163169885615706,0.21693717879644692,0.25783369898230735,0.053757598714247345,0.13399817770675915,0.191462078239518,0.11332824794622631,0.09519657125382852,0.3481966348546348,0.6452635131023037,0.12411558791594257,0.7734428735001495,0.4744693941024778,0.10749864619922356,0.2575814932287628,0.5930258966016146,0.20657324468247307,0.12321693606934447
2013-07-31,-0.3368156303295079,0.11310992042153223,0.22022591774105105,0.4753886856051319,0.41134263211753175,0.004926103745908295,0.21666607818181705,0.19027000388091908,0.03412416134544349,0.7589039406100266,0.3191890971235276,-0.0024661946944434243,0.24481221201256398,0.22804751633120857,0.5612176000379996,0.11544521466459656,0.20071959650845717,0.3908557497969969,0.5219137520193902,0.5147393738563566,-0.007629821860950847,0.0606721405243833,0.28240157916794484,0.4966671154143141,0.020720702686805703,0.13341351870077411,0.1604273521403463,0.31902694566903755,0.14461060002610826,0.09208465693225265,0.2077569536680961,0.19090616870182364,2.713103498081061,0.05535385284925454,0.02458439731595896,0.15797973658707298,0.22135803010255084,-0.024010514751915624,0.04146822279136919,0.2806802797846564,0.532742520488668,2.9153900957815377,0.3071052812345869,0.3027101094191238,0.42720352034399856,0.25516384931443814,0.024438180248981034,0.06768202981030247,0.18826435469186298,0.251801529334289,0.3192965499511613,0.17414196244895352,0.30839719879623395,0.41916532492422864,0.2492369040968836,0.5536327047408571,0.7930368125659224,0.23969749129478046,0.8008742570626348,0.08563065306787476,0.540213014059733,0.08235478027974263,0.0421566697584459,0.3174124215515053,0.568427231135578,0.17655873774099273,0.09837020170960109,0.15485128991084962,0.8873548802431974,0.5747574132672177,0.4004060408840697,0.3546714336141106,0.05115266603844182,0.30428119776743023,0.12905517689246948,0.2885789059593522,0.5258297299197701,0.10557582033688018,0.32885601947524523,0.22557431203927325,0.02431535690953912,0.8018341396904822,1.307568739742209,0.2920879694781431,0.00923205128286253,0.06193415120941825,0.3644407260387852,0.2022738580426613,0.06264904584665798,0.67010785402957,0.3290965702230657,-0.04367889391014579,0.2123404316898163,0.2642038971410292,0.1426832515658003,0.10534144443962279,0.6503813714430857,0.36488599021378043,0.42948516864512776,0.434125729404909,0.47569083347851304,0.33877426301257585,0.2926569532808012,0.120360129184508,0.16699711585196786,0.1033997807277669,0.3048381384171921,1.039055431084169,1.0862060049539135,0.5480482879301132,-0.3359683957611175,-0.16495255451531876,0.7164905972886626,0.08637455453912724,-0.12030596636014623,0.26374737044345875,0.6900054152727821,0.017239472655408372,0.15677876838635263,0.590693847935591,0.21971322033356344,0.12457814307297888,0.27229715063364623,0.5362883063075934,0.3851933577890252,-0.04452397757005855,0.15054759386780692,0.38944974376768915,0.21122106630614335,0.2542003272286377,-0.014744836201862177,0.4688596794571709,0.02156648332193778,0.8475721677012205,0.1611088075983953,0.32822938801376567,0.41288138907059135,0.12889376243893524,0.22013881909287636,0.08586574045202555,0.12874080833301194,0.02552865780520297,-0.01992397984594174,-0.054098635710785214,0.1661989191968527,0.16984461095137626,0.14887345631827453,0.004615609405834276,-0.18250340290239553,-0.10946749196373096,0.1674942911155206,0.3494551473315939,0.036704620764591134,-0.05121121627926484,0.41907601511551973,0.04145829881400265,0.12582031998780918,0.2739026885865332,0.09766492089555734,0.6339765925935568,0.009577147096396121,-0.3019489515025602,0.05492008260513437,0.011375694297511174,-0.015031217605637415,0.07258929064358277,0.29130096433849006,0.06334019438306693,0.057375141594972145,0.08543005029242656,0.14468446586475792,0.059018794637022864,0.09333289391632293,0.4620003728325104,0.39189774537345956,0.11175432014273112,0.6386390819507701,0.3624754372839545,0.09952401093110752,0.23442655609206464,0.5219226047560235,0.18478119320560982,-0.017270507359901988
2013-08-31,-0.30811017286995857,0.18747555444793407,0.2251824825277493,0.5119922637403822,0.4273139458779147,0.013440847293478164,0.3086618262088028,0.2132758749703645,0.023915959176729507,0.8344392144152224,0.37384405712294577,-0.0036486292408018928,0.29537437257996646,0.20540027503380487,0.38178140347428524,0.15010671546898946,0.25923142800676335,0.29581522383663006,0.5683657761583802,0.41353446577813746,0.014319943203128904,0.10385093471203088,0.42067401497449874,0.5426904455200707,0.1017722461973527,0.16321598841996754,0.21627852339797982,0.4487335170015416,0.12348476745474879,0.16198774395476434,0.057572334411841064,0.3217040361946537,3.0937699900596396,0.04751231276917367,0.0337894199952915,0.18765565013787344,0.2327915490590502,0.028914617434255385,0.06874839614420813,0.34682835977511184,0.6017642830803775,3.708275606997244,0.38836314034440544,0.36365523136426425,0.38885851470847577,0.3059178478883815,0.09299235806919004,0.09503318574453479,0.27084585230529545,0.275996730836473,0.3138245901716086,0.35675204723927245,0.28190307416591653,0.4982161335273947,0.44841782230883265,0.6324925593580486,1.022222200637001,0.26886477946716236,0.7016137393992983,0.15239013110574495,0.4255589008551057,0.13179329545065221,0.13409456444756662,0.45648991891044344,0.4595072720673794,0.2372700346008192,0.21702819897042813,0.2159588770852776,1.1286193758242296,0.5796626588693747,0.4453520871916554,0.33467474758537663,-0.21104537411701496,0.24498935378162678,0.16963802980471754,0.4421326195936053,0.7298563985394173,0.15920867586886156,0.39017396808799787,0.25703157133669197,0.08711284449301315,0.8308966318148672,1.1320456243721377,0.41032881109992103,0.03902222048415549,0.07599942866643272,0.41112101278149504,0.15683404430917047,0.12916892601674235,0.8241133802137424,0.22743373410365142,0.02159699979770613,0.28653099010200056,0.3453719948786462,0.14578801069294545,0.14419041678697253,0.4963435273180383,0.3633294693067186,0.32566267384417147,0.3897095607746315,0.4880279032139534,0.4238315821890726,0.35946447504848433,0.2291711959824383,0.1936850961951999,0.12616691179679718,0.32692134607215206,0.6375940131052058,0.9594900905097075,0.5761465641623706,-0.30094996832729093,-0.12465710444795708,0.8537134645162343,0.17032707209278786,-0.1502065113253216,0.34285617652839506,0.6800939336438496,0.030822642335644357,0.223130210088754,0.7904016014017792,0.2516970709334416,0.11540816914039276,0.4163791807079693,0.43880620588284236,0.30750312806512836,0.21511107383473171,0.2325675450435749,0.45357504334192233,0.31023831731928,0.23202753380037455,-0.016764549066872414,0.4532950105548086,0.13725880151374215,0.581360511586265,0.130410731755908,0.32465621903000863,0.2709956818356474,0.14279200506388867,0.26495140148559115,0.1673567655568604,0.21664891867123992,0.01908970517484221,-0.05544061254007193,-0.01373581652774536,0.21528194064197126,0.10699638583567861,0.19326010030521878,0.05271064608591325,-0.22362372633850247,-0.03467687548265719,0.08889859340947903,0.35107121045920686,-0.09258793506541396,-0.04078475187320363,0.6101768830772467,0.09440640426178715,0.2283874428024033,0.39161472865425884,0.09901494877482242,0.5929877027229578,0.03521173612274753,-0.38646080808805805,0.07780779924071846,0.029734606032201905,0.029079257475940645,0.042426308955316516,0.25876043606759747,0.09167796516726567,0.14950341176778403,0.14945517004839792,0.25951875535137847,0.15158838803970798,0.20591729496075684,0.5531542150631985,0.4291851323808473,0.24860828124611611,0.7311378999521463,0.47757873080990576,0.137467337441328,0.3256775188585803,0.9456457611237423,0.2941541970867483,0.051014215419727504
2013-09-30,-0.2522438780780637,0.03290162863118118,0.054921388988474096,0.4102959906518746,0.3827488928102527,-0.02967356321318637,0.31647491969737285,0.10482858011119478,0.12229603015032198,0.6033485452130205,0.2609977898975395,-0.01628049623089889,0.2090673556560263,0.2870519881115472,0.2573504182625346,0.06743960269913929,0.18955174977524125,0.12246527904296856,0.35716090727716043,0.252440334827742,-0.10521461778883023,0.09078017929055404,0.2944278013864934,0.28333578271896465,0.027890588162783336,0.14803478304001771,0.12524700458897953,0.3469569588887782,0.06276607623252617,0.07863694551529998,0.1569987323890094,0.18329781000526935,4.215101063192201,0.13101918965074089,0.024279917460893197,0.15146685557167872,0.15838069816558242,-0.05297968442238876,0.0807144663669288,0.3090484821809476,0.5190570966436645,4.771858216918521,0.4263275356452818,0.3106675586760559,0.30949239857791855,0.22374741118993846,0.012907929862286505,-0.021421881230218376,0.2170522416050864,0.23871068486837044,0.2838715256275657,0.26392565841613136,0.2812278700523412,0.5266239612821828,0.5160320824020959,0.5006036981394948,0.8432056351188757,0.18021009235121355,0.6693541596011983,0.10253155099815658,0.30100259707548793,0.032012492680070226,0.05934512998377839,0.4222276441438244,0.4916110214420293,0.28734264263145404,0.2744060884770665,0.04492622308993255,0.8172770727988314,0.328201335388949,0.36261347826184664,0.34735074276663824,-0.2201440538310796,0.22356823874711385,0.19227088695944228,0.4685337830341727,0.4602077865358354,0.13307589496949856,0.22804515887239796,0.24657302656630442,0.05478722789939483,0.5531629421063053,1.2692308320960195,0.43273537180632426,0.16703528568136172,0.009665741432332231,0.2807719198737364,0.028629227904911847,0.12394542608565606,0.5872527424372413,0.17072285610849502,-0.05673564858748492,0.14389966982142366,0.21748379185833056,0.18996839528826182,0.0727973353606064,0.3446055170256035,0.2391580270295266,0.41689487376515255,0.2359149463344321,0.42765226651962474,0.3416538861134728,0.2819932821209603,0.1448628028944916,0.1707123452402477,0.04879121826286115,0.1814102451813313,0.7997338468157906,1.0992906036284493,0.37775843896833194,-0.3445096819124519,-0.09667859232953602,0.6841738339967047,0.0524671118106812,-0.1715232644806246,0.2978835052666515,0.49802148017297854,-0.055661790279114554,0.11788973133283509,0.5854570336376723,0.1314262557538659,0.03843082132702946,0.4223623809500541,0.3568423248464878,0.3435756929242044,0.09595942231675458,0.20772603991317062,0.3859712942346816,0.21866501335791044,0.13174809816738708,0.04967084965058377,0.4104182968125414,0.13694879494225454,0.6769703298421827,0.020650957292763783,0.33408776928144057,0.2533247663461822,0.11536367682647164,0.2985481776149972,0.07666224220278473,0.22286071208405178,-0.016706494052151966,7.535234351729869e-05,-0.06711564896640743,0.0683096029998278,0.0829954041892953,0.21143304072769564,-0.01580864690724959,-0.17547110277183842,-0.045548964960265836,0.033492240171633325,0.40961208199245047,-0.15680650325746825,-0.07212142253865306,0.45987095731431493,-0.010408332558857092,0.21113062746721267,0.44105497328652543,0.11173337587380106,0.5420042186452749,-0.01613226657387279,-0.41625657240916536,0.04772462933015942,-0.013266840400269375,-0.05552533718571684,0.028951469163595478,0.18624740552066754,0.06841827940763823,0.07383669582547392,0.19688746291884085,0.1694877488944584,0.07919476715197082,0.0842819204469023,0.4808489525167272,0.33728370476798886,0.18800226240705475,0.49408367979427426,0.3834796845365218,0.0962735823171843,0.22766615586462868,0.8723608803627896,0.2454713761656273,-0.015621137014671826
2013-10-31,-0.18008960645984218,0.06881153878643653,0.10415466392171902,0.5263003376393938,0.7017339806616938,0.858536600683645,0.3180836039285677,0.3424363662243757,0.3332250086800945,0.48566902135363343,0.3145339217376961,0.0023319765084568456,0.26660993072133055,0.42238681588078997,0.3971738932347628,0.13866251312214373,0.3422351319708936,0.2875349411699233,0.31095819363151445,0.26092440544030837,-0.030552368491061133,0.12483577945658841,0.2635981308082527,0.2656523448035881,0.04795139977015661,0.1556286857459772,0.07418100952466089,0.4636120769293346,0.1453980999655735,0.08299570325290917,0.20212167014379712,0.18490183503933322,2.9021961468860673,0.32857679631022085,0.07732050415170844,0.18188545265575073,0.11695161205679216,0.008650102848440255,0.16996355498007532,0.41235061553709595,0.5207920745385439,5.874156728125147,0.4652642138638774,0.29938417691732555,0.38839995530034654,0.2615869839180158,0.00981642076362954,-0.031030121046121573,0.2391995854675948,0.2865049931730468,0.39136639641501136,0.4158391661165086,0.36216296603800613,0.7055346013450157,0.7619426798075444,0.46638600275520625,1.2840467074068678,0.2164800862444809,0.5080818486242349,0.14961996491558138,0.39309294923763916,-0.0247829323289549,0.06362543514228558,0.43521235017041193,0.3921308288684642,0.37511690915350693,0.2477259788777817,0.17227409611097144,0.8716882202761538,0.602115636070363,0.3874379482328725,0.384885309129537,-0.306056580188234,0.27306645393385276,0.348279402664607,0.4463272350693954,0.48187702694121515,0.2105277262897598,0.3026471262432944,0.30415324950723965,0.13832126089886287,0.560485040364191,2.2173111863153454,0.4304977828667038,0.28712854398766785,0.05862723304491091,0.2938053808773988,0.13025354303558223,0.19603143098517029,1.198664572859987,0.2920601593650556,-0.08165138625716073,0.2693488335314109,0.3068277274439144,0.3694199371188256,0.12887116950458144,0.570422568596602,0.27848243285687135,0.3950494815484398,0.2916801118742627,0.7419867072669746,0.2401750991090088,0.43007239197031577,0.155148296490774,0.24362842075809144,0.23210863301489382,0.33306864717257834,1.1541983581368727,1.068825467845444,0.48723448928503776,-0.19808828451516136,-0.12676977858727556,0.5430030115235516,0.15115060616884612,-0.08397371083174388,0.3151297416971057,0.41058815162877127,0.03586283458504602,0.16841543891421829,0.6310625206418214,0.33515360782928827,0.17062423094750145,0.3858115357468883,0.19613689000020496,0.6136188032436787,0.16027157518188373,0.28991883809193864,0.32781896817371936,0.4085089501840118,0.22211034485781878,0.20699040519888845,0.700740861374135,0.2911583955959307,0.6242223000747948,0.026921432966162007,0.4006249034178997,0.31144848993455865,0.10022479975612275,0.3094451791112436,0.03343104176477141,0.4388930107389579,-0.001694671519422264,0.03683223828057125,-0.03215163944427135,0.15994079258532756,0.09408226084332827,0.2409013442647483,-0.028695333454699767,-0.09133064784191414,0.00741709867006346,0.15623731172820476,0.45918785552813124,0.016944600717760716,-0.033232190893232594,0.47034229297525343,0.01611629923359925,0.3519156955159506,0.5082332807416423,0.055821713586885036,0.4890171584954801,-0.0038187806641569733,-0.46586423567265933,0.21963449129038737,0.0017104760513277917,0.004106412794950165,0.011052754958555955,0.29825207497901696,0.08228881692659007,0.11291172014538264,0.15890801968908064,0.11236311469419324,0.07954660483072318,0.07875760543080013,0.5179971506576582,0.28637292060558805,0.14014091624425618,0.6671690354010711,0.4512664178513306,0.07879391379845724,0.3881045954408431,0.7164127282262114,0.2968183750087874,0.006822451834895826
2013-11-30,-0.08980226085542864,0.19109450746538026,0.10827916710081542,0.5665992564151061,0.6975766634533984,0.5181817462621656,0.32659464831184737,0.4442769287093542,0.32303651994848903,0.42160202764779275,0.3066529739479742,0.0037786627006151097,0.22564355476842013,0.3537136480707548,0.21997450168368893,0.1626040865344791,0.33793553541634025,0.47569332116137386,0.3791211420882643,0.21593153020486056,-0.04397516647012589,0.20509962101745827,0.3589721538854822,0.28984537295959445,0.06602848927399285,0.187706030108443,0.04370960423668335,0.4727532611881138,0.1357213973629685,0.05646619910218176,0.3601381525569869,0.266063823928383,2.9466391881865674,0.28974705892129893,0.05465429528473731,0.2328518569906648,0.19236644185320828,0.022874830596524287,0.11257304579364535,0.34847225254118497,0.5504779562391084,3.729153825322185,0.469798485878854,0.27526112546591697,0.3212897822970937,0.3217380412961639,0.09156084203886872,0.03748815306079467,0.2511264958440187,0.35828548860107223,0.4071946061993146,0.3537904470932347,0.48177164536443384,0.7853337579930892,0.5890315165147975,0.5571673536015678,1.1101082420356576,0.2318407848619526,0.4737376625192562,0.22049005735454075,0.4160252224351304,-0.003173754824086328,0.16143403186118555,0.4874256500860281,0.5483403811235545,0.3610831886145067,0.46937393460092625,0.27843095991691125,0.8981332228353136,0.5807916227985945,0.436964999583199,0.45841829685641033,-0.29773156470413686,0.31000351273951,0.4748614366113513,0.545273518280089,0.47083033207867353,0.3294928236315018,0.39378686835839116,0.33300887989565453,0.1604137976285951,0.7168060129106906,1.961474074148053,0.6485693568340072,0.46304131554555683,0.07120596507736332,0.23748501556197454,0.21263381426478323,0.22608066177404584,0.6290002819260381,0.2432444928716282,-0.017122046160907067,0.3967086191931941,0.3869223183501993,0.3822487635400358,0.18689530855274983,0.7931640319786477,0.25010394616829257,0.5621855575453767,0.331782441970065,0.6378697997146998,0.3547631153617823,0.6660718925941966,0.20447326922350872,0.2975385582317196,0.29302365589856305,0.4024020593144453,1.1964831582427138,0.7724512818570108,0.38819949106175056,-0.24870350524595597,-0.021464746271296686,0.5340290579436271,0.22609141075923356,0.02428871376019437,0.34152710933775077,0.4277433921926086,0.1539531315044118,0.30383347131566363,0.6547889097577115,0.34432207486496136,0.2566204554572058,0.664357035677138,0.22153561373561814,0.5776141576974958,0.29567525229434266,0.34760837867633976,0.3030625464836265,0.44052941442487037,0.1431651410931971,0.36937531603093254,0.5782020426828922,0.3243472939819809,0.8199555635805862,0.044087446443379585,0.40858231865916284,0.4176660498862328,0.1398906774667663,0.3744446009031166,0.028380992702021768,0.33953034678871163,0.07373693303662154,0.16294970246146057,-0.02044469951089456,0.1821226832075118,0.12588811727084304,0.34330303951770724,0.013855671230974087,-0.22372289856678373,0.24221236596525886,-0.0020825727263954485,0.5246113620440782,-0.13194426482542254,-0.022725466463411115,0.42718116812803997,0.1825910572316276,0.32354364773850786,0.608296239474128,0.08836555133972235,0.402133689765102,0.11151224087289568,-0.3994127668845412,0.31521446763095406,0.03739818862144251,0.11975436360011593,0.06613500614491885,0.1936131818607567,0.13253048365130704,0.2679326547864087,0.12335356217638682,0.16595114105722608,0.09977254354248766,0.15131034198581217,0.6367503104840793,0.2250403287540197,0.20914134063561218,0.7603355171438502,0.4871656217371958,0.09582398518890556,0.3733771437240978,0.8230769512217089,0.3872709006197841,0.01655058299553991
2013-12-31,0.07116038703715533,0.23503902387678144,0.19308474933108566,0.5069001677130427,0.5514545688454204,0.5166666501098214,0.34796594975816797,0.5690197982743308,0.43754245620631327,0.3658237832553244,0.29910816882787494,-0.03651976271750457,0.283953035630359,0.23950018168279152,0.10585806460559599,0.1694940988906668,0.3396752026188721,0.4979078216984685,0.3418523435508891,0.3248924656295067,-0.04376588260170755,0.2617455032027136,0.3913684509584241,0.33787333189759416,0.14054538850086207,0.17172945690283403,0.056457649626467044,0.5542542666845671,0.1399289427838517,0.2513426073588101,0.470751778659281,0.2646002855988676,2.95075150087029,0.3002317081099528,0.06702366079050348,0.2607205663044396,0.27914188627986536,0.05349081065541861,0.21256380670531794,0.38197221899613476,0.5897237427688662,2.75789806454365,0.43254906527466264,0.38977414008357214,0.35277318027331295,0.32559207462145756,0.20943487974238573,0.10955260311937831,0.17252288936036608,0.4329634271897056,0.4836485228123988,0.3241124153970021,0.5115072710344997,0.8169124559556673,0.9219038897867586,0.502099710555634,1.0209423883350155,0.30912220515092703,0.6369137237130935,0.28785722059933727,0.6499967951245662,-0.0073859290682698475,0.14558895537276628,0.5027018847595033,0.5481043957855103,0.2997370955112171,0.5185959803181672,0.30068943852684415,1.0370314055132224,0.53861439591259,0.42423934924339424,0.7227205409986812,-0.23139674111895603,0.33146995775957167,0.37680629951044,0.44229184315323233,0.5047639729350497,0.34075418891468034,0.42011520086685294,0.4110801207426471,0.22280999596342688,0.6502779703581885,2.328075310740286,0.714688420908151,0.4562333350587229,-0.007330835830881344,0.3403418719630529,0.06236001988708195,0.07946996337530199,0.7177762263252001,0.20340933655094484,-0.006976078418436171,0.3899756167041466,0.374012854356814,0.49694908072501565,0.25086177874665405,0.6568018052712741,0.28074254566425516,0.41221863062507014,0.37898432642451296,0.9879074327203825,0.3373872580218722,0.6319080177917593,0.25461423898080193,0.3765498597791208,0.2708443165735783,0.41675062815847586,1.4348785710857177,0.5268594806845526,0.3762179944900077,-0.273261558047737,-0.052028262876767206,0.3539642683554567,0.013954229887745528,0.10255618167364622,0.3524385576962692,0.3433925866149403,0.12241379565489563,0.3264341724457438,0.632748359802692,0.3562072469312616,0.2808696224745191,0.723187048553819,0.3400865454679747,0.5499625116106,0.39771733127796294,0.4303242711142361,0.28685983672040005,0.41006989001326133,0.16800739942287168,0.42494175021710334,0.5390721614183447,0.2912838428410076,0.9895455568521576,0.10628903573174342,0.5101037966047703,0.4961508764807676,-0.042808858312936904,0.3919946247212176,0.1934738826645972,0.3189453163202485,0.017273065562960266,0.1766560988636754,-0.1037943283086813,0.1672536809557974,0.028686544707988704,0.30944801237920583,-0.12630810201968246,-0.27646104428508633,0.17814699168614712,-0.009411668148061714,0.3730882137595217,-0.22065934265089715,-0.07057423954290076,0.4453392557584912,0.060298248878911,0.2531210285801715,0.5317883869203193,0.048324768489005354,0.35881188698042243,-0.02944781438542976,-0.4495433790961404,0.26687822553085816,-0.024255315046436743,0.016242387482625187,-0.09535598026574665,0.14244714923636437,0.10910783461725404,0.20920903812042035,0.11863575364734813,0.12919895007963333,-0.01872741980483217,0.13214910258353196,0.6294511692235663,0.20372463693035647,0.21718221610965305,0.6290359570327384,0.3810862176659686,0.11250109691019716,0.37700041131451045,0.8632278325600111,0.3939413031276058,-0.036071644790277246
2014-01-31,0.2626255238297879,0.1450598072213911,0.17130089453856878,0.5828706891301201,0.4049958023648881,0.48846154904224504,0.3596377298055744,0.5020340023876704,0.5107742389921437,0.37956559052728767,0.22315069829070255,-0.05808522189446508,0.1753610572974844,0.2825188819604041,0.1150594598159993,0.12045446512142477,0.29010272373125745,0.4830286296193207,0.21463776453061412,0.25600585008307974,-0.05840423380928872,0.23358570110308752,0.27667369913290996,0.2691056337712474,0.14116400905739668,0.2024654067692475,-0.014457824827530774,0.6165179959871521,0.051547816067614605,0.20052852164791757,0.40407960484894745,0.2291895675506639,1.2280928137011475,0.3352375569246522,0.08547891536412044,0.17085271666676038,0.10788184152546987,0.029370336219469273,0.14650395879282385,0.3285496983244063,0.5541346989604801,3.01039685340921,0.3573374515887813,0.3856512334062103,0.42121389379002827,0.33212513497947604,0.15258218051458217,0.1555232339643151,0.20182680987929658,0.3978836336887699,0.4642719244560538,0.3151927764622373,0.5567747529421445,0.8844874829877896,0.6957708525679882,0.37366695756824475,0.6091031854574238,0.233215074744618,0.5005043409731995,0.2354141641442138,0.4367606377550879,-0.005688494680488154,0.048823130788344216,0.45583552660750826,0.4532344312339962,0.25959635988318164,0.42466320315203276,0.2987738463714569,0.9036752301272584,0.26719811354379686,0.3674893034578528,0.6258816452871949,-0.3313137513800035,0.368399201602043,0.20859065040264624,0.3235299311301032,0.45231328365647916,0.2978812887428095,0.25773154179261626,0.3880551924923932,0.19993979146830876,0.3835360690080778,1.8769841821373978,0.8121685017869913,0.37444591044634823,-0.10430584252646924,0.21253848060275682,-0.046175869811335146,0.011204426058121442,0.5823845876388738,0.14458946102681014,-0.03820375495227779,0.3867161983476508,0.21885253313077824,0.42550828418884423,0.250438400093729,0.6592229807319445,0.29049822547562854,0.35493255701412973,0.26809519864262943,0.7911968480550959,0.3057257714724575,0.5161712945408801,0.3801991316109947,0.4304289138069257,0.29163513936260865,0.43547147034255285,1.3250164748338928,0.4583601175598129,0.37162753034061846,-0.2687645636031546,-0.08729112550049212,0.21422397449000496,-0.029797702372220458,0.15353361690338563,0.47299153815350303,0.45496603215774734,0.11721461789121479,0.20646230742254312,0.4521684698964006,0.5553064842368753,0.25321594076882437,0.5447882202470524,0.26126746769410625,0.4749631319794063,0.35067574266579915,0.4185009518166185,0.2965656221677677,0.40833652959678646,0.18539541885560484,0.26819369647686586,0.4153542545505906,0.17258538657627587,1.174907818734293,0.07239427553889044,0.5218523551394461,0.2868541883137501,-0.10676985776157322,0.27830375259274565,0.18166988137557283,0.2902920911656024,0.0634075938129468,0.03368891927719431,-0.057860718206540485,0.0862993199386135,0.04126542932697763,0.2705569722703498,-0.1471984977421965,-0.23512374088184407,0.09813223107985647,-0.01965319970085544,0.34805466131166307,-0.176298237119612,-0.03085894616070939,0.5136101336104644,-0.03609956347148047,0.23777029559672758,0.26202025778083593,-0.008360283439238336,0.3132069290925883,-0.04092270734359815,-0.44341862709523117,0.10874571337327721,-0.022141131561144833,0.005793765973405085,-0.09818002023347772,0.0920607222154688,0.14683610680126336,0.16781656313356397,0.049281973851492245,0.08048404077937099,0.026861114353478044,0.11727066000320607,0.6681593790201033,0.21687684238544325,0.1561897472900362,0.6952962003894863,0.39709365047121636,0.04297425584592074,0.35785590756209085,0.8556494345397183,0.3926794044967794,-0.0009725952067773935
2014-02-28,0.15587311652861557,0.104226589883885,0.10016575747335232,0.5057236468815116,0.250501644204449,0.37751006169487655,0.3162061741636659,0.35728608692131325,0.6317664574626474,0.4946676908940517,0.09240401794849351,0.044332624481941973,0.11810944969857018,0.430800140770103,0.08226936670098883,-0.023367151402270858,0.20944210633399174,0.4740014325462507,0.10657107405619581,0.1452228967058291,-0.10693833122995366,0.14841354103659588,0.18819552752732327,0.1630306891558997,0.004821806650671112,0.12601809981950995,0.015849397374462004,0.4679138354580119,0.005946354417231348,0.28603175170812434,0.39082280419611326,0.3110004600591898,1.1763610525582555,0.2594944591609196,0.08917902947456802,0.0829679610908447,0.036517127466410004,-0.11296063804830825,0.15267532132314976,0.2796578395103939,0.5708847316201371,4.208440880099277,0.2681376574322265,0.373874351888249,0.36573413693441803,0.32088269913172685,0.08102009436042446,0.05052680261153841,0.09095342629156833,0.28051418672931905,0.330316141310407,0.2526852355390612,0.38396521763146185,0.65069170047656,0.6614037829388586,0.2853416510448761,0.8308525003269787,0.12382444546712801,0.4773968062514322,0.09418930996844832,0.3270203173570194,0.0022294808651583953,0.05366090902897214,0.32765511939473124,0.4101567899887226,0.18654111280696428,0.27123829727352855,0.10819666606987144,0.8878746991147988,0.3553513411601421,0.32141840761056795,0.35262202322940395,-0.20065113422283876,0.3113663053730362,0.1475204014046101,0.1964534753877647,0.5677235136414387,0.21102881292308173,0.2847562618170445,0.26014699120613893,0.10512148817326716,0.3185397986751748,1.7494033368348147,0.7941448962782762,0.29244911302390175,-0.06332167985959303,0.015135768359037183,0.025214267525034417,0.07774544942867623,0.7280836313508416,0.1433843898425664,-0.03997826011048655,0.6560062924029151,0.23451871137536862,0.28575091710434686,0.19785377531206128,0.6881674803655526,0.2792402515619301,0.2668921878773616,0.12933893231386429,0.8795239962213535,0.20083236917940006,0.3934558695223169,0.40275456164175494,0.318759554319783,0.262341583680618,0.34651769975385927,1.7117961714195058,0.5059896740523775,0.21033998821189082,-0.2421738553710786,-0.035902749666721245,0.21867047059572453,-0.1318997791277534,0.10351464492407625,0.5323569976825524,0.3289136803053474,0.24033867487558136,0.1992616607868396,0.25099888345744326,0.48473913442127636,0.26448557953404817,0.6519730192682318,0.06719900440344517,0.35083928780765783,0.5545392740511972,0.2956053547174293,0.21193965519319513,0.21573583633381577,0.10728733482354902,0.17971297147427956,0.3089059400207732,0.13807585121884247,0.733046957243912,-0.08411993196160372,0.4176713282811597,0.2460708249136201,-0.06533019910433102,0.16029250783910753,0.04608412128172201,0.4163247557966605,0.05739526364787384,0.0912631944605713,0.023238544574307518,0.03181822967079029,0.016618932843820877,0.1558921423646087,-0.06978173597079074,-0.19498025346905845,0.10785587068585811,-0.02760003093848329,0.320939372360165,-0.12455658356689092,0.04130192787970022,0.47269716270342377,0.09790762431185462,0.18180660382856373,0.19438157577942472,-0.04237978810105936,0.23270067667841032,-0.029302261554630227,-0.4433841956997199,0.09461570556671428,-0.0037068895350987896,0.06025596092419683,-0.08004013222579043,0.16770918051812078,0.2157179844050343,0.1732487705474124,0.0008174742453705974,0.07261778686303977,-0.03795205929528089,0.11672013351672383,0.5295412557558832,0.10716718850920515,0.1303626863105103,0.5918921495556213,0.36936309504064857,0.04139041202011251,0.33933940108605176,0.4240567601210532,0.33474831849982034,-0.031971293792870004
2014-03-31,0.21886845688933598,0.14629892624857255,0.12362916117662137,0.5769760232430063,0.4412914461152493,0.4549020029498456,0.23183103824096007,0.35877514564924606,0.7461175178353785,0.3599879165296336,0.1111324584472555,0.14531699988638058,0.11249506055785674,0.3950681192132868,0.0747749805125828,0.003659463725234735,0.23207428862072144,0.5306795164207991,0.1460420654029495,0.19343041130863714,-0.11391260422949079,0.20303035078942977,0.1632790694693531,0.23042447291146506,-0.03523311253684969,0.18662346049890854,0.08891419498169317,0.4425450779576736,-0.013896581622228621,0.324844201561439,0.378491921465286,0.21543680224685557,1.3543429125756807,0.4615234881650454,0.22261231073428034,0.0335018486805736,0.05196270427745886,-0.09942543560497186,0.1423674937564745,0.27952611947476,0.6362113272432026,5.46107170188579,0.3049087118783713,0.3668888185203458,0.34031896783530646,0.29116942807225854,0.01622995646132619,0.09828050400155508,0.1254056989007899,0.21834314926694365,0.405865031795023,0.42095018451735355,0.3689095642598794,0.5303913953857669,0.9600674208878188,0.2086016781218385,0.6773368088921525,0.11905206344582653,0.2760946448967352,0.08853590805407574,0.2639111829805194,0.017429502190118074,0.02003979151271018,0.35436666243421233,0.38618754310612124,0.19969295640841156,0.3631664751675461,0.13790406961018098,0.691663055914636,0.26015285926826737,0.2787417356491393,0.2844983109357815,-0.09438303604417042,0.3757643663662922,0.2717726684640589,0.24770825423568743,0.5021022394654036,0.1258006820306372,0.2887573636967682,0.29866683613485434,0.09566711482649981,0.4118668673092698,1.4238474638902199,0.7685738775208009,0.22307455995119563,0.0270996823264118,0.03121449310542035,0.053615959752000286,0.1378236784174942,0.8849207174143523,0.2000816864815298,-0.054271370433609745,0.5564529605874717,0.24477518012105182,0.32845118276713015,0.23499874745293914,0.47098415162300555,0.2612492731771541,0.2872724707411667,0.1283110168158228,0.7686636969776475,0.1658228928685943,0.34580279293626726,0.3606565189975508,0.39441066066141706,0.3581311905819815,0.440275688997537,1.6973684405656106,0.6152541508779434,0.2433138033511415,-0.1509249573423408,-0.08169687767614942,0.20221655164865626,-0.06202885657856427,0.07107011138289909,0.5971542555724316,0.3012226466552639,0.3627016165992636,0.1544764377531418,0.2867484351884426,0.6268584677231472,0.30348283777621465,0.6508182837568663,-0.0427302916645067,0.3440620369590601,0.4568158203900974,0.22178945163359853,0.34178118296379356,0.3393759895683961,0.07101074213599246,0.21000231915083423,0.2625643525514292,0.2620087646576226,0.7008813379586882,-0.06273713260822289,0.40557229525022986,0.17859712915443016,-0.09203663246074634,0.08620904468227653,0.05041146481549652,0.36651403791514037,0.07452502470950484,0.037695644909443216,0.04413131116890101,0.02952381921192959,0.08989068696276803,0.1533416706121591,0.0012344513967244009,-0.15380353975862926,0.1548476852483387,0.08391756097762548,0.4863319349063411,-0.12181604586257067,0.09101769220551259,0.5119561745269137,0.13793960899340973,0.361293238685485,0.42252193051575304,-0.14052729090421168,0.340377620218721,0.02291974089076576,-0.4297439764636327,0.2576157755398276,0.0479867983067539,0.10895203524834463,-0.11818864109325344,0.1862421167259134,0.1374498277456222,0.19465751904135042,0.06721725685131541,0.055535918734295864,-0.06529535656909957,0.06568013923820026,0.5511890677041946,0.07907612288006494,0.12141161438583326,0.6603449603753726,0.49833767738034274,0.07007706157407112,0.36091819263546365,0.43170270165302993,0.23869665377132288,-0.05522735346446117
2014-04-30,0.2428519484453262,0.05760562306745842,-0.008144385743160232,0.4582962554026029,0.4420881315248131,0.4219859304289497,0.20509194796723484,0.32528270556883276,1.0574270205800707,0.401004481674625,0.17541385985149516,0.1978509894568352,0.04096859972074496,0.3887131960825638,0.09543017156793465,0.0077584346511745395,0.2337179523164581,0.35162552826572013,0.13648205511050304,0.10150746962176949,-0.02994960679508063,0.31387067685708003,0.18658532699173902,0.2651730837938613,-0.059819069969667016,0.16909984590221572,0.10258883002062369,0.355378643960935,-0.008418905992452208,0.2507952526355759,0.2748526964147746,0.204255908235371,0.6292405962113503,0.326931288060613,0.2613257152320623,0.04117821348430195,0.07408811624733946,-0.1057427793482627,0.30633383081116294,0.3075059041998385,0.49945533263606956,2.860900434048587,0.33076705096651726,0.3895591351201717,0.2910124313810416,0.34745149346410886,0.007560266837628227,0.12839212064048589,0.24366019301309416,0.17592958199527375,0.4063779883084866,0.40595178460970605,0.32747699298029564,0.3990650281270409,0.7125101608624969,0.20941209882395917,0.8050735475183204,0.13772889867453708,0.26601801207431075,0.10451926436615011,0.28670189405983293,0.04113344518766726,-0.01064025121719503,0.2893880662377464,0.3901885879678759,0.23596753002245352,0.41724837828983086,0.19973874612500442,0.3992888066194158,0.31611947791681105,0.2869074569089278,0.22162238516330746,-0.11030082601377822,0.2869063368369704,0.31209351690223675,0.18996127219830305,0.3215528793704743,0.11741709690823798,0.3389740442062401,0.31983934204410414,0.07944211835170645,0.4145532454263776,1.5116771620944367,0.6698493747585872,0.2873924639377585,-0.15869954003579656,0.019038227824394793,0.0034636869058282116,0.056023806436110934,0.3957422985169363,0.08838953583972775,-0.04541606226083472,0.43487387846844383,0.2621402695583026,0.2566449520072578,0.31882993826813744,-0.07940638503454833,0.185623243097357,0.2152498712129356,0.1720161013923962,0.3971132569768905,0.26833676581886556,0.3370493187380288,0.3597446317785957,0.3476755583547002,0.5617282548804237,0.2899189142435612,1.5204144421045878,0.6473592806433395,0.2551466632887873,0.16272137943369946,-0.06843756397872602,0.16884516737334643,0.021350643641834255,0.17014710531278965,0.5018048211481496,0.12599152292580307,0.380172837533707,0.10355629884223538,0.2909105714775313,0.6263306597566889,0.3205527302334328,0.6796372744528403,0.13419401875586034,0.17634565134142766,0.3451882643200981,0.200153034444281,0.39592359844514524,0.37524421675085584,0.12033911533903119,0.09447638180479223,0.2221430717061217,0.3312509682990188,0.7217832831968591,-0.12027805160524663,0.3511557892469035,0.47161826806586804,-0.16549901420898772,0.06321260041057086,0.12327027140914715,0.35943770123669916,-0.014397150133558578,0.13061831885257735,0.02136271000995782,0.06989557509133615,-0.0373182660794662,0.21304910850576508,-0.03067728211124232,-0.2006723957972899,0.233751468403526,0.054399642001212056,0.6247013385742768,-0.13666520062153154,0.035186887688528845,0.29269853706440885,0.1174189184751031,0.27120466175728497,0.39225768229860236,-0.14091810362081258,0.2876260168066682,0.027190788106571384,-0.252396687625029,0.09827546477147386,-0.05115583880208241,0.08181961135039639,-0.2044857833152015,0.1732684185264486,0.10872337510196428,0.1886026088013022,0.10106420854466247,0.01447581418611854,-0.016526134781526425,0.04984896534930705,0.4275405126102301,0.0040189928745826276,0.09157342907138055,0.5206378757472556,0.33386039228817155,0.04228882293704306,0.3160121227087691,0.512542636369641,0.20864333279550284,-0.046904537785228184
2014-05-31,0.336425024672099,0.0775373959698582,0.0018329042537175155,0.4376601921714871,0.27632183518294084,0.022500038146972656,0.12684333161941752,0.12975482988922993,0.7181642384469782,0.11133344884396257,0.12956961907804776,0.26118814741408847,0.063482076240585,0.22017487539619518,-0.012289486193619026,0.048906289622820065,0.18988698272119753,0.22665955984354658,-0.004116799635139112,0.03208139391268405,-0.040472971290280824,0.3100221285262774,0.22956902137755053,0.053957330340353105,0.05002542491337669,0.16504526363994643,0.14327615442787667,0.2959551902477786,0.07618237726641519,0.2985217036262027,0.18339903370031507,0.35223490075643427,0.4233811009995876,0.29564179202516705,0.22673559873040428,0.09352157458969379,0.10900715596275345,-0.018819861848518582,0.265234603756902,0.26670423392664255,0.2989565196369477,1.126534423366739,0.30165461185661147,0.21694432263436836,0.1438230789030619,0.2496752224359784,0.08473074801958691,0.15568484501164415,0.14106763288432145,0.16275588728328705,0.3465302326235693,0.2784708112396661,0.16778704490977625,0.3210793396126177,0.44011291143249087,0.10491621685627539,0.36471861136759176,0.16809502898143247,0.17938909219443722,0.18921589605484712,0.09625068836608985,0.09716424910127297,0.1503057584795393,0.25160842728175026,0.33198978424185754,0.21022057023718843,0.4214693958442264,0.19104075893183947,0.4407122960135623,0.3312849073969011,0.2018299632204208,0.20138585388778685,-0.2730086894404846,0.24150538748975325,0.1617924681003522,0.2315091093678161,0.19429436947666812,0.23004146023272987,0.17650402701549406,0.2603315853403494,0.16986724771068973,0.2043665373375927,1.2363011213903863,0.5003990412925523,0.2650239730632167,0.0036452996233380386,0.012295426790757125,0.03943232765251503,0.19567642596829682,0.22742675656364297,0.06886353367443987,0.0822546892387308,0.37194337892001084,0.18981393182526407,0.15831511251143238,0.19111923339096815,-0.15722649813173384,0.14582220279884495,0.20278755768206036,0.19845536309299328,0.20897717156965556,0.1485744910520621,0.12071330624290466,0.22877771400320457,0.3095372269223158,0.48213476824017376,0.2732955577989711,0.5573691188443024,0.230970356398001,0.12028070382201772,0.2258500780948185,0.15370777108369293,0.058516753952552625,-0.01987513704148347,0.2032097458225921,0.4561383771161247,0.02644213588421307,0.5337214786143747,0.19737489714682455,0.38425777882849044,0.4953295190146274,0.39423625604706714,0.49578712462209595,0.14515834228856472,0.19440949946405395,0.6478192684098307,0.15195345046911846,0.2252752196212442,0.28786162212998256,0.12477847149637888,0.06943166812988077,0.12952125637548817,0.41312997562263276,0.5061312588144644,-0.0932629346880337,0.32006294754505027,0.43024912833231554,-0.03637106611967933,0.09790909570966888,0.15899473435882583,0.20072494719641387,0.08922696357592241,0.06742249739816564,0.06508223309312156,0.08383179762239124,0.025565696977900565,0.2497812089384548,0.02986710679256266,-0.06898031399479787,0.2497139738485754,-0.041959000985400285,0.525390075586007,-0.0731838770584875,0.08940307592820385,0.3658203762513872,0.13785993644603445,0.23753104951352744,0.5238597273380738,-0.09949572191127176,0.10721955599936561,0.07108161945673208,-0.2514957198333181,0.06989652899800602,0.06521396095623166,0.10350803847524492,-0.03167435871313895,0.018922571072058858,0.24877877784748526,0.2691504297879397,0.017179984135454518,0.16721446170589438,0.14193045974165375,0.1807783354812127,0.1990224093310593,0.03270045560783563,0.2312962602704034,0.3975061295085218,0.27364328072642974,0.178503924121439,0.3197961813380299,0.4539212033379212,0.22979361394535203,0.05427366867389516
2014-06-30,0.635025982742188,0.16997311750030808,0.16067030405932337,0.4165934804682232,0.38424233829369103,-0.01960782480441492,0.19830879046187988,0.12553567553930556,0.9188069904269864,0.1795844007423013,0.14671192313780246,0.2723423742060427,0.06077853559087565,0.3784704672392505,0.04273546591697963,0.07341574103009219,0.24154143561010177,0.29735995344080624,0.07076590341561628,0.052210513436415695,-0.014241750290152067,0.3128349033129334,0.21594886690068194,0.08191177323998011,0.042756891328592284,0.16559570453925065,0.2636394094783918,0.33708768691819047,0.05875025210501006,0.2781668520499241,0.22026389858663453,0.23286720227981128,0.9793928348189966,0.37996652774336526,0.38699808672241676,0.10283472038631891,0.08212049488001605,0.05681785645494619,0.33638876457874667,0.2766976115392492,0.3874098338230947,0.9352645550320902,0.3863968017753219,0.2297567785597181,0.18445052060291833,0.26509179222406365,0.056129032828600156,0.14368867307393063,0.19616457056631487,0.17841821021566728,0.41172382346678527,0.33566347566619403,0.23767960241822594,0.34614721975321316,0.5467237215718825,0.2089671203804535,0.3840344433813774,0.18660950191047787,0.23914257193604138,0.2202567715916255,-0.0035967770063592974,0.14184086923216488,0.10034512457893885,0.29147941599347416,0.34160648787295167,0.25580667821207137,0.4675560540682835,0.18380933220965656,0.5839676008953962,0.4694952445127223,0.19756280954830663,0.11161182304326456,-0.26947623829839773,0.271068341142344,0.21016996947999678,0.3991879471801927,0.4240073149930279,0.3351908705651221,0.20979784503436938,0.28808763953198624,0.23539530178101398,0.27394602057846673,0.9951150381971436,0.5022048110087882,0.4213828741271577,0.08425806435142502,0.047732726383709734,0.12648898621266147,0.1531844088587364,0.36499461772766395,0.17152317411952978,0.04037456376351645,0.5621165459216138,0.3217207528970423,0.09917777096952607,0.18749775712031513,-0.09742687559607621,0.07832417636472422,0.21749568517699913,0.23499509455412637,0.48406133664583306,0.2559544767677371,0.14575348977667502,0.277500779378544,0.3837594626242813,0.5520431052218164,0.34674848271413605,0.5037860656675048,0.5280557255961171,0.14853892306086514,0.2083333084980643,0.2418648231806162,0.09215155068537473,0.0872391271192976,0.28247142996034147,0.5468080124124173,0.047343450545348054,0.4324896000696845,0.18470013095218674,0.40417930289560045,0.6079885340912967,0.5485523646695134,0.6642431340908932,0.2846564882756688,0.22315037413328387,0.8367663140822548,0.16508585253126418,0.21635426352019294,0.3343976191988989,0.14687793511192004,0.06426473383065456,0.13320161264566366,0.46913517260924387,0.6141594038265323,-0.15257526799526333,0.36323926696417463,0.6460240773132624,-0.007423229256205532,0.13734607160387258,0.13712430482605953,0.3410052156810053,0.23901440171127541,0.12312491480517562,0.07929773426248055,0.07602501462300637,0.0649310534498575,0.37521856177812585,0.04797062869286872,-0.01175814998755731,0.43997565245871106,-0.019141591915745382,0.6145320310191773,0.0759525301410795,0.09517578998038045,0.34837211023491643,0.16603211186711486,0.26094574677957816,0.5619793181361881,-0.08347077767026756,0.16902809309217304,0.11588578701175845,-0.21832107800568845,0.141497351409283,0.15557586479004892,0.12274407961575795,-0.0036488266885321696,0.0010994563417920933,0.4912985162219501,0.18120291544396117,0.12352536904027911,0.1363732466706986,0.1611927749620956,0.16467365267148448,0.20557998877396688,0.10649680478795065,0.19926552001516873,0.4398850588768657,0.39612813343999553,0.20223766352821304,0.3821255370607839,0.39211240069389075,0.2600145758140393,0.11134614058411607
2014-07-31,0.47232538690255277,0.1342700037939466,0.12310394299648308,0.5304569052154204,0.41341953385342856,0.11140585634452083,0.11414709393010636,0.07821528851197002,1.0023549647355954,0.055466290402422125,0.09225851867278956,0.33632629599732167,-0.008508811114455117,0.3275429981653186,-0.005925365525014881,0.07280838988666405,0.17300062395215976,0.3158779258420621,0.03447947659469519,0.04691181690886048,-0.05029385082871929,0.26982927019665603,0.15136953565488942,0.05495017867700036,0.08865069797742109,0.1275513923895195,0.2138063969513635,0.20774149858852975,0.06141168289966248,0.24160353601128648,0.34831510228362506,0.22083730145671643,0.8021925870909805,0.30925607855259574,0.2651591879964994,0.10024673379186244,0.0017580366471785513,-0.01229251686813948,0.25144509658104863,0.11651202108031855,0.30237409228142065,0.7877569604804677,0.2454592057570677,0.1401069119126679,0.1994078002318067,0.24230978360641875,-0.012972003319137948,0.10385529429817875,0.12673486415099489,0.12677997743328984,0.3445425876499899,0.2142267907526374,0.2965312283804975,0.23427412987623297,0.37380527432625743,0.1616138405825538,0.1694139531634129,0.1556050421524695,0.1822762895355956,0.15718528793205633,0.013784108185827204,0.11661275284319017,0.0918734778564394,0.22067458387215422,0.27961884802940884,0.10985730951477257,0.43524067492133667,0.11415938314921448,0.35032513383445085,0.4456409262435894,0.14257153110551757,0.045286088046883055,0.06134018515891815,0.24055111856304756,0.27531418623220993,0.37683152969871037,0.31201218728051505,0.22248492210819815,0.17132036998197742,0.25820445385613766,0.2583832460976978,0.1961098484261683,1.4886706850505962,0.32976033137178185,0.43321060987298265,0.0741877622826026,0.03746692559090126,0.10513094831649017,0.11296926105639749,0.04595274959951201,0.20122141822159145,0.06132090695449666,0.3638748273304675,0.21519003103196854,0.03211196437399155,0.18778884894352155,0.18646612386426709,0.033012322576235986,0.2098582626682033,0.17491564901739687,0.44551409939219444,0.20911196021688716,0.14587319130674148,0.21723201826645555,0.3567017089672302,0.35129196641046634,0.34259090282495075,0.8209365747049675,0.37327725115724886,0.14815245189063808,0.20257782259076262,0.24172442089995183,0.04348420828160093,0.025280052436404077,0.326958074374206,0.3909510103442084,0.029487747742660053,0.3630983797949896,0.16186430854475065,0.27876841815555875,0.36071039604152766,0.5643753206612188,0.5273619611834346,0.08724026531705831,0.24822587905036309,0.5127602957870112,0.08061886626963699,0.15023222952821658,0.2375078112490554,0.16410379090675842,-0.009753326709149412,0.10018725994655164,0.47318866844270024,0.6918793713639413,-0.16383089101723491,0.3006685215431715,0.43015799472750804,0.02253315542996437,0.10181421388801404,0.1304930987369315,0.2961599301065496,0.29064476647019855,0.26329195853075293,0.08735418540292628,-0.0186900468827208,0.06714447030667525,0.361206007109665,0.05026060654615927,0.1218236006381348,0.46380233112498415,-0.03153433918122428,0.611940555106609,0.1713962080628808,0.1669502536632952,0.23746095859017413,0.18229109426975243,0.08442183674463566,0.5878320909651662,-0.00480264332528324,0.08881252430548536,0.1186579058011401,-0.13173067265321936,0.18600012571436664,0.1388921521592006,0.17817788835473802,0.021603671346931863,0.03467406296162601,0.7724064680364491,0.19229632665711893,0.17073596423796644,0.14464651008364648,0.09855597334997435,0.18539358822948948,0.161601839875134,0.0753941416165087,0.18121634747457827,0.3624189426512938,0.328007764446975,0.1719772944166924,0.3341068799680764,0.27509860640857897,0.17696739462282562,0.08127242869236806
2014-08-31,0.397558737060286,0.29064224471676203,0.12521265564627115,0.5136612021857923,0.4192322923439995,0.19571868765664013,0.1866993820954992,0.11392270845953734,0.8360173874780037,0.08282580198623801,0.12776478087133425,0.2523558071824539,0.06264378861946329,0.10421338254852208,0.11645297908625585,0.10109761675970597,0.13131673980677028,0.3672700158946012,0.14781309761658434,0.10920941720912203,0.06920439131802913,0.3035197680166537,0.18298199022983086,0.1726642908054168,0.06000076355263473,0.11332031915504714,0.2206284359005799,0.22979281398597218,0.027276491125755253,0.24044140148454796,0.321033381277801,0.1956861934879559,0.4889224923049107,0.20377089812256544,0.28390740154014305,0.13682262350709906,0.024181283913815577,0.026855555128660225,0.128673924765069,0.06709744809483231,0.37542358522155617,0.32130174504613485,0.24413065788211763,0.1478335212454367,0.2167064191829957,0.26526585829394445,0.026951572342028163,0.1587859003757237,0.09535968034353726,0.17073509378770613,0.2839943736841628,0.3249348280456734,0.23715131455689087,0.17670676048569178,0.323825305841551,0.1918698810092896,0.2079394919782287,0.16933265606230785,0.14481621856349203,0.12096597299022416,0.10033694836592622,0.04237682712658786,0.13628573890423312,0.20015696272719197,0.3122215162557713,0.07505640308344796,0.3749351673432917,0.12292844251508206,0.5189978888855789,0.7101332038117181,0.1712943794993944,0.07963456191933505,0.18376800719048547,0.17632667754197673,0.3242061759834749,0.5040576292252197,0.3829891297710799,0.19370755704294362,0.21652165986607574,0.2586377034955478,0.2606058175377468,0.26766143537660625,1.2512894030070383,0.3581310535287199,0.44169365792570936,0.14354316892475216,-0.00512489114825998,0.1947771383468122,0.1624803101946255,0.3050224471315106,0.20612465809490366,0.09134718842932088,0.3899886240937409,0.21097410329746147,0.01865640681459757,0.19037539220413735,0.18310049044366328,0.051974520247549005,0.12866478612087406,0.2376896745527357,0.5697587453840232,0.337570187416832,0.24944252607599182,0.2478598088682855,0.32963429460862903,0.3383353372108491,0.42923286732073884,0.39297602099564277,0.2612615306015973,0.10125344239396727,0.28232460115598657,0.05079303631079357,0.08176935222736081,0.030025072777457362,0.2765493603275049,0.436202974791398,0.009531983698225721,0.32679603242208066,0.14683565898837858,0.35433039179505954,0.23587425270276596,0.6347246014500967,0.586759172918635,0.168676210498925,0.23932097288791976,0.47594748007568377,0.09722743641900311,0.1922998458071401,0.16402609811894386,0.17123595386193857,-0.032360857446817604,0.11334233771548119,0.3550898097474937,0.5347467795915715,-0.038398553305252325,0.26277224429493495,0.451089990230396,0.07662307792003142,0.1492312693653337,0.010770911087538027,0.21386439384102007,0.37922898305392305,0.21027733277556204,0.23695305180933146,0.008595699580533633,0.0787397972621553,0.29235186446493855,0.21937661055191793,0.23167888984090568,0.3411916481442576,0.05681127473325587,0.3999874476140344,0.23471853658548114,0.29236449765448147,0.09553980976692222,0.3641578684387443,-0.013230054776775302,0.448612844528538,-0.005598701424201047,0.06136217547487588,0.1848460335373534,-0.19718580806190278,0.13989711767132706,0.25673842914599465,0.3387008820745938,0.06860924482253239,0.04643403174646288,0.6258062396310813,0.18776052884289074,-0.0014202087906267646,0.13167725166988187,0.22162322529542888,0.2078353447706922,0.047231336812538105,0.04365920926622291,0.18093332563747455,0.27867111119487986,0.2825718944443405,0.12612119710105985,0.330695580575308,0.14964321280289017,0.07555928447295734,0.19151442040262934
2014-09-30,0.5389520703578587,0.2997799887757133,0.12876026886505354,0.38428963086082835,0.3459546740013728,0.09448822543859947,0.26990525911071206,0.08444215055022952,0.9305461262249572,0.16814196268560289,0.2091445460046566,0.3417953769645312,0.06328232566780123,0.13831636200893738,0.10016878366745474,0.10246584517840018,0.10841006278572451,0.32839603652065397,0.14708848722583,0.2531628776296606,0.06210616000321334,0.26730542116863565,0.23031049369734902,0.18173060079670478,0.1262831906404207,0.11052864915612814,0.308061249297354,0.13267163062923748,0.007192001004240778,0.2936239046377853,0.4042440082730334,0.2663780173122501,0.5447107641422668,0.2738691088437426,0.2680077728948478,0.18844709211276367,0.1343727484573396,0.021759814489393126,0.1534587258657698,0.02310983822618473,0.30962528316572935,0.3947355221829534,0.2288161733241667,0.22518058324543322,0.12058498730126388,0.28015150882949125,0.04663687495942437,0.18825999015077732,0.10978028861281763,0.17474868250678433,0.18297226307963044,0.2736943969670438,0.19876190620970258,0.101935384501598,0.23083250908908393,0.25081292643130326,0.08006819015193956,0.15834298148308457,0.2314328009146127,0.114953086661707,0.08974115066722455,0.05197855541310625,0.15788686525111717,0.17163300675312487,0.4117128129282033,0.015911311802482064,0.3006191175694597,0.11498353252164106,0.7108316243375439,0.6332163442242542,0.16942872950597532,0.051777455902931147,0.24912958050333311,0.1740288982308844,0.2917851591067371,0.4083921310910694,0.3483804978931524,0.16560661845807467,0.22265768338062264,0.2462737629059224,0.30142265522289535,0.2854974627564273,0.8660564122590977,0.36514334575323537,0.41560687205537095,0.18003414223783132,-0.022301093650088033,0.11435572912996705,0.11948563939624002,0.12014582401761076,0.21028640073753668,0.13129062839047867,0.2557541963810166,0.24679392195335903,0.06874066955676938,0.17532488983614858,0.23410709669538132,0.011551756355838716,0.16057405175722383,0.23993104355376782,0.42482146690355505,0.32235849881900114,0.12619145519862207,0.2135437227721375,0.3104377921882593,0.11373572710048463,0.4109105531825563,0.5662651253865474,0.4810179248686639,0.0411357179163101,0.42553500268392974,0.17372548860365877,0.06195367564833454,-0.07995785580755654,0.13955097197422917,0.4419425677029485,-0.01579712564658442,0.24405418286429592,0.17272541820314657,0.28316820328628856,0.22529491327303175,0.6718619948738442,0.528265815981454,0.44443175516269795,0.09480922209045395,0.5514245290334241,0.06060795363038807,0.16248964482652606,0.07967764224474694,0.13952297063999408,0.04437128074800367,0.025190187151097554,0.2601875085127865,0.5172475493754338,-0.032156423810753454,0.17375528207740487,0.6174635137989317,0.14037005832696137,0.16843559477139425,0.03465760112021532,0.12315559968854894,0.3455733294811292,0.2081070829667433,0.24467306880509931,0.022967034992417368,0.09909424345089812,0.2135454601765565,0.25570413974406403,0.28779183742927406,0.31926592531912235,-0.005376458403696938,0.3040644410168789,0.18845655970900355,0.27796147430260065,0.11797421117849693,0.33983271771409584,-0.07236400102615803,0.4183717712699082,0.18651527784885014,0.12093501985469368,0.20904520643371205,-0.020667275138587682,0.13303390798252357,0.2579874915487401,0.3128610397464948,0.10841308364549906,-0.02617454856661694,0.683646325599776,0.18434662438099614,0.021831359602413336,0.20418790688707777,0.2278080633842985,0.24232488220445014,0.06159777700590485,0.1300724943728664,0.2240080244600231,0.2120066733351622,0.24882351480174392,0.18013160282728946,0.332493808200081,0.343449993218528,0.09021298549893464,0.2562324470592674
2014-10-31,0.37969971654477397,0.15722495813491633,0.11969498131054768,0.27609739733807026,0.23533763335061875,0.02095813576653538,0.2332444910402116,-0.1142488369275858,0.9472679487132218,0.22654467183373184,0.2002780761595102,0.21038948231719568,0.07412270834348123,0.07814835029620282,0.15118282966043406,0.029239102566308572,0.05842310886156543,0.1407587297331674,0.1562850535614675,0.2034209441974164,0.08339146136530262,0.23647924103116136,0.183416806122501,0.19213629595465154,0.1105046507957852,0.054892346271502745,0.34827163594599275,0.03525201074322104,0.015633910197773604,0.3568879798446012,0.3467918980936817,0.14218986536548894,0.39909467473198945,0.23780843092577397,0.1530861451035368,0.1389313464023103,0.061634354668207214,-0.02116008146665005,0.09790957456764215,0.015343941828751317,0.2510360497160986,0.5173189458148866,0.15578537994177633,0.2843708972621557,0.09320394654406106,0.2494274856636407,0.021547364209385966,0.07874248720859356,0.03290993593134206,0.13433964678316057,0.11747763067479844,0.22385350219144962,0.07861183315451248,-0.003297752255906894,0.0993994577342332,0.11775451175844887,0.010265256077063523,0.12687615168580813,0.17869488962727376,0.023636330028098174,0.14023304709463913,0.027483533949604233,0.08934648659817879,0.0943268360565448,0.4343368601075992,-0.04060026926164939,0.2385050159367481,0.013378348531221329,0.49550404469357856,0.4959698607497831,0.09486588606151036,0.02524923241963517,0.2431224090222448,0.09389359183773127,0.23525274967628684,0.3837341397148115,0.3554220194701554,0.035089899137553004,0.09474992310822938,0.1612372617608997,0.2958272505101949,0.21289385560242668,0.9377826693450872,0.25276025848891925,0.3198052508002187,0.027419258040695338,0.03578681721114951,-0.025434328401517825,0.027382570792952476,0.2535465378189601,0.17755075476537763,0.10597463242726546,0.23041707237153708,0.11006183543284087,-0.01593289134751752,0.14523942870442608,0.5740714780719864,-0.08210985045471841,0.05533564581435968,0.1789710627217469,0.3547237571201223,0.23509493716310859,-0.004658656878851475,0.2082677361498606,0.33175799846614673,0.030024481536882197,0.31402725540369136,0.39192489786423423,0.3565713166024138,-0.08337978001218538,0.5669581203109548,0.24340202222497398,-0.11556323911935851,-0.08423422677506942,-0.08817926322282099,0.4922437382837357,-0.11294502472471102,0.09243464828746051,0.027008315402234917,0.23246110361191819,0.09807264897436307,0.5710991075392977,0.25185216015094314,0.20616525625587756,0.19204538530275017,0.3579829915066528,0.07338672433721971,0.05387239300548741,-0.0060782337345182125,0.15862030224620827,-0.012370090130188083,-0.05582088327849544,0.10196527666434951,0.33476240297717186,-0.00273029632588051,0.05790435596485821,0.14663640114348597,0.012368646661525151,0.1288650784939962,0.07995157643511508,0.13305597193897678,0.1981918638084723,0.06541081412264904,0.16679959188069904,-0.08193001450956217,0.07415618083902475,0.07304361543486793,0.11121176058669002,0.38899999640576444,0.09333037784189768,0.07436916399103666,0.11394258520070433,0.3177048289393063,0.22110772510398502,0.07063494387388092,0.14401959218695337,-0.20731358046447323,0.22879874222849406,0.12532289258191964,0.07636237785506217,0.021378777555269624,-0.1401908561172529,0.029792744796786952,0.16673554993696427,0.13092506583986974,-0.004822614289686333,-0.01783586459593467,0.6120448484530951,0.10410471457711834,-0.09602125770862979,0.11071573267734802,0.13444220000468876,0.12365090647838972,-0.06168733192155362,0.1182549860425437,0.0904559575825159,0.04897147958579695,0.09204658250066555,0.12210470858183342,0.20223227118346898,0.17362809030559578,-0.0028506947481975464,0.18137337397598796
2014-11-30,0.38215901599351465,0.16695584257880047,0.07408664172792023,0.23494195586614164,0.2959574881494049,-0.23076926603825032,0.4436399874291548,-0.22397236151879252,0.9606912969443766,0.09009931391466797,0.20278044392300032,0.2306158491881447,0.07268284159461103,0.22845077813916692,0.18816117169035018,0.00527415027927125,0.07941746539165284,0.07079559753487219,0.135757520184429,0.2351569936416269,-0.06919534786078141,0.1980229207546662,0.16259797656201402,0.08533941924922384,0.06591522465420296,0.017630089833232665,0.3546669817057895,0.1071688988051025,-0.012909903971819015,0.200061745821412,0.2571021558286197,0.2122684086546769,0.0737288414750934,0.26960591995732597,0.12007291992460067,0.1714600128785011,0.06893833265856508,0.0884045874004038,0.08357265770703393,-0.019391620754758865,0.17178985719020634,0.8989628229988209,0.18637587508066877,0.2966641701358139,0.19327673774945953,0.23144874031128837,-0.03470302009896886,0.05626092372727176,0.05881822961838923,0.19248766362588943,0.06516559417207946,0.2680649560785988,0.05978474471692752,-0.053375475774767644,0.011641029984647666,0.1475543287708374,0.14680482042015996,0.09060339490939229,0.13916972261176408,0.03826702986947361,0.08225698971081674,0.04143075930378015,0.21380322733076196,0.04844694275306982,0.386958529035901,-0.024571324695901953,0.2128581237207401,0.0009807262233541003,0.4971264089418357,0.5090477366270427,0.10179128900281009,-0.010693817503574121,0.3154683436193526,0.16809176115110636,0.26569788834314845,0.5020535312221683,0.34306432132448084,0.06880296364899285,0.21213874995477844,0.17074216722882052,0.37274073411909536,0.1288276724973898,0.5682461764691986,0.24470795339651374,0.28353357917806266,0.2660587271445922,0.006149817778674738,0.13401510251487192,0.24871123735833445,0.3398217477815071,0.2644700068048178,0.19626356994835392,0.22830156158353776,0.1942114021811452,0.015690773047327022,0.11100850548209662,0.6225871846830064,-0.0835525686515447,0.08651313975744812,0.21246621870788562,0.10348140779201431,0.17061512017868363,0.16497403762053953,0.16962229624689962,0.3196395124616185,0.04057959378060794,0.31142802970753625,0.3584164568045196,0.8479933013745258,-0.03935787548218994,0.8452616694192678,0.3998495890009155,-0.148425505498199,-0.032390883717357766,-0.1480192538212497,0.5589662706389766,-0.16802135753060987,0.3601189822200541,0.07938239458455842,0.3495311399741192,0.09826150900777031,0.6264324677256268,0.23095316931561727,0.11553412773891192,0.18936354176067738,0.1999576747433467,0.11104694242183033,0.17000402444614093,0.0913051289814617,0.22751354288332415,0.06707373150763152,-0.06234795113917724,0.13321508802995163,0.3000997329053807,-0.00958939263591807,0.1113873898719735,0.11206662639740683,0.32071841896816045,0.10676881692801254,-0.05616165055599098,0.04158976588459873,0.2730649231206139,-0.14662520037690574,0.36048604634596515,-0.07992173244369782,0.06713731074097784,0.02920912372240525,0.3779960013551493,0.5498411242591477,0.003422748429636968,0.039192635715914914,0.15844156010825072,0.3509539289696888,0.40129321206478297,0.10594333881399032,0.36945490855031027,-0.20618707058295405,0.05729509873702088,0.14135910042340516,0.22513890166880257,0.2250623210388889,-0.23173122854766626,-0.036302116314663735,0.3010660515285899,0.35041557453478633,0.26342513323629,0.11323223561422546,0.6391967748601435,0.2308399703406736,-0.13686326339409616,0.26584532950417583,0.1696660269672059,0.255097861704386,-0.04643752843036453,0.12493219784843568,0.2458207353473172,0.2044623633468321,0.11780132543125132,0.19245346550718034,0.17060620798417836,0.14641231540009736,0.044090757937508274,0.14834848108732057
2014-12-31,0.5151511361487018,0.1872332565490442,0.07703279759946402,0.23046090499167904,0.38678806612218186,-0.2790697559801172,0.4771243795407418,-0.15083133880955701,0.7876100142526525,0.09914869189840281,0.25413297489249587,0.13730310578949,0.20774839282998547,0.08479801036095447,0.2714787672218659,-0.09733285453455287,0.08661222656263767,-0.021101005378514226,0.07687421824446106,0.22740365275352148,-0.1144241916089429,0.24279922251935648,0.21466640838578788,0.05633617846404615,0.11773578050171318,0.002007647435282811,0.3799123852392592,0.05085810676858249,0.032143389249627674,0.23431943366094954,0.31299605521688556,0.25634310804836935,-0.0586141401906779,0.3324135153113559,0.12201916210518404,0.23326145280795396,0.1458755058718999,0.0321020984208682,0.002894620448301355,-0.011841842514266565,0.16535839311416,0.6254734295566109,0.27314824063406995,0.3263536132944833,0.16821448285483553,0.23338267335440266,0.13399744670298075,-0.07996799461414883,0.09632463328686103,0.2291564340150236,0.11482447746591884,0.3104184900994085,0.029719293462353802,0.0073738630377879755,-0.00190125431766075,0.15563764000707847,0.07071542391218455,0.13262864384399675,0.1767499843573348,0.09027835818684915,0.09959113085791893,-0.03273300032552828,0.22355680249031762,0.05269486141488766,0.40197771355134937,-0.0666198820566315,0.2441008310311763,-0.030702503797669478,0.3358188118205989,0.4607001107102131,0.10599479438487203,0.014845971184853202,0.34807847688699023,0.1469044178916621,0.37713356603655934,0.5257529347318681,0.30388462930212623,0.12412617410825821,0.3056781112588651,0.19561545170362682,0.3577340241810818,0.1340820907868414,0.6528735508213548,0.256304136064726,0.22986603507870207,0.3034582987636776,0.06288773943951176,0.1725812956416466,0.2777364342230828,0.5118079756110805,0.34841302083449754,0.20958362270845177,0.2127301636454586,0.25038674635652236,0.049962948478527336,0.1127152063286283,0.5865409476672843,-0.0834252677534637,0.08097784425815324,0.2731047358708971,0.10058301813676529,0.16727054571647115,0.13512052817703202,0.10332878507367149,0.25748637058118184,0.06932054080481898,0.21086375953223913,0.4532617708619826,0.9149954809938787,-0.08397402586118452,0.9720194044878212,0.3708487702828309,0.05235540367562841,-0.027388624024282437,-0.26221210429074515,0.5554205723925087,-0.1606140283244024,0.4040613166037985,0.19120329344077347,0.5358604957203441,0.052090303710297325,0.6160208915859406,0.31242119627347087,0.0026655487164894964,0.2742996724417539,0.029758590940731855,0.07780790497022716,0.14842772097759815,0.020454951169706526,0.1445469519549749,0.231100436469047,0.05155816222227605,-0.03471738290295312,0.3697070916612515,0.20712524803287868,0.03643358630493654,-0.015535508968517409,0.4459430702466387,0.1140864409039768,0.042846231269307644,0.05213884195602558,0.3309307004310753,-0.24579193979936276,0.3949319135168379,-0.03899360626991677,0.14739420540016512,-0.028840312688737213,0.3879255229913736,0.49284296982291886,-0.03722253620119387,0.00018236108887670355,0.03903407223899813,0.33043226312519725,0.400224317649192,0.01461802793660727,0.44119534935529026,-0.27426532675822446,-0.1624749327509859,0.20393150904721846,0.31002973841021353,0.26656110567918234,-0.19439800096657656,-0.14274999191244875,0.30205441631251806,0.3702743670154125,0.29227095343387255,0.15900001525878915,0.38049086865143256,0.22884135759915036,-0.05711542473015174,0.2820404124445153,0.08200587681842153,0.25146285037151417,-0.031326672693001156,0.14647316774945862,0.2626873041442328,0.19395290427840717,0.16919110001584792,0.22079177288053176,0.1759089657186279,0.17411376749607954,0.03877453398589492,0.08145911428034491
2015-01-31,0.575949479146943,0.24855874455151916,0.14685058609489698,0.22824799180578026,0.5104253344783889,-0.221574336930488,0.3650590803171203,-0.13476817596550306,0.8699321822664665,0.07581915214313839,0.3454300712316105,-0.00588932792835184,0.2760055527023346,-0.02015513844593897,0.3002019213965015,0.04076173287019058,0.15800264478066617,-0.10221368014285392,0.1965509488052688,0.3954120710180977,-0.06986964882021096,0.2685769010649588,0.21475390230988722,0.15321399746147413,0.1497996947484519,0.05963253565922377,0.31965048415328656,0.14354047938771664,0.029325417514887597,0.10485969147155072,0.26115016054797424,0.1914056393268806,-0.16544095791937619,0.299924264599599,0.22968555848781125,0.21030710221244342,0.21718988107423565,0.09143923119110076,0.022980429320750062,0.030331967393699033,0.09341956345107993,0.22600741017726822,0.2864137272627194,0.4215747388834483,0.2262841845851351,0.242723306440922,0.17877901345722336,0.03159048628901551,0.18329920964925694,0.2694804636568666,0.18913481612427274,0.40434009391337766,0.1034003702647337,0.06190500997608117,-0.004087800696688126,0.21857223928645264,-0.020694733074448024,0.25506756566769817,0.19293360994926578,0.1484100892862512,0.24190995844994378,0.056668351675110085,0.23467935453028343,0.05067178599220723,0.4848249434487111,-0.0380796952969461,0.3090482860720476,0.041071642750530435,0.16875392955313306,0.4599162752272308,0.11719610046123008,0.06390337302644866,0.29775747690207277,0.225831113836249,0.4624203225984487,0.5793415743959613,0.3012683558452318,0.12707795145068856,0.30026890978676346,0.2725608712989145,0.465863672815495,0.3269849769516555,0.5195312685601183,0.30320227065066474,0.21063349714958002,0.2243062598402672,0.16135977665124002,0.14661147401360375,0.2114656856138235,0.4215670626780623,0.45042408353270913,0.23299964843234533,0.18739515087839642,0.2337036066010627,0.20923506251247437,0.15687602318067917,0.5030364584474547,-0.0025279004728133714,0.17873661308030742,0.3979442956759458,0.08575357056818689,0.287302003864804,0.21446136948185734,0.1877300093894989,0.4079659164425702,0.0867815615289107,0.313691722278328,0.3606030766863537,0.7810603551062674,-0.0441708569892032,0.9560810136948625,0.3273183734258711,0.06104202495658928,0.1005629333396465,-0.2590167887599537,0.38076881899412185,0.0017753270864522275,0.2976544853874663,0.13568865660313545,0.8046068917770699,0.06143922941573221,0.6020552983684497,0.19619700283023467,0.058565679403917326,0.33590698016350595,-0.14054669580381896,0.13321441570506232,0.24981722460667166,0.15718387714438986,0.14412257363845615,0.4027342821450428,0.17103862518206303,-0.008343686767498082,0.2804226013548534,0.3832298614793883,0.09600651205027644,-0.011243735437452829,0.37383962011699934,0.2698322014051522,0.10175391383071908,-0.008810390541148183,0.24115586291154623,-0.21214855286911982,0.36646716979364813,-0.051604822579070175,0.13695502474640042,0.10419548186910976,0.24091800295645038,0.37345008018520054,0.048466878063816,0.05488769469136234,0.11924222010201668,0.2722894611822737,0.33897088279400345,-0.18334729293767327,0.3412441586537074,-0.18502713339250276,-0.18809940463329222,0.2890671425567808,0.5058282675914927,0.19436578823521278,-0.11657249296780059,-0.01098156973985398,0.2887893459907189,0.30321288770402766,0.20187890662440555,0.04110099487956065,0.15592939800995098,0.2685605422812396,-0.04708677779796511,0.2965466568117727,0.2584765775634661,0.2920126015537843,-0.004558826440954622,0.17220186254537095,0.3115346595190085,0.23537091942334198,0.28451304090216856,0.24181935990287884,0.30073622814508627,0.3803517705612338,0.08918233976351408,0.1678965219812787
2015-02-28,0.581781923629054,0.1500432837203014,0.03412632614820499,0.02185633192525449,0.22159592538461914,-0.30727765314891176,0.24512703197413765,-0.020905826805365346,0.6936655480627465,-0.076826033675787,0.2429608324356154,-0.1519542668017242,0.23489936182345694,-0.0949173716157029,0.24717125162961917,-0.08739128297823417,0.08245474095000027,-0.11650159095546397,0.04589256539496955,0.3004452177284178,-0.15657926402975186,0.12296381517586719,0.10921808943437039,-0.0173630029055184,0.11005111984513083,-0.05647367805899617,0.23662727579839493,0.062194047574661404,-0.0034645213262344265,0.09003366987606887,0.07536810296090524,0.221963048239048,-0.00859456046355378,0.05852811239466105,0.0836704904773693,0.20467179816850245,0.10491756779844863,0.038413823965573135,-0.15259900577670038,-0.0032365002719348945,0.010245365760677583,-0.16833469093917874,0.2202790914599566,0.3976480692840709,0.134686888590682,0.14189590028748,0.16611334508627285,-0.07274795866032546,0.04721080593953464,0.23762466899191725,0.06431182016547665,0.22869370705384684,-0.10606828781379263,0.1474492104980314,-0.2515939853967226,0.14382957654638795,0.1305343502558831,0.13053813200479092,0.34293316416110753,0.09788377689647643,0.2101962808315081,0.017848156410106064,0.2691243118772564,-0.02666856914771676,0.5137936118648363,-0.1094111066830652,0.2746553440771602,-0.0373309317715671,0.26621586336918246,0.3828126039472337,0.05082506487174032,-0.002123464957882182,0.11161566684132662,0.15197169642138042,0.19765295258139126,0.4886701339712711,0.1668986271970696,0.052461958399944386,0.22727522790801702,0.14024437866243544,0.5344995480447672,0.1110992223568672,0.21000428307055752,0.3180891805403392,0.12790802212029928,0.2786203675869243,0.05961562849342772,0.13187556319783678,0.22739344266399342,0.2531127523772838,0.3635370991108007,0.24004577307771258,0.13503529815769677,0.15162710490476883,0.08246709999471502,0.04166747698843021,0.36210732820039704,-0.09232357891343745,-0.008928227831498159,0.30365517417981325,0.14230366334563604,0.14621280881993148,0.15234222798526353,0.008468361249858614,0.3290295655953681,0.04036108036316444,0.1399097278689847,0.3254989091318785,0.9188523420898953,-0.13190612922128564,0.7968749231018084,0.21733204033337183,-0.011183679005468017,-0.037604411014068306,-0.46292986768541755,0.24169337330060592,-0.06704123846096788,0.2583002084903223,0.051757875596994074,0.6629761615374594,-0.06808524451097131,0.3861393308797889,0.20548381967889684,0.1197972870178361,0.18885684529605506,-0.22408118655843656,0.12156638985669854,-0.06362740473556006,-0.0213353806736839,0.14481381178022734,0.2731128222699386,0.24734786917834994,-0.10325213592274984,0.3630754860181227,0.2055920842843606,0.10392254430479397,0.11919734834511053,0.4465933515918399,0.28113971760161305,-0.0034995107280899607,-0.06367487040196096,0.20848371912315056,-0.200572079820156,0.38539316367609056,-0.11756089929458091,0.1684406852204554,-0.026893247275255994,0.20012714499118678,0.42256242926623266,-0.050966935986059836,-0.0981793665703653,-0.05400163456222529,0.18641182868933415,0.370068567940651,-0.2715942387603011,0.38959745349241093,-0.2480447757076113,-0.2901933707778084,0.35018700217174414,0.376973018239245,0.22207198943513085,0.09167037061855687,-0.1094807535051634,0.33909295851115706,0.3371176300852956,0.3405923438884091,0.06867146697571402,0.10602448947397214,0.16599458184402716,-0.25617463691223663,0.36241875723059924,0.1682960285014663,0.29731334932914444,-0.014897299090481875,0.11684629503245625,0.308105519941422,0.06400752651914554,0.13802783445036293,0.14881171554187267,0.1701264247706824,0.20725053141432803,0.07782660529300522,0.04382739305752503
2015-03-31,0.7071255613243024,0.2572412317073094,0.1584164695510557,0.20322484095659665,0.24917854309202325,-0.22443897317107397,0.3037537276916429,0.13018395420684992,1.003982352905024,-0.07468934744234579,0.17956311292480587,-0.1421158263174327,0.37463960562521725,0.21527421682431647,0.3570813917677682,-0.06999198669240647,0.16805185538534784,0.008635939285351668,0.17326520217168961,0.47299604403350104,-0.13696933375835074,0.2696080052165515,0.072296308766443,0.03636738242720661,0.14452160063411568,-0.008805399309477546,0.2292718044041917,0.2142633591930263,0.04384716989599746,0.05444156743483708,0.09864950832002739,0.11419821532402552,0.34906131155160547,0.2529268995068674,0.0837210735902374,0.21067420234060874,0.08906859650350873,0.04862356737528284,-0.06515085044047408,0.06602626259418609,0.08511551102964421,-0.024514279757538282,0.2797975666271699,0.40360718275175445,0.2663812695133283,0.13199796889598692,0.1184205936201308,-0.06745845687964336,0.13266882408632896,0.33295251911802737,0.20474472256158216,0.33405417778165636,-0.08354742268299586,0.2308154484397349,0.03825010505611104,0.2018176608766511,0.24999992946196126,0.17205420769881097,0.4526452643668277,0.1153294793122035,0.3489840758966609,0.018513534692049083,0.14941145936032796,0.07861579189026435,0.4876730982458606,-0.10774244785647225,0.3402566867604724,0.039771675226444536,0.4610500185504145,0.3626666264365306,0.13040413264997563,0.20138296098046382,0.1415785556035627,0.23451244524564507,0.20200728044602068,0.510430581699143,0.2378707106083211,0.08217672111750285,0.2842618959169214,0.17851071447863642,0.5552603798633862,0.1622060975551567,0.29628076319103536,0.37084025879249083,0.14839302342908955,0.2802658692189288,0.13020802627492323,0.07166264113690124,0.1988338369981546,0.3781803428712749,0.46132109482595407,0.09094677434183818,0.3703262468399493,0.17580947128572055,0.1448071837357776,0.0585760837838607,0.6887725995996294,0.012606699596908522,0.11397129200001688,0.27006758288802635,0.3390983191436121,0.13000905117974182,0.20557543888613905,0.03594478981285398,0.43458353332298083,0.23498002416046782,0.31638406703547806,0.4685686842873211,0.9710448793077939,-0.03466301485696188,0.7934474898332815,0.04746138715374548,0.08360020871330187,-0.1379247818793654,-0.31833723493206245,0.3009767787335633,0.11240450480974618,0.2918451388785457,0.06118561144789192,0.6506819987715211,0.08199194772256013,0.5003945695051919,0.30135380615053275,0.23160596293332048,0.33070686146825023,-0.22147605021568506,0.2107082406652252,-0.022518322803712798,0.0437166735410901,0.26259094921955484,0.4899383829783568,0.29304558721457075,-0.1211648549733888,0.3501236032286219,0.3094029479055511,0.18818008980640544,0.18843056452259188,0.3552124598003612,0.32658484746939265,0.09880607506037253,0.06529283824252063,0.22974375848707118,-0.19590960347590947,0.31221836184282425,-0.007336831469217042,0.193630275988375,-0.03737033884611907,0.11184811682958085,0.30037334060460363,-0.0697831661879238,0.048334791822590706,-0.07947275216229066,0.2604303787175417,0.35911692086467273,-0.17590135786514693,0.3350898154579376,-0.1656794266886279,-0.2642343861359687,0.3222995470127892,0.5403983367316458,0.10623084473149635,0.12711562584044667,-0.12841719137769958,0.2710804701336562,0.2830567602279812,0.27462671930551297,0.1104141055895218,0.24639794315304298,0.06040881187548419,-0.13737295776536929,0.24122123432567544,0.04964376271264581,0.1366053338976685,0.09524947865753086,0.28411482206643135,0.15772948762674277,0.19734947848449935,0.2324403278638354,0.06267053523367005,0.23648476199640078,0.4494305895443993,0.17665401200970088,-0.013770017200223639
2015-04-30,0.5040707585460211,0.21512162315231698,0.18376519560612548,0.19857357898195138,0.20528185741730254,-0.3447432844075887,0.4584046795387746,0.22348992055337624,1.0284786771392338,0.02648528685741436,0.12006209148546576,-0.22376676340831325,0.36810530072638126,0.2935138982341825,0.22713809743869162,-0.13300697605108025,0.16311235776184452,0.03705502805285077,0.19131604034662675,0.4588617522651979,-0.16197107535463895,0.2905668676193389,0.020525911702242494,0.10413660714702733,0.024292852862338288,-0.056053644235397826,0.2675492146791183,0.18027278657891466,-0.005546192772193814,0.011823091089211202,0.033602333640355475,0.0730815495243724,0.2939075964928628,0.15270402235936542,0.06475980593518593,0.1446504985665542,0.015385543839696147,-0.0759277485138522,-0.09909878048903709,0.011935323799644237,0.18410822701239193,-0.09197165758224068,0.28322633308145906,0.6018413254103525,0.30111096682757554,0.12620423602424702,0.05724460405579612,-0.14609259785459117,0.2629315039020905,0.28077249696363094,0.1422904564332026,0.31622762161109175,-0.09569664607370099,0.19102944101501018,0.005527884342222622,0.24403413044264433,0.40761304387514574,0.11615141177155497,0.6177214022159476,0.04695054705064905,0.4077799394214294,-0.03444359081463666,0.07419137664930675,0.10509494205024383,0.5575571380439674,-0.14542352676285708,0.22041710560486716,-0.0443479104021367,0.25022266545449345,0.4467305957759562,0.14550250487113336,0.15547081376239835,0.39626764405602666,0.16337217670582982,0.1653932847344335,0.23107064456171011,0.33931450117470585,0.02905332337524058,0.34974412060006577,0.15568640771455056,0.302654642502175,0.1641327617724666,0.03866771793915169,0.3520376489405679,0.1066393213491954,0.24042134782701252,0.15210584159265905,0.10776515943011944,0.15914776542170173,0.5206979800064766,0.4379659643617395,0.011464424392521488,0.4183701455210611,0.20409664248929738,0.21792435390018206,0.0953304274111646,0.7425407169647766,0.046548356187689155,0.04063905236986143,0.27200422779395184,0.47060461624081085,0.2043778528006419,0.31463234560242603,0.08315576176783313,0.4189786020701418,0.302233421015502,0.33883516452019924,0.9217016890149061,1.0784448311156885,-0.03726228032353307,0.7486192148653237,-0.005665373569265331,0.025868812713204292,-0.15778619134849514,-0.43080392682566737,0.2588433923647915,0.12528686013489887,0.22176520677565525,0.02623154805007677,0.6861896068130073,0.09841692869309338,0.40238609257358293,0.3432724174657238,0.1246294067762197,0.3918373244964177,-0.21185732689469405,0.22813854832559266,0.015705257959181207,-0.04664616901209706,0.24336525410913046,0.5631511029162066,0.360970723748538,-0.16343346916016843,0.45553547359564317,0.37061930477989247,0.15744858636939663,0.1383578727452106,0.28439588704031715,0.25859325818972145,0.03920237853020714,0.08516261104522327,0.14023529261655132,-0.29797401110104105,0.31560922010900194,0.09715115396683016,0.16918288163662676,-0.12976356378830334,0.183997919385678,0.30152784179149905,-0.12538081837937487,0.1128686900761342,-0.05963787812372445,0.29778615718234835,0.3495140142937039,-0.23867550020784456,0.3627708683470523,-0.24890378557058446,-0.295003284377667,0.33192620155293784,0.6410287898796097,0.14381592218005457,-0.12169967220675126,-0.1793306807777606,0.23694550671813897,0.3516945322431213,0.15456447866330225,0.26161963202533944,0.2525457731476779,0.06299121329050994,-0.19735526328965025,0.18083728475668437,0.033096834982484724,0.12180608066236531,0.23616728317373847,0.2423218452324407,0.10438779088675187,0.20177961388348886,0.1799427735965049,0.054437912992941095,0.1447090985249988,0.34607668864537167,0.11345799483791352,-0.05347945471661064
2015-05-31,0.4023933191760911,0.18486703447019193,0.16527755990057913,0.17849390269058496,-0.006842029566411667,-0.4350000023841858,0.38046088265801914,0.34948016433650353,0.6776987423354233,0.0625023074566291,0.10028058861785127,-0.12399644063606485,0.2875935744695608,0.3836212831924011,0.20626825408060445,-0.07033767066805752,0.04951234415194006,-0.040024514080300166,0.24071553046522043,0.36139726490199275,-0.05240154334356861,0.2790851405298942,-0.0023158123505852,0.16920960636763316,0.021539917368524897,-0.05893265626549926,0.2278100838275363,0.18788749937950788,-0.022990306395003768,0.06112138531954625,0.21160246055241783,0.05957679580073427,0.331881385855455,0.18309438825232616,0.05082658258664874,0.10721123905393037,0.014834493484141786,-0.012040745453442692,-0.13561688182443454,-0.0049902961329397755,0.08020324587751015,0.08798193356937678,0.18399367439647918,0.4215839958068428,0.23677036734529433,0.10713686778035214,0.0352692472546452,-0.11189898583570412,0.20540903329961968,0.2370299627010255,0.08257167053316539,0.22244284195438757,-0.14333152475206612,0.07908783433424937,-0.03192470414537063,0.22174355322345352,0.388932174652481,0.05674500382255365,0.38873804555604075,0.005089326121914484,0.3210797908390097,0.02044081637400441,0.12493837004435959,0.03682336955117793,0.41455007806114286,-0.09848672502355671,0.18217688967807666,0.04698304063781955,0.23765567906239493,0.3966786357213745,0.09988734883577788,0.1577077848497319,0.3414291601304358,0.10364436876801908,0.1399350990831545,0.2300750114768273,0.2687386420993163,0.03677219139052079,0.24182037440303494,0.14066022955843782,0.2579592545948044,0.22469272060306444,-0.016089458235647336,0.28595704650857257,0.02321928715815158,0.13264318901394834,0.09404391478801655,0.0006443850857777988,0.1249382192326216,0.49029204976473517,0.36858676122813594,0.047169456224882333,0.28866772855170364,0.10792216339624616,0.1954885925244858,0.039329488486451236,0.7060613774530387,0.04941453151884345,0.05054244127387908,0.21119250506191456,0.17083632900008006,0.2468750300825866,0.31562519388370935,0.03668977330514145,0.3184070482522665,0.2042790715624918,0.31057992934896506,1.0014811331233369,0.6535726953681318,-0.03881977115815616,0.5597291414506711,-0.05105396252721006,-0.004155948682452504,-0.10421077368460863,-0.2925436546222411,0.1861719929520016,0.04902573470382143,-0.024206048290601134,0.05001600266472761,0.4565825403806174,0.059248085791106186,0.3095125364877864,0.18358430664375391,0.12047983292204534,0.2964747822024041,-0.2199035433011307,0.20754872001710445,0.05778247097862743,-0.033144257965069035,0.19399957908967402,0.4590827151106327,0.36905083783689463,-0.07414513626812214,0.37810543402107877,0.4217465271726002,0.11899058752011804,0.033749045056153504,0.17818245758382045,0.1435957507362169,0.1360321765763548,0.02543236286784789,0.07144066124586712,-0.2562413046063673,0.19451213443443316,0.11364195485645734,0.12152442700120814,-0.12526478588888812,0.1094303860651411,0.16199427961774715,-0.06301821136785879,0.14843266851128467,-0.058325720977456474,0.34790605819454523,0.23129667883306726,-0.15765292416406618,0.2596641653140255,-0.21740524482158585,-0.23264774997714932,0.34501085778849716,0.48599842125922654,0.07415461200660833,0.16250819549781115,-0.13510183284226662,0.11481937004273446,0.23360297986730405,0.0776777839345939,0.24990013841988046,0.13812409941280435,0.08261827654162279,-0.12133052316910486,0.16929178750876628,0.12589350356025597,0.08454125601096929,0.22686796215991678,0.16909501821116568,0.07277932738615545,0.024546919863843275,0.1094307509976018,0.012863990270059578,0.12937615204985975,0.40371795025676427,0.08225167362644559,0.02805862497878242
2015-06-30,0.4265160273950692,0.21351813505940131,0.2170295530295696,0.09300712646174714,-0.09100336668396036,-0.4558472696293314,0.3451698147027329,0.3216022996711383,1.0755871620616522,0.08335481556679869,0.12989888399606664,-0.19070704113004466,0.29303822672482815,0.2525825902026073,0.2150008991038419,-0.18097484511457784,0.10081529822055879,-0.06730285106262968,0.2469564059441849,0.39694528176037935,-0.03825209041600153,0.3073406301898989,-0.016159442806490176,0.17253041854943874,-0.011135616986881924,-0.06062734563693617,0.30680134624811384,0.2641581864455318,-0.014121605755788469,0.07688675473348461,0.15343678280707174,0.028541278311810858,0.4163867566196977,0.2142200760812385,0.0862120553476089,0.10153085290324415,0.02854827122167336,0.021822145205165677,-0.10497907255398486,0.037418634167750264,0.10248383173844644,0.044738791317296966,0.2006410816706521,0.48723916321241045,0.3134564489762617,0.09369786058535401,0.013797742524914502,-0.12809444198527176,0.2910227366902671,0.2499340242516075,0.13681214193172608,0.15973020873124577,-0.14954593324957355,0.13174772481639185,-0.025735539435119636,0.16416631660432213,0.4306969305280024,0.0518089422843,0.5317620294205125,0.0009891304539757506,0.3797559415084575,0.05626328805315661,0.06329481301784523,0.03840394116247503,0.5776237263385424,-0.06333879943601806,0.1483769676499458,0.06599657941454407,0.3541192424648707,0.4514012780115486,0.1436267382729619,0.2649627576065101,0.1844341894114525,0.08864440313142974,0.05217498616454308,0.22549043062101948,0.24859383246625955,0.1198359530704427,0.2185056725719381,0.1473278333533763,0.26083274082273045,0.19689307570285264,-0.15235210597784166,0.3570084621785423,-0.08184255661127382,0.07111427409887883,0.10734913662491574,-0.012253115540790893,0.15609775222345523,0.8145641800922683,0.4061948064453349,0.008967745496151425,0.2663297618245022,0.15284710166550175,0.22554320572074582,0.012133978872663098,0.35498513807165355,0.02507173291973408,0.08115446478335486,0.16653065666991118,0.25904663127785166,0.17743062362055095,0.36739892442833866,0.028291794771701406,0.3879316659881531,0.32324650932911503,0.3036252191810944,0.8083711925526644,0.7496512746999398,-0.044094634254154275,0.5228331218451758,-0.038441418149543605,-0.08823194417709634,-0.14058592253050994,-0.44269876250006435,0.22701211233259033,0.016777967752872547,0.015198013535848709,0.04469892644490603,0.49006117019787543,0.07284201879983998,0.2302549495986148,0.27838934395948667,0.3531336281745303,0.3262011067236432,-0.3559826958043,0.22918447087535454,0.04091445848193942,-0.023321761645820782,0.2053702915183584,0.47221742018486723,0.3623269809578318,-0.2194921518742584,0.3412658386576275,0.4105472755086619,0.11421232884844912,0.2122878118834728,0.173204019244094,0.13547235141780067,0.1338274288940946,0.009773477078897086,0.04359082232869782,-0.3971733529606086,0.19742846869608188,0.20599779651918348,0.1259546741244908,-0.22659100208123095,0.08359600200460782,0.17618405466313702,-0.16882019600100617,0.22572911354883907,-0.23584887753807127,0.3441065277956685,0.20553391530540166,-0.20315290479214476,0.22778091926708388,-0.19046332924256326,-0.3536457160472358,0.19645063084119907,0.48153182806126327,0.08924273347458711,0.07441142702060777,-0.18576262164491653,0.12462060216250048,0.1781768801923298,0.0721539963065514,0.27939479120705735,-0.09162738064549969,0.013623396212559147,-0.14657090806758644,0.13343350274283283,0.03923328134697668,-0.012515081987491183,0.2090229777959911,0.07254956348232167,0.041759166060813424,-0.014569056034928751,0.1031356640411365,0.009407774047947237,0.10848816652241311,0.43904106367848916,0.05647813680257974,-0.0691316039830625
2015-07-31,0.3350524926233749,0.18365879345932035,0.25053843362874106,0.16981952543293088,-0.06625770273510223,-0.38618924739549043,0.22800620974407915,0.38691334205582173,0.9410746094877012,0.12966866696139356,0.08514709622252203,-0.13765653789510557,0.19632837897242794,0.2835022692636531,0.11267406644110856,-0.22512434459020403,0.16499475642120576,-0.06817364737518872,0.22301829448413568,0.4026165114365057,-0.1279130610050161,0.23978450998240253,0.0008467069175042141,0.19839971891212804,0.029525815931169763,-0.04684700894523042,0.40796243125228826,0.26730911238292876,0.04089492722102084,0.03435554997264245,0.04997000302594623,0.07536248844161397,0.5540783966016238,0.1689600727349525,0.007094482325753271,0.0892124133810559,0.03517223797557456,0.026150647312994435,-0.12973960212573377,0.07837848513447154,0.07303539291165606,0.20134348917430223,0.1355396200943242,0.5288698271242485,0.28237004390265086,0.1350178042885226,-0.012187481799297073,-0.13358812389047303,0.32849491417425014,0.1502525175355871,0.192087613515314,0.060016533717114795,-0.10527697263810476,0.1798455110203263,-0.07330665212477894,0.16196129002007797,0.38497661445759856,0.04080586630277461,0.7997908525980206,0.04876784968346248,0.31478872913067346,0.17168320341672327,0.019865463093278413,0.05361346267206635,0.5176698530785022,-0.10247580739085715,0.16588764316196447,0.0945310968245765,0.28349706786815565,0.38906742551855644,0.13280171416259012,0.17762057960502386,0.058900616862920696,0.1380185059510748,0.007277180694522212,0.17439962879735882,0.2564358908053095,0.16085547378296128,0.22209458172035768,0.13413257591763483,0.25747698237698424,0.2113293620711454,-0.3833059866516797,0.3123882810968097,-0.12126909772484473,0.07671418155524168,0.21952565016188963,-0.05951951095626662,0.10972886152381145,0.6132123599370969,0.3464053135948211,0.0023470481143086364,0.26899833862531297,0.21585402330615522,0.2563087379094535,0.05626081492991575,0.38882013576563224,0.06779680348542949,0.1999223717643661,0.12926934008435365,0.20799062396073786,0.08946819857714661,0.33973757030231355,0.12420848040153176,0.38422680820183297,0.24546391430623649,0.34595613012304227,1.1226115368674092,0.9791669853455212,0.016842892341999205,0.5781716729125204,0.0482229101798215,-0.09268829822456626,-0.031144832760628183,-0.4862977383861279,0.2375034172978714,0.02171218924705598,0.030526954690603514,0.09784125030643209,0.4977602280289626,0.15567716138304677,0.16240450615777458,0.17697589635732447,0.2796306591265727,0.416703730543464,-0.3646843598533396,0.1711605158761047,0.05440599403461577,0.031902429138514155,0.20248731539704168,0.5240264724715726,0.40042008456450917,-0.18903926870507037,0.3971986686080555,0.4116750868933168,0.16621897157927346,0.2633938097820294,0.07935793854903461,0.06449352302961464,0.32020698538721537,-0.029022773566337534,0.004938248551437097,-0.43241176236075196,0.11262679487579086,0.3097660962545772,0.12097564189133525,-0.23148607998788662,0.06551247449689512,0.08988213147034174,-0.19967197452538854,0.14026096726935333,-0.1953981499236872,0.247258246700224,0.1177755708388315,-0.13186953125191325,0.15092887119444565,-0.18524272287972599,-0.3663514755153988,0.10297571701818553,0.41511586420579283,0.073831906817025,-0.05811033921237485,-0.14121335455662787,0.060485138751044554,0.13065057053843376,0.02231669085719834,0.2411059730546079,0.06165342284660813,0.020275601187339065,-0.081588352502027,0.1280282792403955,-0.016555660094916047,-0.01342471798558087,0.3409709757269428,0.03193791339020602,0.04760658828799724,-0.030278622711178094,0.1715111320471241,0.003077648056443838,0.12811994117790704,0.619439763699074,0.12887933531384155,-0.16332940576089838
2015-08-31,0.19822110712450747,0.22490150592989444,0.30307451298191745,0.14033374302862756,-0.23854300481340163,-0.5371702848352979,0.2848443489881243,0.581376909514578,0.5443985829782958,0.12479316249695294,0.04000004002305335,-0.25475043490523475,0.24940358246887628,0.2404804686522426,0.17159266656991057,-0.2964352614739696,0.20184438915288672,0.12902672479069555,0.15579393427707533,0.27724127779380736,-0.1394397673683807,0.28547320456470016,-0.013695557289190252,0.1834132644130131,0.015283473648071366,-0.11356950020519196,0.35817629732135203,0.29372941355688487,0.09369800944767004,0.011180927976832677,0.048570660178062,0.09231437610391136,0.6752573486865758,0.038800033192896155,-0.02567822504430295,0.0709707854057906,-0.0481702359100904,0.04908854803855034,-0.1380341801692596,-0.05575848353630897,0.16620916860193202,-0.01316272145347186,0.06490399012559145,0.4225361087060986,0.425835291725033,0.14762848963538988,-0.029451074349050033,-0.18512708575917824,0.17202783524957388,0.1139279224576577,0.16985324348432962,0.09357633676388377,-0.13954238596790913,0.15806875579337842,-0.000594858077092808,0.035326725971269735,0.367507865556594,0.04814502787873942,0.5233321855216804,0.07422820407318986,0.31062821311651256,0.15559123512838502,0.033272537409504865,0.020028246645145575,0.34438341289415275,-0.17262161009174593,0.16493472371411277,0.04082044741705593,0.09972998599137073,0.3321396185488794,0.12003532150055563,0.2214112942020443,0.13438017278701953,0.035816608866632293,-0.11677571949233323,0.0802491686805249,0.1912814105462468,0.26746042308622675,0.2501232542133196,0.11408965197603771,0.3176253788989094,0.14763483557431734,-0.43220856053807777,0.37930763412945323,-0.19407963752365842,0.12743462957572693,0.2521250390829497,0.026190205818521273,0.2098173070618654,0.579809453726897,0.2823949527125742,0.04329574544731507,0.26620536830052877,0.24580674465778696,0.18125558191504076,0.0938065555407901,0.4427701233333172,0.0660205347784546,0.1539864570750522,0.1357886992164532,-0.07072064237792275,0.12693864123641374,0.3282193785339249,0.003228787910375397,0.3242327441231949,0.3798380487566204,0.3599462037962651,0.9151583725051815,0.8908561065513811,-0.10400364740425916,0.5329438468174965,-0.014068396770149483,-0.11469517317235367,-0.05145699404653137,-0.6650347143167916,0.23383929836903583,-0.06127958797110389,0.1733484333432047,0.14553254965847917,0.5523500720256569,0.19181909327127866,0.05478885112115184,0.13458848916700572,0.2198261478584267,0.47934816490330534,-0.43329201800401995,0.15171210152245718,0.05842820724647657,-0.008699599557196236,0.11762228491086302,0.4231515763224811,0.5053939663312228,-0.2324290039239273,0.3818058165249476,0.39162339148675174,0.03721006937286697,0.2434999695548925,0.06086115594433994,0.12227202950514338,0.23791560757215957,0.01133242233952192,-0.019202503943135607,-0.5423919405013448,0.15255773453767452,0.25345087988944015,0.06679877732340089,-0.35149720733094325,0.10440403214430494,0.036644827503835575,-0.33443993725934473,0.2038397503193401,-0.29205388866558124,0.34611018059882515,0.15905958392747332,-0.22342806570169815,0.19371009708952136,-0.25788394711146934,-0.3740302879709414,-0.09814360326872751,0.3411124353772008,0.15719084991407595,-0.36340655509065556,-0.26979523218865353,0.126273627804099,0.1697191393083033,0.06635390458654666,0.29063139417281847,-0.07507180351204568,0.06950224891756429,-0.13109858518715245,0.1497785277201391,-0.10629765135816927,0.05930422027759907,0.2675692041914386,0.01020471383432242,0.08829792577488127,0.06895357608092834,0.06285305205666303,0.03144947788362806,0.01770409500353165,0.49109641362936385,0.02554658710494251,-0.2523484550459629
2015-09-30,0.13833843374015276,0.11151709737405158,0.18754889454524593,0.13556867932417616,-0.24080276138318768,-0.4692082412840707,0.10093732497297392,0.5906525955238944,0.46156391575791633,-0.032942512215442865,-0.02968007906204506,-0.20205564041613,0.16671425209844148,0.20563198753512046,0.0512412282914374,-0.29251523294522974,0.15023376611228612,0.10096691891897547,0.04071700122860533,0.288892705938701,-0.19751542566777336,-0.010988005935325562,-0.09294666125762552,0.09239660357908819,-0.056501609121249796,-0.16660998632333945,0.3049460826617012,0.2582870585254893,0.03778806642005783,-0.07030751834027882,-0.0361189390296619,0.07982607825802779,0.7846757027645985,0.23917332675859182,-0.018385195378166297,0.01902977122338867,-0.1295990485319959,-0.007280750296591143,-0.22261575101710263,-0.11245745918130556,0.03377277206806717,0.02628974446849841,0.02978103914821051,0.35673471194902895,0.3462037260712929,0.055674684406496144,-0.13239392184809073,-0.17378589073921358,0.16005967389052533,0.07868639216318862,0.07844849137926846,0.08937048343754617,-0.11214762260949862,0.05159551829194586,0.07773319906175513,-0.055996787410622306,0.4174427753035992,-0.007995176720297259,0.5529404310034307,-0.015504548596214418,0.22624616225186167,0.017502527392470046,-0.012283558639651693,-0.04110761587635814,0.1928131975582006,-0.2119272326304903,-0.06373518066545958,-0.004721534060901034,-0.009387949591880052,0.2283039325591616,0.08769303618968904,0.18139718434363372,0.10638344533338384,0.016722487397453856,-0.18273912966959227,-0.018024765451626457,0.09617290239037968,0.25089306863196326,0.1882014764613964,0.048139672332552896,0.20298561065853415,0.010264631166547078,-0.5210156360106974,0.26658491107216364,-0.28102466101889556,0.1435461976947543,0.2173068973677983,0.03393521366845986,0.24343240853786896,0.42433153015982406,0.17922310779639417,0.04205483834023749,0.16350092639805336,0.2351519733717531,0.2021597571291982,0.02957398284898405,0.13542871885948848,0.03158914746904817,0.12442034857613504,-0.033043324017030695,-0.10129684717188625,0.04546796295620403,0.1909082480675086,-0.030669651028090494,0.23335234291252616,0.40585213606589754,0.16561790676520638,1.3540884080617457,0.8576241098807533,-0.07030023850428235,0.3791483153209785,-0.06446794426472613,-0.025327207272251795,-0.11929637836078455,-0.662119124407488,0.13974422146620458,-0.052703934507412065,0.2131036257332357,0.0573931437973747,0.34183038045328873,0.17888993029543387,0.022624429425093684,0.01964533422992365,0.14120934023439147,0.26348873637229286,-0.42167785194499197,0.04456938965534052,0.0670302038133419,-0.036210006599764255,0.11462371554271789,0.2954266812230517,0.4700354905943904,-0.22176467417445667,0.4761820665989076,0.2752178318309535,-0.00654330188889074,0.3161582605413322,0.06252462198053022,0.0772250394828995,0.13224594990684957,-0.10251513149841063,-0.002609606955257915,-0.5102987646379423,0.19675433018853794,0.22865961160730963,0.06758084448057233,-0.32793681624413107,0.080367322239709,0.0549856478255486,-0.3666276176839164,0.13744229248020257,-0.20301174573163405,0.3457981820495779,0.181998053047987,-0.1486901495185733,0.22386158348351115,-0.253828037498645,-0.37935967982964613,-0.11394578739329986,0.32707588049912717,0.2469927308042945,-0.2569228173551522,-0.18651884099456173,0.12463414173534604,0.22697046695065892,-0.19595231361183463,0.22457620954417812,-0.0966228416824152,0.08349497078374557,-0.2209578331195321,0.14251299016975505,-0.11193502110669384,0.10243499323862126,0.22314059772990613,-0.0681880874623142,0.05839801471021988,0.0733136569275441,-0.018885042140809882,0.048199113930775805,-0.019793062393984595,0.48800773252951024,0.03201581105780282,-0.3109751125378657
2015-10-31,0.03875464343139745,-0.06317848921937563,0.2242469430763594,0.17256129492537564,-0.3219227439550446,-0.38571426503512285,-0.13106321301334778,0.6758004311110006,0.4676250960248609,-0.08088324595903362,-0.06963477105176119,-0.3387675164210904,0.13167585764469414,0.08501326175121227,0.09677250901026646,-0.3145660254510647,0.06612003775496378,0.12414819972768387,-0.07357196983545933,0.20852355119746546,-0.09167933281675311,0.016336048915627233,-0.10897469455990183,0.02800559555835047,-0.010880010069938106,-0.1723398392966412,0.2965900565602002,0.08194635598374034,0.08852264455777803,-0.12007582203408818,-0.032048101936048456,0.002675783971325174,0.8403136876312984,0.2829937273109169,-0.06579826300011882,0.008698966544333553,-0.15626824398000283,-0.06347516089401217,-0.29694066746801795,-0.1491213547403838,0.044997350465534325,0.027720318602201477,0.01648211912721287,0.2402842080272911,0.16237730626256708,-0.00687853641218783,-0.12864082253853548,-0.20601457942329238,0.1684124649239631,0.006233179884891582,0.03941578847149296,-0.030798810096292262,-0.167584935012572,0.07460570176572334,0.02541011327486631,-0.10641282539050056,0.23569278444109054,-0.030367245140415777,0.3564759686893475,-0.03542666165869002,0.1551038562361613,-0.11046608664859947,-0.08795762736480373,-0.0018295947273758717,0.12280377318724178,-0.28740697221337386,-0.13530927848861607,0.012858171804961405,-0.1166630404930995,0.1043541857283341,0.0051288746649527095,0.14179718606450042,-0.07305365155386445,-0.07590413377586303,-0.18834529801100386,-0.15065022633161318,0.001985086369237443,0.2065004332605458,0.0005180128633504033,-0.02472227629786794,0.1731994473912466,-0.08894856733509515,-0.5472951649365176,0.22598955085321704,-0.28884204942865854,0.07470743859477103,0.19166873065638912,-0.03169277049725361,0.18629656521639815,0.18139797489668763,-0.020323201362508203,-0.001129142080473211,-0.03149279944330119,0.09080623859684822,0.14094287897502733,-0.01499616311189167,-0.07546164813616951,-0.0020411344656202646,0.07285308760598563,-0.085560582823754,-0.09116105094605176,0.023865348714169343,0.04189245889362647,-0.10843566248992109,0.19935633457795654,0.2816785983188932,0.13920901046358813,0.9101223393335678,0.653648459077286,-0.2255037275819194,0.17573598938724233,-0.15842348622413704,-0.00787013613055243,-0.15207056446529277,-0.651022957244527,0.0014763629711476156,-0.005340297620564427,0.04821064388600993,0.02754003847080977,0.309468082817723,0.07795844558802778,-0.08920375763846078,-0.08614950226882245,0.04097476596630667,0.3373498085960276,-0.4305866910132986,0.04034150439961515,-0.17798476940099872,-0.2172723674249477,-0.005581325148736882,0.21220960745308837,0.5252462230030022,-0.28495092883918016,0.37491347453348767,0.3087639243871487,-0.17451170093469237,0.23135585319838659,-0.0037819538852014167,0.05009326912299916,0.1302959560317507,-0.1228213099710388,-0.08126720846920432,-0.4863492166564144,0.15503477997866866,0.19048039285498608,0.05186981280074576,-0.31130112330367476,0.0004049875879730269,-0.0022293334795097097,-0.37047167118675983,0.10608457535888305,-0.22968915031642867,0.33489256296834347,0.11173016583893558,-0.310286229516872,0.13623169697912174,-0.40076832710178056,-0.3477038019355455,-0.25871996378631346,0.217981130639872,0.1938049592052813,-0.13911252023959875,-0.19443997853684813,0.057137647598960006,0.16948711359012902,-0.2488089008202795,0.06687721866987162,-0.30170041131352,0.04014171441710257,-0.22798562308789794,0.117621800032649,-0.19146491940666954,0.05688607830282888,0.0775278823399208,-0.2301868613911292,-0.030473483505783272,-0.14091987882090806,-0.12794146158199327,0.05758155553337185,-0.05967915153547543,0.30795544683469167,-0.047747555074021175,-0.3357921185212671
2015-11-30,0.017557204593485087,0.02786620880886015,0.2685119599148482,0.2033116625256215,-0.29216017357686375,-0.24014339980454813,-0.02882689587092957,0.8482755458788787,0.33489280037682234,-0.0031194687417192,-0.08521082763407806,-0.2473120543852062,0.15852893730208417,0.29797886091311976,0.07576516156812008,-0.1379144857103629,0.12331409052405706,0.34295547983345465,0.004860030830169171,0.26933757225964405,-0.11629729358230823,0.04955189357482426,-0.04606896828994078,0.09692989996120205,-0.03130297227771972,-0.11414646318162291,0.22165071102957334,0.14218484572034606,0.19012132263701242,-0.06584838054800868,0.1234262913375972,0.005932332447661226,1.188926402107786,0.3701214572308993,-0.07135943465862526,0.05018094362202952,-0.1277280662142084,0.06857061623628158,-0.16751994890607758,-0.09036404672751963,0.01632548200589512,-0.15372973768611642,0.06939348448957339,0.21299155527603042,0.20817395087746404,0.013661391510046528,-0.3298053320803065,-0.06296974041987546,0.13085022613160202,0.04015617352107537,0.020975134149746832,-0.011508544159364975,-0.19631010114979397,0.12308183825663743,0.2534499877824017,0.004390571857767256,0.42035748633974523,0.017788310583449984,0.3031770407438037,-0.02524939625334066,0.1651138203731899,-0.07407317176761663,-0.08876551118099352,0.11778887483986766,0.10534192080906668,-0.2399084940706161,-0.11952117869282641,0.13163907545929066,0.08601498459014034,-0.012914297572305888,0.0579584901775565,0.1303370987708925,-0.040886884973712956,-0.009977160226636195,-0.007766927813418922,-0.06185452914052103,-0.03880477606341859,0.1964277062648514,0.01944242695878695,0.006064062339023124,0.2542874968674338,-0.04823707213793138,-0.5393603379560052,0.35109753691160317,-0.26559334551385705,0.11108020505226524,0.2492508808501066,0.0477958574428039,0.26368934553074985,0.3395256656987138,0.09752196228950072,-0.014926358621842883,0.0008658795183484891,0.044242100005998486,0.11596896396920897,-0.023566966988882165,0.058194780880457264,0.08724506903871654,0.16394906764172168,-0.07926611696944952,-0.05583539451871811,0.05777537447281422,0.14378552195262295,-0.03856045332761049,0.27259111881982334,0.26152961396950714,0.25235702431309903,0.6191216707573721,0.6405646765129422,-0.15502916295341063,0.21182919180688398,-0.2062825910455841,-0.020232067219470462,-0.10981584946211609,-0.5483194349694823,0.042204186868920024,0.0864430270373604,-0.08108470114127764,0.06005832989843962,0.27350711143034023,0.12484038977883105,-0.0167372311657612,-0.14869472068155154,0.16798772348033375,0.33430094510485087,-0.33507542950659364,0.12448957625694068,-0.1941383727371151,-0.174887146494336,0.18797470723651077,0.11619114284424414,0.555765947792467,-0.06984465715999288,0.4055948832085483,0.06458912404128947,-0.04319326955750735,0.3839893543182882,-0.08897762626202421,0.13708916346633893,-0.06167613338252864,-0.10736776003657322,-0.008808596305257876,-0.25122498258310244,0.11954011843954682,0.1741728651616441,0.07158491362858044,-0.15208843613427458,-0.0012141887974714827,0.10916852266727228,-0.27589193327083816,0.2079148839828937,-0.002382219962114296,0.38558842026429385,0.12361279432497296,-0.2730066459157061,0.11747609380419144,-0.2415925833926752,-0.07463175897158802,-0.301658553963553,0.17374512680558674,0.20261395643647728,0.0628903257795217,0.011966189439426289,0.14074934527789273,0.15712243527783998,-0.31074840035323004,0.10267473139956595,-0.19831845500258005,0.055639676988685105,-0.07355293658245743,0.11725362022904573,-0.04891331989528602,0.05578733700671812,0.07889962479153745,-0.1881293619290948,-0.027770617374732076,-0.05148950464783508,-0.03799795874425471,0.08932426273469907,-0.019427494267756917,0.25673808864986136,0.03958511753078042,-0.2769398506409815
2015-12-31,0.09001306494414751,0.018944365324388368,0.22641438080901666,0.2580468077541518,-0.23106719681615018,-0.1161049334606804,0.031677972872523164,1.1420977504041168,0.308440790682589,-0.016578595307390143,-0.10695969504777836,-0.1765797119937914,0.18885978783102053,0.343618303873676,0.00952967782593106,-0.14903306087727364,0.12998562430940064,0.4375494645139306,-0.006721187291657271,0.2953468004072317,-0.1026377217904002,0.09906092187389048,-0.003151250928004279,0.09439345908918062,0.04307718957118478,-0.11321307132341618,0.22088793673976803,0.14465686206159623,0.26035126182773793,-0.043687430508619896,0.20192891968069393,-0.031574389213968046,1.52717999547018,0.6082843304725059,-0.12129283951944958,0.08251408423749584,-0.15150763609381102,0.1138588137417833,-0.322979053364402,-0.14466922323988685,0.1085728280215239,0.03529518987706526,0.11525779439065786,0.12827543214762782,0.21380311357831983,0.032284029818490545,-0.3016569338921493,-0.08641145074256507,0.1332331475764248,0.053422159454078466,0.011042153947141697,-0.034113648300871824,-0.21931912283510135,0.14743531150646572,0.0952809306150677,0.03673081335746775,0.37962269333173637,0.018814403300160265,0.3120615953109571,-0.02951437824426928,0.11909465669504771,-0.08133694589967677,-0.15308968725109007,0.15000639584787967,0.05055080009845714,-0.1607484530019988,-0.0832163962280057,0.2166579092475689,0.1326394400077917,-0.07262535844537621,0.061900001505451385,0.19575142594800377,-0.016863927639863996,0.009377219294858907,-0.02207108014086767,-0.0044233042900682085,0.09037356686550746,0.21617609551404748,0.05865934305032505,-0.013211774666910037,0.20622851869827352,-0.10222420463551551,-0.5449872166489328,0.2877950512814067,-0.10496777175475624,0.08564241678171314,0.1729107559486147,0.02196798095844188,0.33183019567911676,0.32723950097116994,0.059709534788488394,-0.04896957720272688,0.09846094128470373,0.033814795113944696,0.04149026886703,-0.006286349499369792,0.08888886605493673,0.09498764465646592,0.1455581533911865,-0.08974878430114619,-0.15492716147965258,0.09857418501925519,0.1553709457845247,-0.0309675871767654,0.18105496359316775,0.22635817355421728,0.21169924314147837,0.5444141293616871,0.44172674980958715,-0.1141191295915398,0.2796358230806979,-0.2344398623428775,-0.037920197647558496,-0.12331039048104753,-0.6391890195597112,0.0851131023438576,0.06928963307795466,-0.0447157529626101,0.05699299442802852,0.18578608430105503,0.18659213464684954,-0.07994482973139017,-0.08329870948540641,0.32243272945908763,0.3870316512674419,-0.37139093579473836,0.2144623723493142,-0.224274511311777,-0.16976485557048182,0.2450886255562552,0.11144130958704612,0.5156907976490932,-0.07437503720936234,0.4395086353840818,-0.017473635480281358,-0.0613923052759997,0.49213171117179333,-0.1250240575623981,0.07160648473073628,0.017447585320488734,0.03207521647926237,0.019712806663070515,-0.20095151974974956,0.13764864572085522,0.15892505018339387,0.12495942280289052,-0.17815533900216507,0.06391790746085424,0.13232346338707468,-0.23772171299865374,0.2527765450079351,-0.08683970683716102,0.38743458736666936,0.13612536524418872,-0.24295901600227776,0.1391717302026525,-0.23839598558081831,0.026324291523699417,-0.4118306990167081,0.12981098902174093,0.2331121387098456,-0.02233715882356513,-0.03401699745987785,0.055708046480914764,0.23778167434245923,-0.3244215948388903,0.17831800821364685,-0.15457422281278288,-0.021023669505857323,-0.09390996021680853,0.041560307292080045,-0.2870004052632428,0.06627057649690715,0.1444203053756008,-0.1925261206379275,-0.061490956021529986,-0.10805633813527293,-0.0731532317816882,0.04303274593616857,-0.05200506498026136,0.07765938975325826,0.03470964618741079,-0.3381405908919495
2016-01-31,-0.08626292768595933,0.01924002166540406,0.27040868923729633,0.33951242150986705,-0.1655124647763141,0.11673150198791937,0.0875525721092607,0.9064394712555945,0.42786374988602294,0.12446247575855507,-0.08248217687386428,-0.12556169239481363,0.1791346386116417,0.3888396121908666,0.05427273891535389,-0.0828074527261683,0.13447845971468597,0.44732589883351603,0.05914951020035408,0.29200904744993084,-0.0730284784813372,0.12075532968331326,0.05616499790046103,0.23916952742292197,0.07821312616723164,-0.1294521929733331,0.20150331863838367,0.19311010370293769,0.32206854803487994,-0.09452578876043505,0.41065220950478176,-0.019699983792106024,0.8122678211723064,0.7451388432017809,-0.11814174053080806,0.09652963634447831,-0.03393587687095123,0.15088962837080633,-0.17450102011883406,-0.1428510609766983,0.13819615618263414,0.17883115544510209,0.045612325251471963,0.12527418759223985,0.22544475796169094,0.07530496150633459,-0.25859618874938906,-0.07774002306400662,0.09085821639451863,0.051603023133867776,0.03343310576882552,-0.08508986086659098,-0.12865693438084036,0.01989276330850176,0.26297700799788615,0.0253480193909148,0.24510465979682028,0.10928147813461941,0.3701955219358686,0.003456470522176014,0.11878919650889119,-0.07844195509813101,-0.14458217223803493,0.11521905958151812,0.051049279272985526,-0.129634989961238,-0.11375342699744428,0.34896338009708505,-0.023212674356945295,-0.044774280156453905,0.08139505317459172,0.2608819066068435,0.10451382490622985,0.018607584429660262,0.16719536040855698,0.05353757210022181,0.11302243579890958,0.2925545761385424,0.09841499609810667,0.0481073632177722,0.14231535137445128,-0.047271452145906445,-0.5162282918616738,0.22525258577213103,-0.14387381973286795,-0.007427831223111081,0.25870855880812593,-0.012521823768371187,0.27379599199387195,0.30290893745014835,-0.03374352693805627,-0.0326406246043448,0.11671336354139372,0.036163269337204706,0.08794446090683494,0.04234297009466248,0.14245508015574648,0.07598992361075041,0.2853472927264322,-0.09353085040488929,-0.21279164554252095,0.158613866498575,0.16802343750071236,0.004561627936933599,0.1702130505069659,0.10881223215122504,0.1694001685135702,0.37002347270443003,0.2526430381615319,-0.14615091288525994,0.26015164448907835,-0.19908149081106807,-0.013297702365750896,-0.06118709412525414,-0.5906566981531709,0.0466522021309721,0.08644938448428419,-0.07940917798546421,0.21742581706528763,0.22476464745763503,0.3270655772266646,-0.0889432454963206,-0.06791499295671832,0.14414914553534985,0.3694206589255833,-0.41342969237170635,0.19803277457269286,-0.17523253401083816,-0.1481814753833065,0.235121074684292,0.18446078271968447,0.3893215468936453,-0.13248332682965935,0.2993482531819265,0.014763673539723632,-0.1511162944945884,0.37440363411858946,-0.1301930965685697,0.068992992112066,0.02727502138610749,0.11874777513680845,0.019607768761560784,-0.2792289721755853,0.09579485877499194,0.21132176276269,0.04056540182616186,-0.2215303960067545,0.03435382891286043,0.09253816020089234,-0.4579022978489241,0.23193360552531495,-0.20031275887655164,0.4877940229355586,0.08245902220401202,-0.29862760190039694,0.08644499716233622,-0.30927130746300346,-0.13386715410853245,-0.6204313750746648,0.13481787516720045,0.17913771410064583,-0.28112912413576396,-0.1198850111778087,0.010368692654870948,0.15802985060418906,-0.35114773794778664,0.13044937741450635,-0.3764200527962789,-0.0049686125318533225,0.18759143947423662,-0.011668586003883541,-0.29137961172461535,0.03164400830695935,0.0565545045029876,-0.25953603174849427,-0.06473834590186389,-0.1413400825307647,-0.10166852287429828,0.08243014033096419,-0.06339369782122983,0.11327682381407755,-0.04586469212648614,-0.23845902176739886
2016-02-29,-0.23237339723707318,-0.18319556507847712,0.1975438422525524,0.12680150408066515,-0.2836814690972842,-0.29260446241399973,-0.017389160808104043,0.5440867675075605,0.06034155008269115,-0.094702944089335,-0.11966622991260845,-0.2177928075422092,0.03662765191252593,-0.019025865449266544,-0.16837102533228632,-0.16092888855965548,-0.0010362816293048027,0.35319824803317035,-0.14021065196888993,0.11800448192367097,-0.2097853477856375,-0.010480912745442938,0.041730806275410925,-0.00245949325757433,0.024219119226905894,-0.19844480639656448,0.14913239102081222,-0.005031744908388869,0.2835508996086684,-0.10556439482491331,0.2814112449582684,0.10489988914639592,0.3536879693173567,0.344586694671257,-0.15860395479164435,0.03247662218508629,-0.007427660034252881,0.1397465440531518,-0.3550604764396307,-0.26732485687983765,0.020598015594771812,-0.05970292580194203,-0.07519031761465844,0.03000946343561539,0.10393238560011309,-0.06460451194333483,-0.1873564868933103,-0.09736829812849657,-0.06093260991597904,-0.04188515433055062,-0.11368200595774347,-0.1690871042555534,-0.3342285289769503,-0.18844216686928894,-0.13940423076225128,-0.13247408196723076,0.037278170552409895,0.01643701057262459,0.09877351670689549,-0.024296637575667357,-0.013419104487419231,-0.12506338408189088,-0.008514825504114198,-0.05539496653386711,-0.09358191358109202,-0.1841170684859711,-0.24472982456424563,0.1478122344778745,-0.1887399435938597,-0.027397393860267072,0.01981648590335361,0.13457558401879255,0.081699963937379,-0.0678547610203819,0.05856152208292853,-0.11720212980106903,-0.07166481585660722,0.18522223907222113,-0.0023555454594035297,-0.041482754972836045,0.13126441207940576,-0.263425845693837,-0.6403652161032338,0.13271237880457454,-0.3371406888599462,0.16350427348747543,0.17260748645190782,-0.04023035098395222,0.3278642777496992,0.015102423528548181,-0.09695975776744215,0.10802252527401279,-0.16713385612865395,0.06223089714908703,0.04729085688747281,-0.08064279466231339,-0.2401406701154707,-0.051349155814294334,0.03470129595892235,-0.12912318502380615,-0.3333333333333335,-0.05907834860027039,0.044187688425392,-0.15393669066511906,0.04104955137385202,0.013122011551055301,-0.06807178955615256,0.17352645389482535,0.12889112390412616,-0.263687268660041,0.17591337866978574,-0.10189072244251851,-0.22188176260506998,0.0047458724239597405,-0.783843716980136,-0.01649094244093441,-0.17217265740609722,-0.1055282972551791,0.20909814385741154,0.09995583033585298,0.14775497653802439,-0.2552196541545546,-0.29335790272043216,-0.19068448652164616,0.28682229595623343,-0.3944615015318941,-0.006651033199722822,-0.20148815489970384,-0.19417590138366758,0.05465757175292674,0.07336469990051708,0.31199852748006696,-0.12515189243012514,0.3391612500720329,-0.03686972793590926,-0.21905696619382564,0.12256078832536832,-0.1630893502278432,0.0012051669469803628,-0.08704402354429941,-0.09853564641364498,-0.029757868375516527,-0.3399684629790297,0.04876227407304601,0.003381037145337107,0.03996049670445778,-0.37736810306915014,0.08832757503822242,0.27131331413882,-0.5374883012788297,-0.037455512587671214,-0.20175341089048604,0.4780979545928661,0.03045792960508642,-0.2255070409492258,-0.01716561718053433,-0.42823290016276405,-0.2466881481778892,-0.5773843281506834,-0.017985752191245097,0.3455911999414554,-0.2381540450302656,-0.07961320867398447,0.0029098808557999067,0.15094376862235404,-0.3182990109893852,0.006894848396676867,-0.5811730439723879,0.10389947167799152,-0.04782089579651172,0.13508807501875864,-0.23594520446800027,0.16517145956644486,-0.12503810896738565,-0.37726704509252107,0.06558760597947888,-0.36632496854699126,-0.18355028497741166,0.15757544421701364,-0.2047713462040872,-0.13063415564695646,-0.13531240457961802,-0.1804490662320859
2016-03-31,-0.20853188286586344,-0.14522311222975215,0.0931908176322942,0.15160939564961495,-0.14504240549760405,-0.20149251806042934,-0.09053816127901448,0.48486966570292855,0.06461564298058908,-0.17911292840778237,-0.07032988248449279,-0.11866193699741379,0.0010167852946385558,0.014069790571879848,-0.02645341459667805,-0.16678375790511524,0.056357604312718745,0.2929869310627624,-0.19303582597658697,0.10879092890744801,-0.15427588880834797,0.008144278577023156,0.07708468310042838,-0.0452022293160681,0.08998635432319269,-0.14050171861685812,0.017316001057698927,0.013441149308577316,0.24276784359753378,-0.10458537034450976,0.28549978732826164,0.11792669615950224,0.5692001423290733,0.5228645943989396,-0.13447923182370758,0.045819793166229195,0.013540577774106666,0.2535163217965337,-0.24183433622892547,-0.15400839937023436,-0.034969759142868484,0.016739870778827992,-0.047538311523720234,0.019871874997603456,0.11465529076944758,-0.11316930346041398,-0.1759570872605427,-0.023212771678059574,-0.13444313468661806,0.007225255797190133,0.004016499367489157,-0.10816245760092236,-0.28002822746288936,-0.1900936286707392,0.08681009418658903,-0.13078881461831127,-0.0433803074796435,0.055820769194755426,0.07856933301200186,-0.03136119769238832,0.011721610289685769,-0.06523402167666947,0.011170700619813623,-0.09543804403733525,-0.1426557703286544,-0.10458529159199736,-0.16873717561548662,0.21369553586908174,-0.10027082711547808,-0.08002118280941262,-0.007540133188564169,0.03186517641787234,0.1149040469909548,-0.012312300292039113,0.20264949408814714,0.055805540403893295,-0.1324905435406758,0.13592073627896673,0.0077687442737115475,0.040003205733193825,0.2698778582617112,-0.2950400959453914,-0.6081827913856843,0.2163782480421259,-0.2638036248075629,0.1839312811111451,0.20785171372984435,-0.09081568908778759,0.2972343202803156,-0.1494196873012531,-0.03912070358374109,0.14106665328839663,-0.11990439975780398,0.0949079018161989,0.07071450490868658,-0.10207179958470514,-0.2753242605818802,-0.045796688966141086,-0.07335137107230705,-0.09063423530301618,-0.38561003356471113,-0.10577226461108302,-0.017418335204495206,-0.14822706271062125,0.04072854735417342,-0.08671260167667583,-0.07816371849130344,0.04363165542746539,0.09214560282719586,-0.14277395944306281,0.2213954545764918,-0.025294411964884578,-0.17463281921030172,0.12489459904484135,-0.5907563599089009,0.024403886386977325,-0.18858615580398685,-0.05282229821984408,0.24598114280411187,0.05284097214139094,0.009277591972443489,-0.1398357613327309,-0.3080894791888493,-0.31266360143341043,0.23721387365869884,-0.46471729553842345,0.07134425318340032,-0.14575299778724693,-0.1276260065090351,-0.017777814404615233,0.05106906804263334,0.2447262139853652,-0.11791032145897384,0.22878041223577616,-0.015185209381666231,-0.1716641593290401,-0.026981475651504105,-0.1331735397961108,0.05349041192184778,-0.058026114108888804,-0.09374566741354651,-0.0015094985770661706,-0.35182028955365685,0.006874490757317719,-0.003994624318614526,0.08078237749421047,-0.43116274603687454,-0.01569789163635904,0.24664943775993553,-0.6682340535253023,-0.019611381400806427,-0.28797322763638167,0.38155190010231177,-0.021672702437851687,-0.326238559485597,-0.07195276230198455,-0.33456501721331044,-0.2504891221500123,-0.5468534360563921,-0.07831516904576197,0.20981226766611827,0.19436643336020198,-0.0256946644424062,0.002884004734446277,0.04201244584919195,-0.3057989431115312,-0.0322554870179701,-0.6677251884576659,0.1479186267721968,0.08282439286236887,0.17142213638428982,-0.2440505190597485,0.15419782377319136,-0.18930910552706892,-0.330905160776653,0.11870566917260494,-0.3637874975983838,-0.1319609496048616,0.1573000401978637,-0.12820488559489895,0.01189058999615722,-0.0066215450824962385,-0.11477652092322033
2016-04-30,-0.11298126103968509,-0.08352179525461934,0.2589303574248565,0.23323699793045383,0.09393577106854689,0.2610619100261027,-0.02986463605801637,0.4074635221508025,0.3382723567341077,-0.14033713204308285,0.004744693273069034,-0.08968689815860997,0.11046014361158663,0.013869971889963972,0.01096552501769077,-0.09950618137942957,0.1658730153306378,0.3902000427657015,-0.18927596440597594,0.2727906613642417,-0.08405293049557239,0.04588976021916169,0.12332781795796666,-0.04457930814679245,0.1812249217599493,-0.03609254713770449,0.028500274404904324,0.05322917455455456,0.3450879724165081,-0.08142046711789508,0.1664710717814044,0.20887237419437965,0.2859119267952379,0.6312375136588297,-0.0509903372977798,0.1092695533563861,0.062251286309545684,0.23200711061029833,-0.22156674670023535,-0.09695515726014448,0.13176419464070066,0.01645654611683045,0.08154765130593788,0.17689609115213756,0.1662214355255327,-0.09756386185144017,-0.09683354365277164,-0.008923141293663672,-0.015034343860591326,0.08755330209385237,0.09590908159471145,0.028977771820690723,-0.19775665219771532,-0.0891544614064066,0.04132298502148912,-0.03938644310398154,0.05555554366287163,0.1411159882764823,0.10140604750824078,0.06852765265914407,0.1142939848509752,-0.12392958290153677,0.08710813310818777,0.008118010288649558,-0.06260881375224736,-0.040273287394651636,-0.03412197800968275,0.21307846707873734,-0.07070555986333638,0.054587069584826065,0.13409572211598908,0.06092735367871316,0.21184317409137798,0.12043088870953733,0.281450097240155,0.11018145362848442,-0.08931801592466992,0.06219363910340481,0.028280137162231433,0.1013392221929652,0.30327294970193996,-0.31995081681576054,-0.6277995710015029,0.30857977464849906,-0.150024392535817,0.3878510630808323,0.35662947382465027,0.1430333602950662,0.5146643293798889,-0.2120841956583629,0.03485769477526057,0.22458971603233602,-0.03766262396005471,0.18053557433997747,0.22877829038278374,-0.03008407163632465,-0.3552076683089751,0.027813213559049865,-0.02280928358146661,-0.013677963825999284,-0.30382688625372967,-0.11905135438377967,0.025955815145908057,-0.12438620997958261,0.13622916734898505,0.07106268709111552,-0.07535059418883983,0.005031877590953915,0.13806172441687137,-0.06339592456846255,0.39297275845349255,0.09659294402034657,-0.09864707168522169,0.17547079892739936,-0.5495956864157743,-0.028856526940658433,-0.061831184469051115,0.24942167949277572,0.2648241936656406,0.12253272651402947,-0.005099096954628957,-0.09856220014947448,-0.292079356899989,-0.2249477438332953,0.25664973835139215,-0.3404005096992807,0.15458444265558713,-0.1235177957596878,-0.047109859432379886,0.09176912019516759,0.18225129213504832,0.21916950481044695,-0.20003353207282903,0.3157666908699286,0.07534748802501245,-0.03867011703274337,0.16145254614833204,0.012265928759651823,0.22733143544875833,-0.030812913242840412,-0.028878799677126477,0.09938333408707556,-0.2736192728584599,0.1916384276437757,0.016883632011793992,0.07916954192998737,-0.3793038015084552,0.1630291570044251,0.4664165951613193,-0.5865780165887045,-0.026924631379922515,-0.26162717718023354,0.3765754306286271,0.17186022788370292,-0.250899031647173,0.08177531291348106,-0.3082961467698466,-0.2565191355235029,-0.5666528997896858,0.11336383173015219,0.40938799984225405,0.008220231917313692,-0.10757403107493602,0.18341026245649705,0.20415194577500095,-0.15741536160863467,0.053758252226961734,-0.6577821453916057,0.27407054214516435,0.09528926934418513,0.293000365712633,-0.2281658016371434,0.36838250197881184,-0.12265796132591777,-0.2054789686452213,0.26284052231681,-0.09547269289567051,0.020574944708827703,0.2587448964731882,0.014054968008487156,0.0643943223795449,0.1231052880515009,-0.11835069957591282
2016-05-31,-0.2701832977170989,-0.1809740973978038,0.1999313505232876,0.19130112003259736,0.03425918478986256,0.557017542483734,0.03003213052849274,0.5366819448299311,-0.0034535322148021574,-0.10619150943683942,0.017342627465308125,-0.049574548572492994,0.050329907931003115,0.04192465359377229,-0.031039852940311752,0.029703991405124697,0.12793934756037695,0.298100082484984,-0.19512310860179827,0.22628434648393392,-0.11553782572743132,-0.01989736844269241,0.1443424277192238,-0.012170194328212758,0.12959949544461957,-0.018230367008227666,-0.024092967254627395,0.059094371672119284,0.3507673832389888,-0.06870946931996147,0.08621580959051345,0.17553271174991392,0.009854833093625892,0.6242859298972487,-0.06912704829770766,0.09932529999817419,0.057352503933162824,0.2380654988313453,-0.24954471401343292,-0.0909012940658136,0.11789259885971726,-0.04003184998565501,0.04818335602591084,0.11416533831892606,0.13072969518061184,-0.08784716375079604,-0.07912863247722879,0.06598462715889464,-0.15229409763605362,0.05999494451532317,0.05189352816981141,0.01847522909370336,-0.16542325276051384,-0.019627628257958496,0.14642821643228876,1.0473286736756293e-05,0.19978103596484797,0.13416817821410842,-0.01597940742084647,0.08639305029407907,0.029024427734718028,-0.07519498061600816,0.07596927753065663,0.015190226954496566,-0.14630716647766473,-0.06686587717044434,-0.040586889633530854,0.165217586823732,-0.2011040259666328,-0.014786671293853804,0.1147241525300009,0.026960907676657486,0.2841825588797662,0.1401347350364779,0.20289192481853568,-0.056420961249458945,-0.10486000735455747,0.0493239856287202,0.05858937029099698,0.10911307948851845,0.27501667004975583,-0.2774171177838419,-0.6151092372100477,0.31319187851114294,0.0026021588481857094,0.3537303853685112,0.2272657850276527,0.19295832049409478,0.30521818593784467,-0.2650421372203642,0.005221886359569883,0.18750920167931162,0.04113588821186065,0.15092363483316085,0.18830979935358405,0.014417520489980795,-0.3425832040556577,0.13054442365803953,-0.030756347959790986,-0.018927965277437342,-0.307312534323532,-0.0561805557393904,0.14364713274333885,-0.11941844960036119,0.05483970524869819,-0.09811495243252477,-0.05294629713740229,-0.10234249640763182,-0.014499636541677186,-0.09060842569147232,0.6249999124533989,0.0691317654445045,-0.046641815125499586,0.16010532800437316,-0.2778223732063222,0.023682591602055103,-0.07480123364095337,0.2441002164812469,0.18616246404767534,-0.019446997902820673,0.029407721662233932,-0.09173575034081283,-0.2885387710702627,-0.2275967889120465,0.1681992973035542,-0.06827413970977458,0.08271853013529418,-0.03249374201789734,-0.018660304434383157,0.012744544591214213,0.18588746732150385,0.0922337448180115,-0.0916852476762624,0.33299726427238086,0.02575871308549793,-0.027376722777945228,0.016983118074538783,0.026828832868002195,0.22000669736956935,-0.0962492156593715,0.004452287171915925,0.15306030273320337,-0.07039905309519756,0.09325367425470388,-0.017455074453845865,0.11022693774855052,-0.22315746268787773,0.11804691955978996,0.39990277712413125,-0.45354321494960015,-0.05401423738755329,-0.060217573176226113,0.3045323275277543,0.05657505828305287,-0.1748437316251371,0.016674908166490976,-0.23103306266777546,-0.0729345595359141,-0.5508459426836505,0.10344624163911198,0.29947274043155203,0.28994397619850587,0.024044933201563534,0.13750029730864144,0.10691745448913959,-0.1389128184163967,-0.025894264193346506,-0.5863539578951765,0.24220884990782765,0.12501492107602363,0.22112424943216547,-0.10690771045793224,0.46159328914774256,-0.07455300732825465,-0.1382832778424481,0.19284078718950237,-0.028241422431296792,-0.025026202284536336,0.22014612378900122,0.034359596082440325,-0.016853507512526344,0.06797921176454724,-0.004017132619768549
2016-06-30,-0.1875570317806161,-0.17376445505707294,0.25455492242195077,0.22787308477574664,0.297920584124842,0.9041666625274551,0.05298452707773316,0.665069424958713,0.1723110343438452,-0.12244378169063597,0.03254715050999968,-0.10805943459339351,0.11368029022229886,0.2022118482188724,0.09293064398264117,0.09819595673530501,0.154667733396461,0.38665651483182795,-0.22440506110583447,0.21306942706035725,-0.018848808106223136,0.07091096590982215,0.19065028911579773,-0.009626232752213859,0.16454086077595975,-0.06183607147481174,-0.07773176596607057,0.03352542121036528,0.31525140899868975,0.014148143888118137,0.2338179858589151,0.262952600116092,0.0929308539523872,1.3564914866191002,0.013125897946346443,0.1078055609937909,0.07154443690024292,0.27465175759199867,-0.08995056642094579,-0.06848793405966502,0.1736376337552421,-0.16785957716885447,0.20894337452736123,0.10970868445518711,0.1840401129278908,-0.07189713014656152,0.028087172019311213,0.10850406482158803,-0.060993187834322615,0.11547737811441583,0.11031405670212724,0.06196406626580231,-0.1428358706203665,-0.06305153184159684,0.09810914126080594,0.07297444993774604,0.28305074042839684,0.2675645542904408,-0.2089715172942863,0.10133639365995428,0.10362130310415085,-0.1322000018297187,0.15778324249320996,0.04661594764670607,-0.18355222390980253,-0.024559588998503967,-0.026869708113496982,0.16577654806750708,-0.24664184349175755,-0.139990811713961,0.14062590487118665,0.2244909240013555,0.3100309415653322,0.17613985771990248,0.3413096258506487,0.03034267870797791,-0.07269466761755505,0.09457062364681845,0.10302733432330324,0.1917093392803655,0.3401973316739373,-0.2802557201589545,-0.3248409084070296,0.3586970022159386,-0.008472963633259556,0.40932803884672353,0.23154617907373676,0.32040469535178495,0.40705425770960435,-0.217983652537437,0.0702522741917091,0.23567947796442223,0.12899146324196353,0.17627742474094843,0.16463194891163146,0.004924054590590199,-0.24562683030856602,0.1457635127084762,-0.049168529983797615,0.05662736723412776,-0.2827399880298931,0.019178865684561952,0.10291974393492809,-0.14890199918625013,0.13357156369146783,0.005729122791991559,-0.12005613304209262,-0.19367347890741504,0.15413491958980496,-0.0518275153589125,0.38313555588534287,0.134485906727011,-0.04145392689143812,0.12313377095838707,-0.3968314296619293,0.017383661549691176,-0.02791289254256002,0.36529467614801936,0.22647678662284743,-0.0022593988383373675,0.05047816303024333,-0.09878393242973338,-0.18152600311521716,-0.3130350897306272,0.03012989388300702,0.1836144931746586,0.19674096776580163,-0.08412318522085727,0.011284593344520477,-0.0018062086334640348,0.10632096993421403,0.03681209791035078,-0.09068839536677464,0.33257392211272285,-0.13108430783117475,0.007195220299386129,-0.09611061134406107,0.10407099833665834,0.34435855305019514,-0.06719966944792322,0.19965270317612704,0.15126162562601952,0.013867233335960183,0.14952608352354568,-0.01168577451499575,0.16685910662412673,-0.25762763807821965,0.18005169045658365,0.4845139930029787,-0.37889679825680833,-0.035243051534428305,-0.062499505732425464,0.5163944295613974,0.12904188218627177,-0.0978450095676009,0.09043783171361741,-0.08447583966360805,-0.0019445924578538332,-0.5058301857073589,0.21537960365126008,0.46706949482156257,0.39273439701140544,0.0037128664752985596,0.1809277372228988,0.16100175525153437,-0.026621570966093078,0.07142855444908136,-0.5842299100944512,0.35447417559268857,0.4458545620298764,0.35628611625950235,-0.11248510666378275,0.6919884156871905,-0.11408310582842585,-0.07576592380834368,0.33113640621897855,0.12215289837624188,-0.047732784348136326,0.35400103130864635,0.049638577326358346,-0.08866822653278461,0.14942981831177016,0.05324133101832951
2016-07-31,-0.19573340202713863,-0.21028110086188634,0.12131769647324497,0.16831325053437873,0.41050300407293827,1.6632124384334959,-0.11819356834717687,0.3347383049453887,0.25763247728385474,-0.24796049822560962,0.01436169058482295,-0.003258103134503698,0.09273926356087547,0.08335626433538801,0.034950220174832625,0.24277123867344108,0.11015655787261469,0.07000747542661023,-0.26430675057332353,0.11329021848604759,-0.02735100963528292,0.06505986018768173,0.24644979175788362,-0.07376763431389277,0.13896628135428757,0.012125943168399766,-0.043688680368098476,-0.09070404500461715,0.2435927849639581,0.010913726378946276,0.1261714615461118,0.27759268495491374,-0.19972006308550327,1.3901359204984787,0.03695353128669687,0.13222378051714712,0.1327444132781872,0.24407460939195946,-0.13658405010843078,0.0503096830505565,0.06367164688562688,-0.20240465666811824,0.27935535347181273,0.1833797100905794,-0.008442693134359636,-0.1583234077362854,0.045151928605804414,0.22607716558501045,0.00048715030895429834,0.18058569283812065,0.09466885532344449,0.021775578992498934,-0.18665067908391697,-0.07188566791240725,0.0038921247327605712,0.045683914310509666,0.3477509015907112,0.23028067961391963,-0.11129664290051378,0.0948711294555955,0.07071392588982262,-0.11639113984488447,0.20808500619193904,0.03674825405878379,-0.13246447528953464,0.04761712592515388,-0.1077779824987547,0.24520448523449878,-0.2788809822216033,-0.17202460666122144,0.1314030972111102,0.13727488502097485,0.24052361082009188,0.19199883229694592,0.427442737342024,0.1108611036534568,-0.13874585361917846,0.02488459976119839,0.12415349006414522,0.20187518319264708,0.31740890925645626,-0.32029553507552877,-0.2566180539713919,0.30755423049351904,0.04022671012828605,0.49380339853251076,0.1304841400806902,0.25528310840735635,0.28326818717749513,-0.36923383127152654,0.06908709952872116,0.2555976976778418,0.06921086073959315,0.18888619625468972,0.11984330049567515,-0.08537789114734684,-0.3628148396809896,0.15592036809323684,-0.1575724055792368,0.035092889029048724,-0.24142038945285382,-0.09315744946203242,0.14656302353560702,-0.20142196751420494,0.16090153338780522,-0.09286816490163108,-0.17960790052344533,-0.06284701239134427,0.05883979909126302,0.014648034904151341,0.3108569049328127,0.17854294596744147,-0.10512825350189603,0.08383407974966506,-0.048237283175182055,-0.04575059380940061,-0.057881664016738,0.2767770703189292,0.23207306498226976,-0.05160569624943023,0.031856938969143433,-0.0708189977217828,-0.14851438664825922,-0.2836211850374102,-0.03177220633361988,0.33610820714576106,0.31493584973194744,-0.16140140235205602,-0.018296376821281823,0.024571913791966438,0.07666477881962885,-0.0013384868098440528,-0.01920919111396724,0.39119866564728256,-0.12031656792539402,0.05928211657085214,-0.20080018960789114,0.15459432101853943,0.33402392584790985,-0.03716999165970425,0.09541885826068608,0.21882195583486452,0.2351712217267008,0.077687130886545,-0.05121401711142448,0.2898913266883856,-0.11025782777966142,0.15236597334748025,0.7739185384337086,-0.24773828499891926,-0.16749617017384744,0.08810049739927228,0.47911706436565105,0.06202989952175253,0.009353389861125105,0.04179706378583736,-0.029676662727934122,0.10446755481041081,-0.4407583373895504,0.15463354029315912,0.3597881559690963,1.2887436204910072,0.12469101275040728,0.1977106754258191,0.11766084613643613,-5.9290843664405735e-05,0.053636887472350736,-0.5427628850718242,0.3549322784364666,0.49532460166996684,0.3822506677033868,0.012354503778052361,0.5416942903399002,-0.19182960579936392,-0.07637703781813243,0.32630085019662736,-0.020496578300376544,-0.025070810891774542,0.24070047512855286,0.08547604948029441,-0.1252478559073964,0.2432436658227688,0.21012713022236285
2016-08-31,-0.06115128014911997,0.012393708481662324,0.221270058916901,0.245513567397889,0.6593295476472032,2.7900554422006167,0.15462685455134872,0.47947892407526194,0.3022463087174756,-0.10142705262864704,0.0763205871287258,0.13007661586106067,0.20388387881942438,0.1793539560862749,0.22043334241594859,0.310751045836162,0.932442340336469,0.22154334120841113,-0.1479202032066267,0.21117100493105778,0.11815016158948599,0.3098604192607024,0.36172205922361744,0.0273433258418454,0.14532211547776863,0.1327638592139464,0.026805721469213895,0.039225960982147035,0.26656351204429507,0.12701539313668642,0.32981873875097767,0.3333503539257272,-0.20672869736365396,1.565615369851705,0.12375262842236867,0.2069124782073979,0.2524940884303659,0.31426638308410393,0.13827105723191302,0.19941380710505618,0.2725780377386251,-0.057295413196453926,0.49603315980991014,0.25926721669615516,0.10074722991721674,-0.08032491251941787,0.1535396842576744,0.2134597047199871,0.16804091976494484,0.1792810396822826,0.16066279511945125,0.09782040568509265,-0.14454471102330857,0.04712305122261018,0.08182502245835543,0.2345169202018973,0.45041822094503536,0.25526649597494266,-0.08376403879990624,0.21195229651425995,0.1429610474066072,-0.020185629261932014,0.2477053989589313,0.0980676840405399,-0.05115432250336949,0.2058541371289957,0.08321039120223706,0.29527852675419863,-0.22940223235513235,-0.10955899116003864,0.19154608244324356,0.1719856328454059,0.3616987794454116,0.39780705352716783,0.5466990864568875,0.2531591990769546,0.04841249490718269,0.05519519766086667,0.23720515023052435,0.25108207553794326,0.31264918665840824,-0.1467264082990294,-0.16270590629025716,0.3399136358658341,0.17902422101581306,0.66119663922041,0.11684989537502943,0.4905877686986295,0.22287443062195256,-0.17211291726847622,0.18184590416940827,0.2755922649050222,0.2735497912699145,0.19599917151735236,0.17300209762361396,0.020935363704577048,-0.23933498624920058,0.257904191964097,-0.07856371282256758,0.18998593857645618,-0.024789759232414665,0.0076747124504348285,0.2871982843692662,-0.12233025494046257,0.2766447774466192,-0.0865904385447086,-0.045283202454268534,-0.020288889367943486,0.15374141122356932,0.1436105872781006,0.6257807903994401,0.24843246667913466,-0.025773299539974204,0.14189492758290378,0.2227698875953974,0.05685829436197065,0.1238061565372317,0.3122988570533094,0.2529881682068946,-0.0003526688422530455,0.15652000149809786,0.026575105016537037,-0.010549113919076536,-0.14592756275440633,0.003718682252730199,0.3235501152413496,0.3715883173951624,0.04429411835640518,0.07972347279493763,0.05797648187009674,0.28393596200795845,0.07170016333150175,0.061969542567956726,0.29515203823823044,-0.00738562142049437,0.22400038946653544,-0.09431503829898402,0.30090269101281986,0.35945344961634196,0.14843107924110233,0.3398366853822077,0.2813326616855758,0.18618188684177372,0.15802935779070948,0.04134066196180952,0.21203609969739134,-0.14171509001664662,0.2908115669225939,0.7256972254120464,-0.07973103586731278,0.1493914355101884,0.05250159767474827,0.4614618071881169,0.10068628452244344,-0.06242820747298561,0.11945937982986399,0.14276700872188064,0.1254640643373337,-0.34684111720932587,0.20846598583582487,0.395648359553439,1.5893329854684293,0.06952518572050503,0.2983695917416107,0.1891459711873802,0.45623784381500765,0.30935900701963415,-0.44830423940329067,0.35210551959712255,0.9025215967367111,0.4110739437634112,0.029898783285292385,0.5733691393961604,-0.0991120478151748,0.09846596156313114,0.47030155362897363,0.1530080657284585,0.11105207426147934,0.27217959763749766,0.2670780359671059,-0.07221019428156805,0.3273501253802338,0.3940691779359031
2016-09-30,-0.017511089997219176,0.07046533128388455,0.19442494298926527,0.24434439357356696,1.0699875712998002,3.3023255652772736,0.2597563590056071,0.5025884780774328,0.4247627297876373,0.05122024922685009,0.15406451332066595,0.30871489486873505,0.1335038808275617,0.1438859714928733,0.2390954844086315,0.3347797670137298,0.9695629998423525,0.23729167461918532,-0.009267730867214774,0.18498677508175176,0.13806065413750712,0.2708280663392182,0.31514879218616776,0.13968521692670444,0.10774182862371906,0.22297223270533229,-0.04624963151246486,0.08071772215581086,0.21011622600576296,0.30407373571178753,0.33384159559269566,0.2769638181694354,-0.056265767581280435,1.5181306347431183,0.1589918485013766,0.1648915649195828,0.25510885381433845,0.30102550849635534,0.21828730125499374,0.22815940608695184,0.2485759206860778,-0.1464975676121134,0.4409276818925074,0.18805527598531535,0.16982791050355606,0.019608122648782755,0.13515559720957904,0.21325642505184672,0.14115162970756212,0.13846081492373097,0.2728540234937853,0.2423824313918339,-0.09927377605669452,0.020436902815175184,0.1454247136740896,0.28558071488387027,0.45155392543045525,0.24860613458877,-0.04979514795227413,0.19808841963073798,0.2267973691629599,0.16881362704375502,0.1563013678606202,0.13195959704074234,-0.09360696205284913,0.2385562377775714,0.15235431624283047,0.26748502895324777,-0.1899082943553727,-0.023396995429709855,0.2597080927621367,0.21214331316682267,0.4935810942551597,0.4685590690182935,0.42873736697474696,0.44500606753771543,0.12389891443213452,0.08844800605273173,0.3197487413871998,0.3240649585421722,0.24873052641360438,0.04134586950530905,0.10080111330333019,0.2997072557671958,0.26595737112581785,0.43921737918160586,0.09374323035073928,0.4041824920266699,0.0808355593235146,-0.1560606194551898,0.2882492854095793,0.2012556320472063,0.4479532351524531,0.2427032773261828,0.09794663726669262,0.09704195537341787,-0.09247164691624898,0.3087714403496027,0.07025599566701657,0.2076153945401915,0.04735960878600065,0.08342509120074926,-0.01425687235227946,0.010443211139999464,0.38611832072990304,-0.08257466277668746,-0.06305202185493053,0.06091306417843789,0.19896693260079545,0.3467975519568278,0.6200323206850775,0.1898774642039096,-0.008954621039655164,0.2122167055276647,0.06603882058231858,0.12759925108847603,0.10181617801385578,0.5175757616858692,0.19983013827988305,-0.10207207661809503,0.29525243098566745,0.0581162290000643,0.00411183491023448,-0.05058700252937576,-0.05508795510432707,0.5706210337186977,0.31621683235637943,0.20280778899836527,0.28852438917739676,0.14055514218809617,0.2960347344079983,0.0026781820626613495,0.1688203318196091,0.3225905885014253,-0.07899556438714106,0.36041429004627057,-0.04265666156496006,0.1905517853417127,0.31108358169108197,0.1623758012259202,0.37982219802228245,0.308244401867533,0.2972638248866166,0.023163745921894074,0.10795920083070709,0.23855263164711382,-0.11546286330742761,0.22067541935936963,0.5650182675457418,0.19091625108617905,0.31587552663064766,0.22625402899437796,0.4325809905961764,-0.011538433529371672,0.10593093246402718,0.03731042706877097,0.4011104670473533,0.23416277851220824,-0.1780485661192307,0.1285341116870482,0.187714678480998,1.386595027485623,0.2008548987543166,0.21198581836295194,0.08254528660496474,0.34486723590233215,0.3307672682255949,-0.1704706018740465,0.201636596596533,0.8402897531595546,0.22498557479559156,0.10884192670860182,0.46421882039469486,0.009455591288417109,0.33993871112800456,0.3431480788059633,0.34274443240992536,0.22553030100635785,0.0914673148266596,0.33296387731321464,0.018000655322326198,0.4096068600742735,0.48252037495873323
2016-10-31,-0.03374776281446268,-0.038379073579212,0.15071105809746022,0.22422734527715882,0.8320812837232434,2.259434066238083,0.08053747899610242,0.33776965335500453,0.4188058118798874,-0.05358860957056677,0.062123192786526005,0.2554065227782947,-0.02488312539442261,-0.08210014337199645,0.12836759537511067,0.18548517815298027,0.7346626248203332,0.09041328460291287,-0.126241733674185,0.06198007590587995,0.17756564811770614,0.13887900096929418,0.20285433113335838,0.05927994806098669,0.030944628443477562,0.11702890294880541,0.010128549805690001,0.03445061490529011,0.059452011437276964,0.17979929038482378,0.12423344307446471,0.22724734315134687,-0.09069945823240122,1.4440459078842194,0.023033064453495955,0.09529208469842931,0.20436128395010722,0.14763101076926466,0.19646973711131888,0.06019643034939359,0.22137444769346537,-0.014014353506336397,0.2613372099246256,0.20973686818882054,0.07377400517831201,-0.1570544864079445,0.2981144398152811,0.09198102222465354,0.10307897915889375,0.03896704223169589,0.2172507939545547,0.10177943622781327,-0.11333565861352124,-0.0815825311605386,0.01186186599948491,0.0563540420876989,0.3019692747849667,0.13186315694198614,-0.027474552691562737,0.13634439268407106,0.16826832720575546,0.1275121404209425,0.1694580732525477,0.023858794852871457,-0.08159000619003065,0.1985479029297792,0.12880932799945843,0.05618541952241407,-0.2529332996679321,0.09943304029746747,0.15374854076587896,0.08113496223424699,0.4595852210266458,0.3329713649216728,0.07123080781593072,0.25505518155884843,0.14341283300586305,-0.033014513210652185,0.19240161460578942,0.22626568202192376,0.08500323609681693,-0.00971434002908067,0.07367170872897266,0.1589793376371571,0.24920640859168586,0.4029753029585277,-0.021392222496054547,0.29926770636275823,0.0015362719039118122,-0.2787456910215682,0.04884878385667468,0.18990573002090505,0.385036005761358,0.23486305800236895,0.03459232173143212,0.04297841162138072,-0.3008657962322875,0.15623107911602085,-0.03833068685886876,0.14020484104330722,0.07751880574387204,-0.02919998387910372,-0.16864929774526516,-0.06828007608533149,0.22347461617960374,-0.2995152098196766,-0.17237430189078606,0.052088381939285666,0.1849589297957166,0.22033423814608222,0.5343302715989113,0.23930544172840884,-0.13889174597184162,0.09033314849218166,-0.07731503118629901,0.06191159865219964,-0.04568238507484257,0.6428154888488209,0.08421853562893378,-0.20503983345838805,0.1864290850335737,-0.10901021093322272,-0.06147928785253576,-0.18919630627005668,-0.18772800660694866,0.604193764731332,0.1500071712830897,0.17072989945046801,0.2267722628100839,-0.015834987997716987,0.28307556619733254,-0.12300009729563599,0.03323342362837933,0.2467705893937917,-0.08152838355802261,0.17025832289156062,-0.16423678708414358,0.2107946784179704,0.21906274650381463,0.3033824875724014,0.26054408110198635,0.13091484358292838,0.3775658142710798,0.04742929497823978,0.17443362902434445,0.14734374962647312,-0.16918608131684276,0.23646510762266004,0.367233484608223,0.07390378475746573,0.1792118004779364,0.13420735806632345,0.2402482705773179,0.0057296284593768565,0.10115346740308961,0.03824301446574019,0.20599949821238162,0.19111430830675524,-0.1355891776827156,-0.010198136179891293,0.13099674822894047,1.0262123879771594,0.02114182837497358,0.061865668281257946,0.06891929641555761,0.37845884164732757,0.2401408584393938,-0.14166371737900674,0.16718916200786826,0.6274622062750168,0.2006573690376212,0.08018565490830465,0.4745919629408495,-0.036396034698826796,0.1736638114972262,0.33147388305780034,0.22922653413320782,0.0062247481167188035,0.048539882583245486,0.19590037179275566,-0.05542865264948049,0.2773495747561845,0.47070727928462874
2016-11-30,-0.02389428461263554,-0.10445875650745817,0.10603951113203847,0.17548658662169903,0.569877057963287,2.0635594662939254,-0.1067099824566684,0.1880565323416652,0.32180364923389404,-0.03939645186347984,0.07614294125371734,0.1963030086873161,-0.07626609750574365,-0.056845225088497875,0.16500185539561874,0.1862625822384012,0.6826614630284793,0.061676491150709056,-0.05035735026947841,-0.07008366483803419,0.13407038732082865,0.09802430099952031,0.16998906632542554,0.06931922366602872,0.018538837224451266,0.06577188441632154,-0.08181708392395004,0.10176930797497064,0.008623475854992346,0.1445962784662025,0.12513543780930658,0.31012821683126535,0.012486846671627916,1.2615597872534163,0.0011600615502787015,0.10136116049889887,0.19792116722810693,0.15158094492605834,0.4475363783480848,0.08564397899895426,0.06683958474672624,-0.1412750885434152,0.24270587622887518,0.27616369490538095,0.050030460688069045,-0.14525658011102893,0.2260454832588905,0.04709578334654174,0.07020864120719827,0.03421701378427611,0.18479239194365604,0.07989711054036319,-0.05485590256427064,0.004616902596327854,0.18046983690242158,-0.03761719810406172,0.2035010488851976,0.1309751257442482,-0.11939568934368838,0.11093548347284221,0.08242768722684368,0.14346672935891847,0.2182119566320564,-0.030058007988901236,-0.04680006774479173,0.04225368775670946,0.10879159196852828,0.0022919609139036012,-0.2905333897685316,0.12444879866266967,0.0778537367955685,0.05419471628382144,0.29241180245439913,0.23581002333108025,0.15644059919692155,0.25711942858323145,-0.01349980489699154,0.04657525822889186,0.11061837233312488,0.17108110615955496,0.19112728637460297,0.0026904884368372795,0.07721302534277652,0.24444097272960508,0.0003323868903741811,0.23723790481878826,0.05228966565732507,0.26518674075298354,-0.08310051151386388,-0.3663545420566815,-0.10503301871638504,0.19660197179834937,0.2761881077922621,0.21296322123879352,0.054728714280138924,0.04604534924210513,-0.4135745187660339,0.07564213019802746,-0.008262599587578467,0.09815723893473338,-0.023286596307932395,0.00507458839631636,-0.2221206246939852,-0.03963550345353395,0.1646467510779246,-0.20486239577984355,-0.17192385796006693,-0.07974593092212034,0.1582832418316995,0.12745336435443688,0.16834349517150615,0.28272011708163136,-0.12359514520932136,-0.010688262953055583,0.3667483971837697,0.05180023619530738,-0.08461475336061686,0.5128494754494981,-0.011983497373799223,-0.16948614942985707,0.09293346911421008,-0.018961500039714863,-0.32512555363639506,-0.23240978216378871,-0.23315014793671907,0.7614912034240617,0.05171671664697408,0.10326732098816382,0.1929430702800381,-0.09824694860610417,0.21364373754443422,-0.1266363816922942,0.03457013602178827,0.19997128401580988,-0.029149340772695154,0.17071794608344315,-0.14911997748407135,0.1247734415951196,0.2551570472977378,0.21800427210329243,0.053088390766884874,0.202970235524502,0.23431710036152986,-0.03039655643957495,0.13140567170014483,0.10232415646154869,-0.1755821840509959,0.16172819348108125,0.34903104607999835,-0.15933033409933106,-0.036498773304160737,0.09310534637964785,0.23076970424128485,-0.06484264713139065,0.1550388720205924,-0.046658616266041175,0.10829774806293857,0.1758037037655098,-0.10873445638250356,-0.11510650838928382,0.08394784353059181,1.019123853795889,0.006818481385249653,0.023313581415456808,-0.021821937585330353,0.33167129277324503,0.047583132938717076,-0.12015055832090782,0.18329722154575778,0.589342577118213,0.23084877707005447,0.2578106355283962,0.38540905245641377,-0.02430850031164744,0.11246122279597515,0.3069836439137248,0.2564275243204961,-0.10917326873647104,0.05257967899556859,0.036152234989527354,0.018627353909823174,0.17469991917190963,0.4888514194021787
2016-12-31,0.0733326940826895,-0.13096739430223792,0.16597112670462155,0.09442191703922997,0.7532138000644863,2.1045296873509884,-0.08909092542298536,0.11049139154703824,0.18575017971556984,0.27454400673552937,0.1923660288306075,0.4642701976091379,-0.05985288766895591,-0.0816326751725922,0.13609738765939738,0.2953225425606296,0.735309994328077,-0.002737756446680617,0.23563541808968114,-0.0007258832500682821,0.22367050975997915,0.19192003133553293,0.11415177284647116,0.24994653136897327,-0.030248027809375744,0.1986920037316504,-0.18204675700800033,0.058199414717147624,0.040684141698118736,0.18677678145789312,0.11596147835906101,0.13244907473939183,0.02290611035274437,1.824221014365163,0.1172360690990033,0.031288592858138786,0.07253214857518397,0.035610346958020456,0.4116144674776483,0.15109828212335752,-0.00919826311854488,-0.21086623630729828,0.3850985494610013,0.3692078126208469,0.004617483438218661,0.004797931265066113,0.17390073362076075,0.15950693701434515,0.37969174946860984,0.15425938406851158,0.2532163837239656,0.22270376740539177,0.055920971630483596,0.07648107688880756,0.1794031943967076,0.11027262143030159,0.10954438676312495,0.11402288682175121,-0.07894135294481497,0.0011746608988161267,0.26924553602738177,0.3432951639198323,0.07809824342969907,0.030015835748024022,0.03764736112502853,0.22503947718221995,0.29508846191991833,0.010753303837367278,-0.25957966807400035,0.048203817766347745,0.13047174811360085,0.09168626936465607,0.17866556097998854,0.3731454144904949,0.18670578289259465,0.34963434833519846,0.01744503436178757,-0.06839220716748173,-0.036490130054466774,0.2769848420549894,0.12839720254917242,0.3320679503765218,0.3792374327715533,0.33905395814095907,0.29518820951199265,0.1127127710991398,0.07779638823300061,0.2180196145811304,-0.1358999879305749,-0.30141662403586067,0.04760539653323348,0.04624236474322463,0.22320493334769687,0.23544098945763325,0.11944252367716368,0.18571434716140933,-0.3514265324423581,0.22146490433206,0.03977856362598664,0.14826544848107126,-0.04008486546315737,0.17148194336556366,-0.16451707796463133,0.19221743955395065,0.27489672733982884,-0.08230570004461268,-0.04986654718772343,-0.2028083064821813,0.1530847501133572,0.32660469947522985,0.048999707015033644,0.21576759393045752,-0.09196434259471309,0.1959391832339774,1.2673556882619694,0.30457570607903484,0.05357386334644487,0.6134120197493766,-0.07232755529916335,-0.21751239153587099,0.21986172420846417,0.1945686547734431,-0.2658746085127839,-0.059370862917438316,-0.1922257859077765,1.3884153509247055,0.1520454312914996,0.33387908016566237,0.46445409564119133,-0.039291053893760086,0.26500525149777965,-0.019865197772599985,0.2294640211236716,0.07129781900383869,0.09864528769266023,0.36892525439543244,-0.09300162999501804,-0.03026877180050891,0.33713231876323424,0.2355610331719027,0.060352583932638426,0.07049898443150227,0.5135336521741738,-0.0863831427815448,0.25126204686096587,-0.005579624620593138,0.06573750858523653,0.1067628847374853,0.2559143999210429,0.5313507811460467,0.012008736178726442,0.46068408516849124,0.1439418174229301,-0.11705261845150161,0.3468057841314234,-0.07859176354229613,0.45061148731838574,0.5814749490243949,0.5299700020568492,-0.05642960431866717,0.044326074319640085,0.8073189663383751,0.08980321007454317,-0.04446674788972327,-0.06456279668264431,0.10785735992448164,-7.42644278493021e-05,0.2850255992184718,0.166349689707455,0.5873570954103238,0.148557551062799,0.3205547457679274,0.3736204008726429,0.12459953977120652,0.3491614706806214,0.1891695255332264,0.37977432059975036,-0.013953575414936692,0.011383256561251054,0.22961923142540308,0.035875574704774316,0.3656571509105999,0.41417429953078977
2017-01-31,0.21632322294612494,0.03381390246802707,0.13224880343885537,0.15505441625371819,0.8585628454365382,4.1545454121818235,-0.017453405988203663,0.2774616445842055,0.34224551132572767,0.5874046905972252,0.25591423566074245,0.5324703010292606,0.0716560502857233,0.005877233220981326,0.30426738541140796,0.4217710507648522,0.8551668887507604,0.04084848932770013,0.5051487263689076,0.08884841572425306,0.3808412430413597,0.21034387452019132,0.13429863895857608,0.4830660307713821,-0.0026419779425237433,0.203275169899791,-0.045219062794969234,0.16675906515589745,0.0136687028307525,0.19936048597305644,0.158924260484836,0.10139387130652344,0.3479965259007105,2.679278889655855,0.07092650649964027,0.08468983687683762,0.05389419150058128,0.06028364250057594,0.48945396589762535,0.2833457570317155,0.07288098451033997,0.11762552457385977,0.4050543821120087,0.41388927770468054,0.05535434422186247,0.13241521692572467,0.07183732823885713,0.20036070575963505,0.3861690082082194,0.26728389811160613,0.281586390313755,0.2574017287049213,0.4054177049070442,0.33972705256912716,0.37662097856410837,0.24217176434286092,0.23388467276242064,0.19453320853999312,-0.001286219050353976,-0.015166039433731515,0.35048450447695,0.37604064855240904,0.07546049954373957,0.1000975681634193,0.12358749775015387,0.25874960134488667,0.41353749453118094,0.11986950953648456,-0.11726388325583914,0.063811591459074,0.15354333699110434,0.08309811247372934,0.17254321892965585,0.3894470190431061,0.2106628078607664,0.49545811454747324,0.07428564840919072,0.04625186254149094,-0.04191180617238088,0.28701071193886407,0.14721545004371617,0.6626811479052874,0.9873074252342195,0.27737882055934526,0.57754488129635,0.06764122383347115,0.16922463656702957,0.38490214292281255,-0.09029735720524468,-0.12616350313029945,0.06398606985630195,0.05134238377285638,0.2818180454854715,0.22503172689325024,0.0686005125720146,0.3145450586806209,-0.18820938656809572,0.23086972083035073,0.18240815699667579,0.24716891917495198,0.03852629131960095,0.3256719503438872,-0.0426401991285964,0.36133718378963464,0.3623341508027804,-0.11498967653879855,0.10400860786628785,-0.16245788741119915,0.220139150288426,0.37870797330510064,0.1980565382916888,0.24641905726369484,0.051316739529924105,0.18352701240842562,1.8673911962574552,0.31216699852015095,0.23299407058034594,0.6719417973130695,-0.08491028709882009,-0.09891868010866611,0.20605108030763009,0.3715478005019539,-0.12157638131016324,0.249476104236098,-0.1705030690077154,1.4054902207346278,0.3030580122936286,0.3367038924660377,0.47299905277326926,0.0475404183764061,0.1766526076929904,-0.07271959913982284,0.19219417972575226,0.015127579690012105,0.03007924808968032,0.4882303549014664,0.04871808479179007,0.130372271327738,0.37468623036738236,0.23775134767677453,0.22334731264956376,0.1430155447770609,0.5116625834088067,0.064630906338494,0.4284146846443204,0.048178035362325344,0.31577869601444886,0.20032602582154624,0.27375609263607537,0.6617921655751131,0.2655585481276792,0.4319535882930956,0.17517053833983787,0.010250488456054141,0.061230895883124026,0.12243644980076862,0.6061762599302833,0.7310563369052236,0.2831522292516393,0.005290062824978348,0.07039930663806748,0.7133492219662068,0.08019616268912655,-0.013602008549323141,0.050346907683122444,0.18461277525862863,0.10873690623485999,0.7468012612640835,0.2095096970114001,0.6618197744953016,0.1029431160741976,0.2691505955646718,0.3319074737031338,0.25555501446532936,0.6192437075836412,0.18769886473661113,0.725230461605477,0.011908135180429102,0.013559205675201413,0.39499913915203155,0.1333977403451705,0.37534514664590013,0.35421708150053743
2017-02-28,0.2760416389942919,0.10551655134001847,0.1587038287752336,0.3315325334311281,0.8351393068074264,3.84579410150236,0.12243350459303115,0.4904076089583109,0.5118979386764557,0.8366100284262856,0.22337334448618873,0.4652951893887969,0.10234216349969771,0.1675275898133568,0.2151542231649699,0.3764518692858574,0.9413699912744111,0.14356842390470237,0.550705200519161,0.13203427986130722,0.3686819616371688,0.24127505780610803,0.09887780488238018,0.545714473056959,-0.004865104204135218,0.1947241328963003,0.0909655421881701,0.2332823713442691,0.07004160104555268,0.2744947754464149,0.2961969359447749,0.12098552270564644,0.506369842286907,2.502214276364608,0.10720510963124008,0.09215596720080188,0.12601486111706994,0.10157347973950115,0.07947039396374778,0.156641509839075,0.1844681966043895,0.31261405875390236,0.4612889423279083,0.384713005206877,0.1489835246704867,0.22962351208444365,0.035242954529249415,0.07388555699524746,0.44207197779580043,0.2216876961741132,0.19713072187501135,0.1687752292388902,0.40077293054157326,0.4164322969713674,0.24495540089380596,0.22975911854580144,0.41696113748973596,0.16352397272725838,0.04764552833605751,0.005654980759909112,0.39292040505886483,0.37307120184382403,0.09161992531744012,0.18589402016218637,0.20278742365412872,0.23452243318474242,0.3936758630423425,0.04274305279341539,-0.15041207381694122,0.15994784437035237,0.19285534398235948,0.2393941800013697,0.2302241097745037,0.37922043419010687,0.2846009562253218,0.5911267458331797,0.18068911134195864,0.11133988845468501,0.003094190762506388,0.21682843338849955,0.19859130957668625,0.7600044344957457,1.2681091910309732,0.20619157028626534,0.6374121544663274,0.05579826413625044,0.1729321187295214,0.31519401368357913,-0.11061828157245313,-0.06439768000446233,0.13321206791789098,0.06086167334660986,0.3516745894776159,0.2538367989380217,0.0213216376374461,0.4011638818163077,0.004445021549983608,0.1967291175700867,0.308938995574511,0.2022397421112614,0.0686916039020431,0.2863130280768398,-0.1863356019397825,0.3526461206190761,0.4002721594116845,-0.07704428387830697,0.17580336742794267,0.2165693897328469,0.29872333772354254,0.295515896384432,0.10620695969154093,0.1718001912615439,0.03891846422151679,0.12803204234433108,1.1821752602654687,0.35676933081522844,0.30443629483325174,0.6720885143204436,-0.04271346920151864,-0.14018435937939577,0.3475506091144378,0.25720153966775916,-0.10135436383200003,0.4398008005992802,-0.13083558273548457,1.4235046997299063,0.21089580942935693,0.33513978705864456,0.47699516430842626,0.15048851685701625,0.21340766085338592,-0.04030625754209327,0.18920048767564368,0.06684220219954606,-0.15811056946851454,0.4578612019152237,0.1292307660362313,0.07759470096771093,0.277390422639757,0.28491430241525206,0.325472022661601,0.1454194654625427,0.5895807636916457,0.04064320453956549,0.41176472588181445,0.057302831555499534,0.4667107376081081,0.21809228310994944,0.4130427680255131,1.3491868589242264,0.3373949550319919,0.5808472991662996,0.29449808271748146,-0.012806612827359731,0.08915894327948837,0.10266704010508065,0.6212637573456652,0.7731617914483884,0.2657297992327097,0.10154408666763004,0.09245792587360624,0.4098632820770509,0.026127280844293166,-0.007245666370375603,0.05174514182513534,0.1611610171863116,0.1773750874485518,0.9526705480543662,0.16140458116444423,0.674577882479767,0.10079194049140061,0.24227165639357207,0.29564531882929823,0.25170312647948534,0.6342444872391593,0.1446026944573735,0.9650056415387338,0.048324715543982766,0.03914940842347092,0.3087940123034578,0.07452865025200306,0.2859028680123632,0.3337189626284012
2017-03-31,0.2834755222757528,0.10498493802846798,0.08298167668711964,0.2616203889949975,0.7339609772708269,4.073684393688148,0.20838680558595213,0.423488984261321,0.3815331853102919,0.8469869703491872,0.20820406166839178,0.3096090546406445,0.13727215181726904,0.10185559298470359,0.24326727991285457,0.22796636411346838,0.8593108528392721,0.10752373646744995,0.6019972814437275,0.10308594029616414,0.22975059503403883,0.220041419725431,0.1606783595122947,0.5735079370334268,-0.07334342457911058,0.05732092143254186,0.18055586576503013,0.17841929533158907,0.04675830497993294,0.2740125012906547,0.188894968179794,0.14025952644135797,0.39029647770176346,1.8687197483505558,0.05697667630495107,0.10092519676581313,0.1418896259897573,0.15060915023884736,0.14387630077313962,0.15256682441690916,0.11703699436629234,0.08800107980986516,0.36860453270102456,0.29996052102286663,0.15850817122920913,0.23416174357661568,0.0578670589187007,0.007273716266579022,0.4191490934533073,0.1646737694407705,0.1207331522741446,0.07387331069293568,0.32908689747499964,0.46684090478988827,0.3376131755690157,0.15887492780389145,0.30515682796860677,0.17882530071358582,0.08496040149324036,0.05587174522219218,0.32169859258107825,0.4516113668485928,0.06804132531772211,0.12162487000925859,0.20342159832353457,0.14430323096524855,0.1942444714470981,-0.03298768392784801,-0.21875581606018568,0.1177453010455114,0.14138711283485428,0.22597106030130498,0.22618746376418364,0.3097941547477574,0.27343982905599873,0.45133752392225146,0.17052143729904956,0.10876882729788373,0.09607425652546286,0.2336316530060052,0.22850553252696737,0.8682785122869734,1.2387777935962991,0.2636798906534281,0.4906347735224934,0.016281730831737118,0.13562419803952874,0.18461222881769146,-0.15456187894474904,0.036233518937992315,0.09655245766461218,0.027748191080815054,0.32437741774650286,0.21037512878103448,0.014935888482462856,0.38035371078704805,0.14001767746788962,0.17336598101676315,0.20176962603032567,0.24282209137677913,0.10863551776131897,0.3026149122665005,-0.09541301026330784,0.3840752952991937,0.3309584488630557,-0.05470487194109719,0.12520726326147313,0.1509350529709812,0.30842535606732846,0.18253539565187782,0.06609225655601092,0.06275883651296765,-0.024027398329723892,0.04996932445728208,0.29593822590292795,0.47522718778260864,0.21429277535523905,0.850612908658944,0.007660012488015067,-0.15690898607595427,0.4357404087029255,0.24192410301620781,-0.038709346417239,0.3789940549924733,-0.06142910398979784,0.9104280461499272,0.17375054983594374,0.25233087323600345,0.4224822021717727,0.1526708824901022,0.19241015537524553,-0.03195573988590317,0.11698397775510094,0.061815575346541474,-0.26164229794712746,0.29907691583667284,0.10443629955704115,0.06616651752322222,0.2664899688725133,0.134017221838711,0.30142790714793377,0.14415894829769615,0.09597914466183477,-0.011363512372135176,0.4236395381202984,0.11423799215991481,0.20851193866993079,0.08664559743442757,0.25387933350575564,0.5870600532141506,0.42078785218937376,0.346368845030365,0.16087909488784824,-0.0983265220717422,-0.10798085305690974,0.02528604817277813,0.4419562531546959,0.5194776043655414,0.2229210334998537,-0.0006558624612564845,0.040079352335370855,0.29182435168253384,-0.012471005537956992,-0.08114905008252271,-0.021341979475735018,0.06944973104716046,0.1748787723198253,0.8412291502270002,0.1204055294650348,0.6055858117596669,0.08078613048046623,0.11936893433620877,0.11045913737825908,0.269951510414731,0.33533589749780823,0.0979544651329396,0.5661316078408556,-0.06670342782685679,0.0003480820386190242,0.15186880247849088,-0.021879192865222996,0.13044054035481367,0.20028646649215465
2017-04-30,0.5649350328490035,0.1634461233545048,0.07268005178159509,0.3811293058465681,0.9268532968271816,3.098591658076322,0.0637124860886582,0.34407737868720134,0.5271196608583575,0.644311034189623,0.1457244815152896,0.22573630474284934,0.14164931895978605,0.08825821289807356,0.26173524166970097,0.0942070620293014,0.8255396014225382,0.19766068040100104,0.41910006804413436,0.12064000052926604,0.2358690902189735,0.15969718521014098,0.14195230022024363,0.41868141976646456,-0.02091301206006868,0.036145666637555696,0.1432065242028342,0.16670480185008674,0.05602518592689143,0.19425275690933996,0.35536678766431185,0.12458898352739789,0.6417860392592207,2.087988463710698,0.13205205586558777,0.11811301553858722,0.14798360211955042,0.19877754306008777,0.1755456151248782,0.10207366767460258,0.06907417546122141,0.15592289735729703,0.43938171312897834,0.2666781668539002,0.1592395883959259,0.14835680950206487,0.10915836627248399,-0.039452657651389056,0.49183063105868974,0.18523005458915254,0.13924637721535738,0.028370876757107144,0.22648826773796227,0.355483187576052,0.32471749448340703,0.10326083458347801,0.13458032630801964,0.18107294708549038,0.057663253128307,0.04913767551501569,0.35823956703534643,0.32844332025950873,0.08664544987609779,0.10315499366534842,0.19692813750640337,0.1345179541826953,0.19266506995951072,-0.0006176072108809993,-0.20994710978290565,0.10382009472813603,0.12253852048662894,0.2627770453650262,0.22368915950607038,0.29453313923002455,0.3985120653028815,0.7055744223819624,0.18789736764224307,0.020102691468329326,0.039622748729774226,0.18803025760692482,0.17959244024455412,0.6109226566219892,1.6883723780582387,0.1713586103798448,0.2740629398252892,0.04269418907154865,0.2241057531489381,0.18178936087858966,-0.07483379791312494,0.028669311024345223,0.09228596109072873,0.039468927479405114,0.23886490231094726,0.2238302439144635,0.05722523796345391,0.23549427248132604,0.29653786130169024,0.0752214792432746,0.14233221876603475,0.27665047143862376,-0.0057092143801399375,0.18950910745074245,-0.23232402873530378,0.2235313233005256,0.4276396219143437,0.019701976161277557,0.11460298726068774,0.31609206231264997,0.447372626065923,0.21446454123480074,-0.11430181824333341,0.06448166804081201,-0.10720886059854884,0.1244193642152771,-0.04571454598907687,0.3523013327282971,0.16373560925334174,0.8329579538497147,0.08303872047427951,-0.15496799241562065,0.4214251583188746,0.3654832219121178,-0.11047555472358306,0.33681409056014155,-0.04265588983658719,0.591747246257637,0.16640957843345627,0.169406162410924,0.41011559783172413,0.17891717362693793,0.17068327796775273,0.05525350633074688,-0.0034747925979229377,0.04910328649028006,-0.2823731618496056,0.2658263063974007,0.17390874239991194,0.07159533154244668,0.2715127665404582,0.134897669233786,0.3056482723335574,0.17670393069419932,-0.043445157401554746,0.0708016098581834,0.40528718900739036,0.13227553962600558,0.0675838767298611,0.08592514445565524,0.2535679466618259,0.2100435997004655,0.3741301509848134,0.1870092705069526,0.23723673876849616,-0.011666596474044222,-0.12682767936244588,0.0810836168720439,0.6295168530524098,0.20941389457654225,0.24604814421881116,0.09678375731201383,0.09115008637397493,-0.05338206718574856,-0.13770016726041956,-0.11500537702599467,0.06444675869021022,0.09684224692135635,0.200906523976204,0.6096901420991161,0.1768530302237874,0.6196191866086718,0.1331176777602967,0.04824854451864691,0.08103833148481487,0.2165993069448504,0.22037450839111905,0.15042334927669732,0.45515780252561067,-0.0330174139676076,0.03690021364099727,0.1080908813001582,-0.06710867125644338,0.16215870478976058,0.15170422859167343
2017-05-31,0.4600347637503408,0.12907874856793677,0.04087876980974414,0.34452602645920316,0.6788169780149513,1.9102843963132248,0.054255745275985756,0.27974932426462873,0.4541209582348078,0.6015849415200116,0.17553731753428647,0.46039216730299604,0.2033738147163089,0.0287898194934193,0.2140010153089722,0.08857514559017576,0.7494712236265453,0.23458657869589983,0.4168595501602246,0.2011324509077579,0.06953976127248107,0.18762226322800601,0.11794055103570633,0.36836966140601546,-6.914603025665045e-05,0.16741957894120785,0.11532745777415276,0.22275731388778053,0.18148788571356222,0.14194169851579286,0.31646279862430093,0.13694832072193175,0.48386470822977135,1.2427386642660077,0.13615816485476562,0.15234074038085876,0.11156621679243006,0.17022591104423745,0.003836741803086241,0.20470139485089267,0.09370030841467081,0.40693453623693276,0.3398757170762432,0.3305216833471054,0.16221075982955013,0.08628161959279579,0.08500985799271632,-0.058244074323375306,0.32583007002150266,0.21780054643053948,0.10992493050058094,0.09230672896670722,0.22751224080160792,0.5014521277681558,0.4607103868302742,0.08344505324734208,0.16160282801610548,0.10751847123397407,0.2209130065590812,0.04575754001167076,0.24724912601959703,0.392125218847472,0.08940118211828163,0.11425830323751596,0.37134479875594284,0.1891471334788022,0.1603406937383578,-0.01105901277556176,-0.1920856905916628,0.079338454176199,0.17732920679108366,0.1241337915692271,0.316932171914206,0.33023545884817307,0.37527608794688483,0.7757018789753496,0.21253764816336385,0.02960776080963634,0.05455206494174458,0.14451304784699914,0.1682134565391269,0.619681324325356,1.1753146599299877,0.17483829635279302,0.4236051287066054,0.007132354231007998,0.21489060110046565,0.18413838531968674,-0.14615142272183912,-0.026170077349004672,0.15988152412355494,0.04204188791271757,0.21112972028130872,0.24318861839143002,0.04369877595443561,0.22648132266753485,0.26999464427160236,0.09733053436611061,0.07485294997459246,0.22711143718436366,-0.06392164715074655,0.13852202063184027,-0.19767196927013142,0.1153175438281735,0.3085542242109154,-0.019693919227821377,0.18259528637112,0.20886961803220294,0.23543976530964228,0.2603810025926483,0.1134010784866053,0.03957914358150183,-0.1037646983086502,-0.0013913367299505097,0.15072201273177632,0.39281782802772613,0.15899162260423005,0.9153819380160699,0.05202394702423763,-0.1616794546544441,0.4427450650597238,0.4464365764872642,-0.2396996920107085,0.49817300521722685,0.01597038334822698,0.276938950324239,0.11940276779837444,0.22188237046198078,0.42082889377193466,0.287372096480361,0.22834180082782862,0.10805595759069897,-0.030998975803312012,0.1352391026223374,-0.1669676116872082,0.3552209414446226,0.21821912543988864,0.07627490881440346,0.22409790525128814,0.137084227942591,0.21224907512058655,0.21509749221878027,-0.13375466097327737,0.0881754160796504,0.4663082670957377,0.08499420907672528,0.11292016757641266,0.052742767443693994,0.24723530923395565,0.10061750975735806,0.36590368298066833,0.14494264566023785,0.1719609014650969,0.008924285399002363,-0.2051940202305894,0.107445133287013,0.562016028729657,0.09965471284146932,0.16848108664860173,0.07884560438457,-0.0027512271121913345,0.0477298792594103,-0.14903619403199386,-0.14143434758018059,0.07157297096151827,0.010957229415284209,0.2351144719765772,0.4579829550987755,0.1421276060900336,0.40727209506626205,0.11002862642240774,0.07024087312946703,-0.05042504029044248,0.19603864852903397,0.3170459673890951,0.09545117254765811,0.49184639921737694,0.03240704643653114,0.032186563974820004,0.07173101643346613,-0.03902219690689823,0.12115100167399806,0.15978008844025626
2017-06-30,0.6285071120942334,0.19095796657115294,0.12163076113559956,0.4809478990970171,0.9366163272609984,1.1770427764688463,0.0478193892833485,0.38987176023644077,0.5615900391087367,0.7137264032900563,0.14151534251867726,0.440122306742168,0.20901914540166344,0.1288249447025822,0.13759187537315065,0.027499914907153977,0.7338334668036364,0.4030531818892531,0.4404207666500619,0.22924566615821917,0.041657002318016945,0.27481420159350756,0.08594956278472243,0.35717051543895884,0.028835162510896017,0.19969088535538226,0.037050532897916266,0.4067168137759485,0.2828076330270901,0.1554883084274925,0.3990019668531106,0.11694402712327423,0.7825753856735971,2.088023568661103,0.12656634224626617,0.13462041408883718,0.07316994374696617,0.21469844981843722,0.10753510867179306,0.21088180606042783,0.17291078293165651,0.6064159529384112,0.3502113320353115,0.25600773766922136,0.29362245864529823,0.11346711405746945,0.10692726112228956,-0.10993379268300063,0.5411699378472592,0.13379609605369636,0.21289696277254122,0.11764015134977379,0.2833410492456643,0.4918725351883271,0.5035844087387722,0.21701766577865267,0.1566110276413737,0.11286840451423874,0.2600392815577226,0.06621970502130803,0.25748521894231824,0.5394697595806011,0.04241416467234482,0.13015367355089835,0.4075856933922226,0.1726985534504515,0.2854876787889491,-0.109812769461066,-0.2063181317467121,0.06362836834564023,0.17429510099088374,0.18663191679060032,0.38292439922798693,0.377093433502959,0.4576579256627553,0.8671613030206924,0.28204355920807567,0.0371228355935147,-0.00788472665325568,0.15566509048230537,0.12338113536094308,0.6422089597007039,1.2361922724730676,0.17966648245437922,0.4916554771759021,-0.17787668422120362,0.2900318720798223,0.1615442808129568,-0.1347548227961769,0.3144917543250263,0.14257807417903723,-0.01225885163331386,0.3476041093239217,0.20496857596722795,-0.012231573957120268,0.28378384449377303,0.43687518365049605,0.06955130290376266,0.22188085280475867,0.25173187412070686,0.024605064792115217,0.2341642711294465,-0.2511299869262962,0.23688154259160754,0.299347717217167,0.17166219006610373,0.12003683529229181,-0.1574436556772485,0.4959083954538279,0.3408224750596265,0.15381534768329708,0.03743695714199613,-0.06751891527469511,0.0005067974964070299,0.03141825412429289,0.47995580030017226,0.23900425439374384,0.8133749545859594,-0.03488316645757206,-0.17829448080337695,0.3718612961800185,0.6439036519776244,-0.12154720950318576,0.4139899932817037,-0.03088032881880054,0.0990896785378439,0.027234281841394425,0.24391251361241206,0.48499862914646275,0.3414847360263902,0.1349688469722674,0.13237937185546822,-0.09726276873127848,0.11661475456651282,-0.18085299152408774,0.42847301166394236,0.25634013024614277,0.0011522939437922375,0.12025404373336679,0.24366530381263396,0.37095560662461935,0.17271099966761794,-0.1452463155239927,0.08466800962334498,0.5625785837748782,0.03392141530041881,0.048481325954820464,0.017576449341810463,0.11448451652647007,-0.05874211660819717,0.46518572268343394,0.09023149248973072,0.16069043840016684,0.01400475782681121,-0.28483697440942835,0.15096602491879207,0.6421816581580662,0.008740715621543993,0.026237713240994776,0.013326166852353882,-0.008148838584722928,-0.1238702307496723,-0.19435891835271002,-0.2615867372098276,0.08130851790631044,-0.053953057160393225,0.27707076368154193,0.3537103254899696,0.0866913364973032,0.4473312378871146,0.06488104861885113,-0.05341395974394936,-0.03604785417082823,0.24659049287653168,0.29528720307571543,0.07822956660898694,0.5603449275131056,0.037334344419482246,0.09287267114879771,0.11109628472290312,-0.02024265407663539,0.05128976075381875,0.05400978382293764
2017-07-31,0.408483377504371,0.10695336050186799,0.11925398558472766,0.44533007928925783,0.5898379374295444,0.8192418803704566,0.028156347022084027,0.27568175506747816,0.46413797573363325,0.6989987234380788,0.17397927567343796,0.3317549838611946,0.0064140882969694335,0.058679793848417816,0.05165197222233098,0.05969573415979279,0.042965401296389594,0.17481714213386979,0.41550610084723294,0.13462020157017007,-0.007933437923975495,0.20738587186738822,0.08500475474182911,0.4554594294235681,0.06302369582314205,0.16596862611582353,0.019058304074844212,0.2827627463365976,0.3402279690515273,0.1252411552228596,0.246545912840044,0.12479972257461291,0.6373698613415029,1.5460460016017952,0.23657600684168467,0.09054690072728921,0.04213961623454887,0.21859083836663662,-0.08585999491801632,0.16140971547923266,0.1026561343618615,0.5401421469832681,0.12499670034297239,0.3162724629062681,0.2105957716809006,0.1903415157311068,0.06653531465886209,-0.05932267242364375,0.2476433416454884,0.17868403604081395,0.2528939342196683,0.062029414427275276,0.32445030246604656,0.527753903371583,0.3847395474795605,0.1820482974064146,0.14168033481980302,0.1848605114181281,0.29834168959249263,0.0126512930284568,0.28639766629105057,0.6282608191542114,0.019363133181931724,0.1346230618411539,0.45725038082759695,0.10349340143620811,0.35438622594083213,-0.10476480227012741,-0.08393466660134907,0.1305587482177284,0.17684290401013736,0.2629843750928862,0.3443860539583621,0.266618312184999,0.24092411313574935,0.598109926135526,0.16419601695046793,-0.0007986538521809194,0.029372140249305678,0.20337571401847354,0.13878819672697396,0.5745009561014691,1.1732173498342888,0.2033554283298371,0.38782712087539295,-0.19782688048765595,0.3813230562389769,0.11228263286951123,-0.09497788726654322,0.1552973728875282,0.1842290616035882,-0.063268484587653,0.20918685975935736,0.20912904255854925,-0.10423510101088485,0.2594771727603582,0.3285566506926547,0.10035564702377076,0.17222820868817346,0.3182247933961717,-0.06404996996976764,0.31137356884082124,-0.2395875518493702,0.2578336957563656,0.19014682163537655,0.157675906311036,0.11588147650527358,-0.2068741313736524,0.38522054270208983,0.2703526100351741,0.032483453933332074,0.0051462726848610085,-0.07842481934130663,0.040041641566437525,-0.07330202817204257,0.36733379458840787,0.1572632045303044,0.7210789699674853,0.026904910197938836,-0.3076103588665695,0.28520806555651257,0.4198680219619704,-0.1483061714007501,0.3702497764246684,0.07685978769780544,0.22248748307831234,-0.0163844378042588,0.1476706826834311,0.42612002011774885,0.36619551392512695,-0.05778822393957084,0.021399243842116444,-0.16118333240977312,0.18923980007912866,-0.2801422507044007,0.40660742621718615,0.3450079497960483,-0.008116278882947414,0.13614896252709818,0.16479709676050214,0.24528369082643153,0.16646448529798596,-0.07517181268938855,0.06691900798869566,0.55979049742034,0.0751780149196013,0.09504102041781093,0.039826124737240454,0.12034452896810843,-0.15984174563953946,0.12066764801648078,0.11356981278181055,0.17451662558399716,0.04671358095443656,-0.19432628587344158,0.13160284568973424,0.5539169372446064,-0.00707959639548672,-0.04084211967012186,-0.04443684910168533,0.02122176888813776,-0.2600934130508036,-0.16208775985471413,-0.2602203041317096,0.07373645928540773,-0.04368114778822885,0.15673570005710658,0.3067170364515779,0.07804698946050603,0.27065913100001726,0.054461269423125236,0.007803518690338018,-0.018357184809629445,0.2342054996270433,0.2828279585660065,0.02260320168236274,0.5337443249765781,0.06670941264543373,0.07036313287425155,0.02340875771424389,-0.038062401437451765,0.039426825793560605,0.0649790428577186
2017-08-31,0.42093747949981597,0.1992950559407154,0.14356878014575392,0.4318249339148703,0.4972648695645141,0.8391891190916896,0.047744242949156135,0.28423214165622035,0.4228045507395628,0.5094820847587556,0.16266858152683805,0.43643794118421586,0.026288970926349853,0.14328887668530643,0.03569362542758636,0.11822729831533474,0.007495799600333308,0.1970628953434448,0.34180446386642527,0.13468598595824033,-0.06486643665891056,0.2454467149745947,0.13468619069612364,0.39300107832397013,0.0914916908262795,0.09334542886125363,0.08427110309406549,0.3328430873860968,0.37026168624256117,0.04778413732250386,0.28884285992886394,0.23521338731474972,0.8641355135499555,1.6594444015036953,0.23064436567757785,0.11561519939764531,0.0729828431724413,0.2149119035881739,-0.1336604979498195,0.13377035126088965,0.15782867309630766,0.5257299431000408,0.2009419238543515,0.4331940330375379,0.23778459138960706,0.0854923224554065,0.14358833756665668,-0.05604074688876748,0.2842587119585491,0.3548237894286663,0.2553627715132154,0.013231203731439045,0.32210178439983417,0.9181926111281857,0.4318182833235851,0.16543365425126932,0.11754832830739215,0.17795745050746437,0.3535455773196139,-0.007020311261621948,0.1884623356448034,0.5533263955557908,0.1040380586323395,0.08268124568623003,0.5145655147158779,0.16051068151771042,0.27261219425289496,-0.15388439767954099,-0.0015150231113987278,0.06340157007441904,0.1917843399368555,0.1973595063014193,0.36688908637596596,0.20804402098789265,0.3628125609849224,0.7332991288005046,0.2239775448579049,-0.005122532735591934,-0.01424906377607571,0.17575124422610844,0.017718031635487907,0.49296128925461824,0.7052758400435497,0.25467311855907404,0.21929707291834255,-0.0975016371885461,0.47429788667882056,0.1834138329595807,-0.04814405213902484,0.2523755424330787,0.19883122901311379,-0.03299844675215824,0.25460099137511305,0.28848778009968323,-0.08202475700763279,0.22291973739401083,0.6063908992974028,0.09455019179918622,0.1166110047897626,0.3374983325241605,-0.05248178610955456,0.2946622664710816,0.0192820274226575,0.22181733840256523,0.16237589020361853,0.20963728814803595,0.1814661704500573,-0.26874516095853807,0.4371538347402124,0.20629018994895598,0.00017370851988607328,0.16098885045970857,-0.05963030489269028,0.02559024847845426,0.42079662111909166,0.3131920733300313,0.1778592737832414,0.4772808507546755,-0.009022147026425342,-0.22478727728943404,0.25645997053889835,0.48243805776489945,-0.11835987800986547,0.3467590607767175,0.03775824056505761,0.2494797369333699,-0.015374014817268966,0.16740213392913472,0.3732262847272203,0.31812196250625924,-0.10501285046697595,-0.027230731461841073,-0.10920458761033458,0.18818199816375314,-0.16934044031334938,0.31816711908494355,0.2844623682319296,-0.005895310393191022,0.20371656863432097,0.17979287500146346,0.2855569219569094,0.2271482452265119,0.013834788894555583,0.13284429448304302,0.5834285918191315,0.10521309308771687,0.13069457499791115,0.11339579170647784,0.20605078829818324,-0.22664946574375333,0.1110074101569698,0.08260577434938376,0.24170917263392178,0.13421998346588526,-0.10778622962409845,0.1854539143211722,0.6455205391889802,0.0015544427504481373,-0.0425287288222036,0.030958522313031756,0.14168110721894478,-0.023003003868153682,-0.15716701231579933,-0.24206156884224395,0.11710104568640478,-0.028479111378275745,0.10253642573991217,0.17657857067489835,0.17384681365005128,0.4674072705451775,0.1270513793924748,0.08249611608766072,-0.049610833986105995,0.14858447186886004,0.16596332536897296,0.1027986439938855,0.43190991349896324,0.005868368004678048,0.1506280557229922,-0.026450388630417154,-0.06711466367144348,-0.03855695867247233,0.16466922577508236
2017-09-30,0.4762745863663618,0.23428236390290058,0.09266520328139594,0.4295190929919437,0.5124518419979349,0.8813314453065697,0.09545062256328518,0.1711312927172184,0.4824091652061808,0.5497860152653438,0.25396277518788035,0.3672764212255022,0.08202455789309981,0.3387075489131852,0.05135817483957794,0.08791222212044758,0.06936625801430063,0.18802104141887632,0.4047797560467119,0.1917953087717863,-0.06552197200831233,0.30073949078693163,0.15055846172648657,0.3980402102677847,0.10401451395309746,0.10922220096673718,0.03954181577131477,0.3199891725718045,0.4250013609392296,0.04616255340315201,0.32936394178989925,0.26648101299746463,0.7728058328678666,1.484479312825488,0.3017707565397869,0.09423830911345643,0.060477089845414556,0.23831605479295837,-0.2074492267282677,0.20647129736667558,0.17988487116305274,0.7443513447740129,0.21104629939861974,0.4376001952760442,0.2610326913477399,0.18762963448179648,0.112569681561135,-0.09252673862430427,0.32012209641603717,0.22794395842742832,0.2515442713740963,0.07257370013217113,0.3677153078518334,0.8741941950762793,0.25864247182636646,0.18469457462090277,0.15756303026096852,0.1426801504201931,0.3973909337304291,-0.01206426048857312,0.2569211871225132,0.38057722076930833,0.1386004892609718,0.10477665512584755,0.5832693508216951,0.11971976879400104,0.23525897213450686,-0.15116964773718677,0.0816515267873863,0.04006365942964796,0.21774721601382474,0.21163168159898738,0.3860766976294847,0.1644230670269391,0.37873893550982873,0.7718412041785909,0.25467413301134845,-0.0617643964542276,-0.05141050991924645,0.18406254897517438,0.028254179774972243,0.4483954063060642,0.7980877137410995,0.2913321940482587,0.2696808366554082,-0.10522063813913274,0.5028916060344577,0.21316125437827838,-0.05365763779214716,0.23600826274440245,0.2398405670981445,-0.014098863610111811,0.23390779481860302,0.2263493225765134,-0.018117250708108656,0.21437650071543257,0.8408438822551969,0.17572767315803928,0.03469732929568381,0.33135416216001023,0.011276870565321229,0.3336403444157354,0.1531353932972137,0.13033274636457293,0.21450109201170675,0.48996898013222334,0.10638123521440601,-0.14887066514461733,0.42271648066508516,0.1293394796395939,-0.057232986549016096,0.1814822038517896,-0.03496157354325624,0.051094528692443575,0.36095746398911754,0.32125076217090487,0.1876209534526243,0.3787810524909503,-4.4693641318316324e-05,-0.2507803580549689,0.36142805585905924,0.5598114789151731,-0.09753378700968351,0.33149713541923953,0.01671806556717237,0.106387438984054,0.017634518342918737,0.1561057624713762,0.3047680455826878,0.27264984214573884,-0.08466964457139026,0.0314278794640217,-0.17677047154903147,0.2148999258552715,-0.17393129089781434,0.2756231871606023,0.3381629070981691,0.03033492509292479,0.2307431950385086,0.1994155799898074,0.3848676222451657,0.32671753590052743,-0.38073572740845296,0.07995937848948165,0.32971131536892906,0.18711838649198165,0.027504030036978877,0.09811615663457074,0.2509594823209864,-0.2848797297445679,0.09817649452607013,-0.11509283401481829,0.32639873611770587,0.06854741029387235,-0.13989059381047442,0.21998634937523653,0.797560866682081,-0.12232592040259016,-0.1442136532932412,0.04349491137103878,0.1739918240301077,-0.01978894442585899,-0.15207072223643525,-0.21043547304687382,0.1152417881907093,0.0051414173331720825,0.15767549604541364,-0.006112955347125859,0.2505723638747137,0.3726831339368297,0.19048498386648993,-0.05645255836461671,-0.07616497932062782,0.22492237131503878,0.16489730691475946,0.1520032699100975,0.41150254163741584,0.025677700740831977,0.1723475474919005,-0.06702161606971802,-0.017683483854680104,-0.058824776773826026,0.09686189215674412
2017-10-31,0.38135068989609167,0.3846122956195561,0.17404755169975084,0.38759175622328557,0.810337774246229,0.7634854725261666,0.3577104546377965,0.21717605767745596,0.4510344631389478,0.5591662686615564,0.270408894298257,0.5301273299913483,0.16973227727957063,0.24294806810524006,0.1256159551246907,0.16703658153715728,0.09918004992974105,0.20227205727001918,0.3474396013362391,0.3717652796397377,-0.020304842346048124,0.318239859320276,0.1508944846443363,0.4022756219475252,0.09753176517445494,0.2236367742993739,0.18899878943250026,0.32713126194317543,0.4302855801559309,0.12292704061038284,0.27310746650330064,0.178437888299815,0.45231036702063454,1.524034825327674,0.2736174047764335,0.0690114542395297,0.07290481805783555,0.19643383904624012,-0.2164856876498663,0.16292181775898862,0.29148494629196753,0.7250796157434831,0.29837719416833863,0.40755615127209355,0.2849368298200572,0.2342866703908506,0.14696457569660648,0.020966909814226664,0.374486385513938,0.28409716493258474,0.3295811393116379,0.15572535764397588,0.3785475851212474,0.8387723773135325,0.24188225959550635,0.3426933726025325,0.32590909437699755,0.14529696015507132,0.5735862382265693,0.03808228688236581,0.4228084153885958,0.45271695465537665,0.09479116244358421,0.13961146944766156,0.582656798790633,0.2818548842879307,0.30553241968027733,-0.14051971147422637,0.13198573015175596,0.039984389200106385,0.31992005615658536,0.28611678364938165,0.5561838045728826,0.329099810038638,0.44774375190784266,0.9365904494146373,0.4037668182525387,-0.0784800140593972,-0.030348344821771067,0.3414365504009631,-0.005882752862086171,0.45569667289431837,1.2919579824092433,0.2752076512633781,0.4539703551276686,0.004684209153649865,0.5651234173229174,0.25568532729706583,0.039416494714285655,0.29592498900229813,0.47836023433940045,-0.0013773134067617265,0.2980459195284044,0.24706909393444243,0.01528738004699881,0.22355074575416856,1.0042181922337874,0.2097009540045529,0.015443096435256098,0.3775853579426045,0.11756728996536081,0.24113472467515296,0.2782849771146507,0.1661548987114092,0.37004294987225284,0.41897525123160606,0.07960477630962925,-0.3746165434414753,0.5035659861078092,0.2452652722076576,0.14797317765426277,0.14833683661405983,0.06347001896488313,0.19412544861855086,0.2558135741920693,0.381690722815077,0.3329351194829522,0.4512787603038484,0.06086435236979426,-0.34162479861311923,0.5049213234945904,0.627294415358282,0.2174261890560263,0.3256679520824015,0.047371830244189006,0.1860998811914092,0.11232915966011059,0.34947624643351727,0.4515027215422778,0.4115895062990913,0.04245337455409026,0.03016586864576909,-0.0838049662358401,0.20638933242943103,-0.10671494495872502,0.3521701641658439,0.3524415336569715,0.07901417544106759,0.21991777484331454,0.20272075563865477,0.48472448591983763,0.1903152663014065,-0.21898974220405476,0.07490267543627982,0.4057439185647085,0.14358895368407043,0.17165282648992264,0.16349904978540253,0.310281348424599,-0.024954735197513345,0.3490002049963328,0.07543639761987131,0.2742955694094753,0.10131834331383271,-0.009594667252513456,0.22057520410967912,0.9232012124155096,0.016130253661719607,-0.04436327452915989,0.2171116467326426,0.182984185120586,0.019238528964415247,-0.0763924925281847,-0.09774808032634308,0.11464909972048476,0.008440453021157257,0.29021133433910773,0.06644023433757695,0.19580347621003402,0.6509894737887347,0.13226433575177676,0.01143777423418535,-0.10876467193954054,0.27074275050984165,0.3091823655213106,0.11927449163990733,0.42606795365064354,0.1857028072792133,0.15304317090042607,0.09841648687370674,-0.05048875110075668,0.0335782571400538,0.13140006925719305
2017-11-30,0.5485255497013117,0.4575288361823997,0.21602645459264314,0.7037253946269348,0.7654942820492183,0.23344556221403145,0.2417739892181594,0.4725875141074729,0.5769395557420796,0.3117759002052487,0.18737296457410113,0.46389864811327985,0.1262968547909531,0.42138887006032677,0.18614694958322908,0.0700694638255892,0.18808992753008003,0.3314430131833308,0.11617217388496992,0.30405606811029173,-0.023229878181505903,0.34339883733617493,0.27728369087009064,0.28359289521641107,0.16827008915137687,0.24504267103147104,0.24483952464873338,0.46649783881287465,0.42698385356239954,-0.0728575928468661,0.4041216235709526,0.38663320619526886,0.6788888862624354,1.2502351251636585,0.2867945162710315,0.12419074700784316,0.07980683509863118,0.23202411114427757,-0.22838898029874732,0.13133004083418776,0.38843702433186356,0.750422280328882,0.34092478490561384,0.34334916995346876,0.4299352119806523,0.08335800641614943,0.2741044306212792,-0.017990551415016265,0.25031885581845703,0.2381851805769244,0.2710636914302331,0.1323689157956811,0.3472802406745177,0.7518255747159419,0.2715203631072536,0.3013021170403891,0.3753666006272811,0.20227445042626324,0.46409382458053683,0.1042624176784488,0.2752380210787191,0.35449894694662,0.23559534070662447,0.1323857573259286,0.49088738898722273,0.16946128759932155,0.18856625592819598,-0.3220827136892376,0.046322367315197344,0.06714636987727185,0.28466717436242917,0.20791413786494606,0.7492777443501397,0.27559220547297647,0.38909967808988233,0.9942550729965787,0.4309361103575371,0.02321445496352359,0.12783264689753526,0.19003212279127757,0.04114147535509605,0.2324309496026995,1.2688174841369237,0.20147986738629675,0.2541348538678325,0.007804560665290783,0.48802654930822675,0.309479438524106,0.0279374741747187,0.06164967713442371,0.48229460029053395,0.15491848483084247,0.3266404305098589,0.38012480805336013,-0.0983537655725889,0.11998068600210532,0.7918146628342382,0.19588952081663624,0.041198334661791014,0.35994032082557514,0.05981567619882178,0.10406242008146349,0.12217234526689258,0.11250912762140941,0.3005235070945047,0.37996256820428465,0.0017860130382350015,-0.31122682508634636,0.5093388713816853,0.2325367077365601,0.23391675179519278,0.27184707005890063,0.0833580886318801,0.01861391216543229,-0.08925077859073904,0.177432226084421,0.29837372817979935,0.4124096558757264,0.0037302518814488206,-0.3508052117461734,0.3646725569044331,0.5317639267998331,-0.03557230978561765,0.29844975106836613,0.11324031776508536,0.024231167237873885,0.11676270181155957,0.1777534113698538,0.33136508460227376,0.4347755187009923,-0.05156700712718909,-0.04150882987747706,-0.21765732269528848,0.4616328882927996,-0.21141703164301207,0.21285064572960244,0.3222482567747549,0.10757277304494228,0.20254878314994307,0.19029587526163105,0.5618433421596758,0.43372377855547484,-0.35994609416897494,0.13686442601453064,0.2668011140411113,0.3353050686135923,0.07801854068917491,0.20108939709656282,0.3271251954245531,-0.23162265618841515,0.35347026396843595,-0.01909867241514862,0.3882422380577,0.15611250200841953,-0.1062645922020361,0.25024901640917374,0.6707669767171887,-0.1824991735912439,-0.16382114863023134,0.15586679627658273,0.1559351916504037,0.12188215558441162,-0.05104040624400907,-0.1071453902467634,0.17745426875794768,0.08946112324145883,0.45686254277608573,-0.036703949474941266,0.3032586932809538,0.624231429345254,0.22986379468534324,-0.05414525296392725,-0.03297381944697386,0.18375123384662717,0.2072398266101465,0.24279521993146425,0.4072878635699524,0.22617308768822375,0.171207287168206,0.03155596481782075,-0.019629746907948387,-0.02145437137009154,0.09767552487774545
2017-12-31,0.5076283604942968,0.5016349933960793,0.28911397675401473,0.7627004040800178,0.6502113829475265,-0.03968252232892988,0.23505704997900545,0.56927205806345,0.5926662921881751,0.29480117548742424,0.18425573424053465,0.5678381334445659,0.2126084857308228,0.523809507695643,0.2784092256026933,0.05112664815409529,0.21821643954086367,0.30755252568433766,0.047231310110345426,0.37204008911803665,-0.0364365913036343,0.3872023174664374,0.24077936848443549,0.23890246817348104,0.14107854349185334,0.3378651880312775,0.1808544557757421,0.4681717360737996,0.4492391368173012,-0.040533327216195514,0.3847665772554629,0.3598783826916401,0.5151857226790606,0.8876896223176471,0.2964045921457863,0.14477698430283104,0.1037707607450804,0.15405154910722785,0.05744427152767573,0.13416167075106844,0.3696680111367072,0.4453179652931105,0.3669961337229657,0.44725303506315095,0.4533071575928804,0.053732964893494106,0.4354830271732406,-0.04209382806492101,0.21191664962702483,0.13207692967066254,0.2712512542261081,0.15626989986862116,0.34021721367145297,0.8275785989955085,0.18665661640945674,0.3415839225930861,0.21497927444737375,0.16863725039796718,0.5877183732842797,0.13196694245091756,0.31751510299188146,0.47690009935404554,0.19764545912995146,0.1694920006134979,0.652377375337857,0.20031666429762485,0.2515432164626701,-0.4057860769331214,0.06740225756182783,0.1483379719465543,0.37390078257002735,0.2784180829170366,0.8911962944075047,0.40265552374233815,0.33120068079491394,0.8360472435515711,0.6305240475121963,-0.01757626335471707,0.1721322219597956,0.26555167011095704,0.030299256182583,0.245317581530331,0.9338501815556315,0.3366243291970643,0.30928862610836605,0.0017616929973072182,0.5257809849772814,0.2843487952333166,-0.019142113829574425,-0.014247154368512316,0.5012277137739003,0.09039165821045736,0.5563037232963333,0.3141966292028253,0.02230407657089639,0.09127223950578722,0.9585991159554079,0.2881679398346555,-0.067700037564982,0.4083234022048836,0.13608163016692543,0.17565395589913724,0.11065975362637714,0.07448704905414161,0.377322943570259,0.2983750771022813,0.013238989104593646,-0.02127303922166901,0.35030510959566175,0.19648414570095674,0.2508003841404187,0.21800685094735917,0.0899389711754861,0.1463124787689425,0.05534504741986779,0.2204013308787487,0.27626936457656925,0.33375976924577766,0.0736540926119047,-0.236604443036609,0.4363594789698064,0.55544776178282,0.06055132958990006,0.27937386079227533,0.20054727718394583,-0.049537789665288656,0.14103058758692089,0.11712260126317076,0.3613572100373015,0.46903597856488277,0.17033374011482194,0.06076034507846351,-0.23532384542169993,0.4345335820552134,-0.13556231294591836,0.18516507082652267,0.3040689069935154,0.06018951529788574,0.18622583915840063,0.34081535634810134,0.5300651943204093,0.3824090659875856,-0.32754205802282566,0.047513335136470936,0.48836948436375915,0.34073586259192523,0.03768262422914348,0.11463214314304615,0.21750446140147295,-0.15200975602020272,0.16773305810573702,0.019079796615248057,0.3240830396455654,0.0624150294909116,-0.08690579301583523,0.0851540912717601,0.6804103914048281,-0.21824198086625046,-0.1472158379421552,0.19565127116042458,0.08263352958797965,0.09109534874316072,0.026797117944959536,-0.04891951317700349,0.1139941146879555,0.060183554220083035,0.4671478463012224,-0.03815543115223108,0.2479064040220853,0.5737969929551716,0.23464028135837944,-0.061946154102994866,0.038704156017137725,0.21588478841216063,0.10537351808162687,0.2285638867239923,0.424053180277171,0.2526812403582399,0.11073395134463415,0.007081514080095275,0.07478151656802923,0.046399869031005014,0.09345532457305628
2018-01-31,0.41698694983869666,0.38901753001449246,0.3715324628015415,0.545598956943715,0.5061966515837215,-0.008678896198757169,0.14097782087892696,0.420155913962057,0.3130253190331709,0.32448893095099507,0.20762764687328228,0.6829429601952568,0.19505785585137314,0.2924147953362066,0.28032386005968,0.16896227781958228,0.11318172731785725,0.28433640178234265,0.12493117992975211,0.4093392340017403,-0.08680637380131218,0.3415801276112267,0.2657868016619582,0.2853393477153252,0.14079406873361222,0.3371650246218836,0.12510908855650715,0.4311112192221085,0.44044362682756355,-0.06444744513783007,0.35266769407977727,0.2976835012981147,0.3642242207519828,0.7792076362529423,0.1929895093653209,0.18783027589757406,0.07316383823580641,0.1406360545083123,0.24526049009029416,0.19077012743096122,0.2502257542037487,0.2358590995358405,0.40859169113707505,0.3805793518558944,0.388310112358224,0.10758563629102746,0.5178724356684781,0.03497291100078592,0.21422228754669237,0.18606808399348562,0.19874831564108675,0.20440010803654451,0.3155347752361213,0.8549283536382719,0.10323597802063977,0.4062321419824644,0.03034087555231646,0.13357805698900904,0.3893004682817711,0.1876721934976755,0.2608200490136545,0.49029819704744626,0.1163265645787912,0.12998058488548492,0.4804049191201689,0.22647863944405477,0.33132349771721215,-0.39264381735340514,0.01763627221671893,0.09417027017521762,0.3227934652112745,0.22396343987784162,0.5805339179734714,0.3374798859500161,0.2646940260409336,0.6220053160143189,0.4415655914019778,-0.014661562921011173,0.08593208231483929,0.2133958093817323,0.039714180930795484,0.25319853896177613,0.7055160633594411,0.3593047193955825,0.2591043857007296,-0.004142832957745202,0.5321418345875815,0.36097937541471636,0.009462204045009637,0.04639708363628858,0.3632430981268042,0.019186316523063462,0.42560784280503516,0.26897518468632553,0.03751761568021372,0.040202208843637344,0.745196178141692,0.2830357733060558,-0.053425611781649285,0.4156279783930852,0.14907667921537548,0.22010837914080428,0.2720122257044606,0.16101883903183012,0.3567807126345022,0.3591892748552348,-0.0132754668585362,-0.27492105769721065,0.2592593985963041,0.15204215178659686,0.17113458698294082,0.13833326255146328,0.05016934641974524,0.12438465574535051,0.13873905970534173,0.13787839569811022,0.1658839009377755,0.27834547978494273,0.02727833510224209,-0.17654338174063366,0.4047402647294096,0.6246427687413669,0.12994592934859273,0.4123210559820518,0.19820236079197628,0.008411007029649475,0.15661333802959465,0.09002633142778826,0.3789157973774311,0.3562426365468694,0.22576208174451629,0.05932920631052507,-0.17132261778959768,0.5426443194646242,0.05482368255267933,0.14685742716675332,0.4543672715847742,0.011721209146063227,0.2698867377402785,0.2610766619453089,0.37989885207115415,0.4061553196029912,-0.28271192502890585,0.061924801018053754,0.25562918702556603,0.31361347714125176,0.15114736115229643,0.1401164248905442,0.09366375007908512,-0.08480300281139719,0.1856741202518566,0.0679637630866381,0.19943384377457085,0.08230882388090821,-0.05935805379882675,0.10726301403262894,0.5869676877228132,-0.1220448180195488,-0.17552699152860518,0.29082428679166994,0.08622778232213268,0.04149292349266687,0.14024379294755596,-0.023698203515301497,0.12959249355932867,0.02097900953129983,0.36385464712823445,0.10155131318529564,0.15509516827038605,0.39578268927636184,0.14338738861798328,-0.03808214703555579,-0.005222172921506618,0.21506925904490082,0.060583938774318336,0.1579180670214062,0.3389078590520407,0.1866171701246413,-0.07344630690603626,0.02066179943574009,0.03089322953657936,-0.003385646376728668,0.06871274811134209
2018-02-28,0.23649900768834575,0.4085210648236144,0.33828385858692744,0.6880175822928931,0.4899598020232505,-0.049792549455696666,0.07601258622875018,0.7169484082314834,0.19899617273378656,0.31708306266180464,0.2506125724696797,0.7284787459135458,0.15470162347541172,0.40024583500558353,0.2573719510678123,0.14750760538463226,0.19149933600877422,0.3991929849077698,0.09069373036857664,0.41832089182445165,-0.06175445494234977,0.3527690078588619,0.152512859141837,0.3051333072221649,0.17231420164545352,0.39286106316865355,0.0025334667105039177,0.5405746712524171,0.3651964781263273,-0.07292778416269818,0.5090051033684075,0.23360652588805686,0.901780069005679,1.4285236119097382,0.23071553693577296,0.12034510891935257,-0.02257330923977252,0.01773384926123711,0.24421763062966084,0.24783045636406742,0.42610139954804915,0.4172966509586413,0.4663504247317891,0.45337067498657446,0.41996456295340634,0.16083070582811665,0.541740844362989,0.10430443213148943,0.13995388881192228,0.23137235633111763,0.2425501004461612,0.22964321560555723,0.26063622165975553,1.0037933212991486,0.1089940279295325,0.4843697874298183,0.13890020176719164,0.15274468098861527,0.3996304489439879,0.03948233254705835,0.32081658302204774,0.5493469365054151,-0.019601494852489076,0.12354058714088811,0.5250107313338896,0.23143820965527717,0.37227720797149844,-0.4437085507478089,0.22363965720508316,0.15955966243584063,0.30187716691350897,0.3084364088897942,0.7571371073682562,0.34142412418701173,0.24037494300900186,0.6352622719505261,0.46568984974539585,0.03055226267697453,0.08524585088265901,0.15775326912451382,-0.026989552517767357,0.26209129242359674,0.8651877022097729,0.3982766329059906,0.26578763256691174,-0.09528913267076755,0.3808066371579901,0.31443984779655754,-0.10628038120941086,-0.018339963113358615,0.36177446637675326,-0.0808889665363961,0.41027666895954273,0.2944506654553647,0.03726140580618287,0.06191821735018399,0.8414256241399354,0.239460131463602,0.020927449434203105,0.2167506501271106,0.20516282121574347,0.22386118999345395,0.13380814810229613,0.12337742323149414,0.443046641416706,0.3241917169504207,0.0024443222081698135,-0.25537361775798106,0.46774584790963103,0.20395195854480108,0.34602296205201677,0.07700505105419753,-0.06774144825404038,0.12943095273335237,0.4552239651240644,0.19188279058751778,0.19874250228891377,0.29046495194965916,-0.08970372327549814,-0.030871669385456713,0.4771622512835878,0.7093084866111781,0.13203350628174704,0.4261236957589529,0.20942276409971683,0.1468330358848895,0.14653054647624852,0.14789570976422084,0.3164366859213059,0.3495293405355675,0.21312474000841708,0.012926058235688709,-0.0632229066218476,0.3930873666663455,0.3219637171570926,0.21665442461152273,0.45442032977544966,-0.11547586672892829,0.23343464095692723,0.3113273401692682,0.4442857873498176,0.31255493904169485,-0.12822225251468378,-0.043533909372292956,0.32824701803326417,0.25311514616594666,0.2574851337528823,0.05832532436695481,0.07125695697557277,-0.03948642818999493,0.19705033003039496,0.19372744333920378,0.22658206550537185,0.007517202041826376,-0.09216585637790575,0.021415211819775237,0.598636285692586,0.017373622935845656,-0.13419750026370814,0.4348352003557121,-0.038399772058101966,0.19148631018184825,0.19982570021869117,-0.08335280695704961,0.03427026293375479,-0.09723433137257065,0.3911219625052611,0.15407500719008138,0.06752099098633502,0.11146589907566473,0.027002819395370636,-0.0924094808838486,-0.013898814650571523,0.2514071144819652,0.22497728617191082,0.03894071181010217,0.39155566860226343,0.17288803224774196,-0.09867969405997434,0.002755384075955103,0.03314733658795599,0.042459378467577524,0.038640419729324416
2018-03-31,0.25948619394078154,0.38767895501634686,0.37017043389316595,0.6070851996904387,0.49245894821167324,-0.16769762900837337,0.15218466080733473,0.7060143508762478,0.14253182317453117,0.3780456582309488,0.24310058827083525,0.7109726958365974,0.19839142978526314,0.40926192634849956,0.37068294964156534,0.08420237325995883,0.1487172496558229,0.3020994830606316,0.15920912189351455,0.26228694293394295,-0.0686487043866868,0.453920773203657,0.06966161197176657,0.3444604660801083,0.043414811853708546,0.2842235597367868,-0.05969939928066448,0.5735638043574058,0.24711463463560746,-0.1268228274149089,0.4535941401593615,0.21770588865337115,0.971314540123293,1.2288392900731853,0.15403382033356228,0.0015078954140392842,-0.09903201138815221,-0.056779785367689684,0.17721457704052357,0.22874412398255894,0.361250483891671,0.2326985213764574,0.3778481099199009,0.3945826632348215,0.3929353740209549,0.07827668276163258,0.2716819171400644,-0.040270304545788616,0.11821710722496293,0.1448904585360462,0.19497030033138585,0.21077731631571495,0.2515160228524491,1.097453618403875,0.14273868905053289,0.45742085023025303,0.09609969075184432,0.05714586342449479,0.3372241192495291,-0.037077535252794114,0.45414598112434557,0.4980013848911118,-0.04157070852961553,0.049792869861135625,0.43772798273149327,0.22467751535403946,0.2712949435904086,-0.510396706292553,0.1838298889214156,0.11915094993065667,0.23440215681082877,0.23161283642211505,0.6691455555587409,0.2365527091685582,0.22028784889550135,0.5071001153153314,0.5067303533804286,0.03429778846938181,0.008445768060902914,0.14443659488721083,-0.09383028257673476,0.33285566552552237,0.6889272194314204,0.48776199116052865,0.2672506030710762,-0.13815736760984731,0.5008373845366096,0.19467284668559737,-0.08601876462522495,-0.17307940232621566,0.30691637143371286,-0.09251606644840549,0.48303935924413577,0.24300264484080758,0.0636389632928307,0.07318048762562102,0.5183356295939021,0.25508866206659175,-0.06706689924670162,0.14589828826526086,0.056945271165220746,0.2286381452362949,0.250384954155241,0.15115459540631138,0.36342770236907285,0.39035632732414416,-0.07607849065461758,-0.3374247944597254,0.3818141672584783,0.11400424171569168,0.42096313827241527,0.066856409634231,-0.029393631288680666,0.09240156024533142,0.3922156949960136,0.2083378102717084,0.14706713036893904,0.21098243961201746,-0.1372962095354514,-0.06231631400232174,0.4225195096562946,0.5166540377915592,0.015178888329326234,0.30315609723857895,0.21503209223244535,0.07002101352982293,0.1409284549423777,0.09984874148068323,0.13063980527210783,0.3404404751947072,0.1942510137568998,-0.0030282125091493084,-0.13405950497908958,0.3435104943494305,0.42292528667717866,0.10858113702866556,0.41747907086505887,-0.21820535127369145,0.2035321330141866,0.2955745349654333,0.3057861359280645,0.16940886693312063,-0.3210074707478,-0.1301174230403047,0.3546704801137419,0.1982546268416967,0.11366936232418046,0.015809343609693993,-0.031146164337669924,-0.2610263392629324,0.2767351376970997,0.04671964607257317,-0.0017223907280669026,-0.07531376982849391,-0.1748617030482762,-0.012735145799038894,0.1343859323279455,-0.044596075251229106,-0.23534044308611746,0.11035964015368349,-0.12627066210201887,0.16540953180740092,0.07339703262122521,-0.06511538874545364,-0.041819695772937204,-0.229813061290288,0.3091932863279452,-0.03246703725875644,0.017136749059694534,-0.041782490719445176,-0.022414094459358602,-0.19921528693905544,-0.08154014238530716,0.24383397580014776,0.21495237573424153,0.006874778156440442,0.32290241158699495,0.08694446404737688,-0.20937747024481468,-0.07415506666548388,-0.0173878720450118,-0.06487993116043489,-0.037239823890015344
2018-04-30,0.18645472171172717,0.39403932505516304,0.2777136859013045,0.6156721471205511,0.38046429100738055,-0.24436089875126743,0.07376917295711571,0.5647087284268291,0.09914007810381098,0.30613725240321155,0.20743288917738023,0.46706730085874026,0.1173847016110463,0.3504412855474546,0.29117949718141545,0.11167682066121531,0.18255688032345918,0.12181435467104929,0.13977573751741912,0.1676958979373102,-0.0037582926757526725,0.3951637441446729,0.0646458028515946,0.28506518586251484,0.04033561039014777,0.1806913979886129,-0.03182915864747493,0.5133121184120937,0.14517953826005003,-0.09794774927989724,0.36110599954429934,0.25638768837451,0.9405387207117193,1.2276461277551656,0.029431555466206794,-0.009003613830387058,-0.07117338147378194,-0.0678067103351987,0.07075541061999369,0.082021788020328,0.25280697357882365,-0.15264109214977284,0.33587178572536835,0.24167461136820112,0.3204036461614532,0.00021926713888897886,0.21234260157823015,-0.05042076071908441,0.22199528386848377,0.11005278727444767,0.18003859296278346,0.16119266328797188,0.19022340187826536,0.8167869503848644,0.12647158347396714,0.4406187202548768,0.03563307672335436,0.016641934839433103,0.07296195196802335,0.011264950403173879,0.45329502920251175,0.41626921187627075,-0.020327509056239812,0.07421337396689287,0.25162943747597977,0.16890913342424918,0.2770367919255059,-0.5191878587065288,0.13113876112945322,0.15586551978321328,0.12404585747233687,0.21937410558131432,0.4816778016105656,0.15690262465768812,0.13632874516668303,0.41775536862526863,0.3790511931529783,-0.054317943011581216,-0.012546005760263435,0.12956832530399076,-0.0978487439646526,0.2624375160397263,0.884351393738845,0.43952794519273564,0.1790562696964184,-0.07450008508950179,0.5665639005699001,0.19151162937281074,-0.005199386196999001,-0.11359358335572711,0.18274937311456396,-0.05917438299322142,0.4393359900960785,0.19434458205814575,0.05510119063084473,0.007313793255731005,0.37768378295166394,0.19528196910580187,-0.08725922376992268,0.18627053455294984,0.009623597770633596,0.10967514174952675,0.15072094412493953,0.2143516063739319,0.40807765296885923,0.34850365776198444,-0.11763681778572499,-0.04874288695470408,0.27863312100687954,0.09023704555156375,0.2721801928413434,0.16739973259230356,0.014946754781506533,0.24736745325334653,0.3780391729587349,0.15392687973060104,0.09234090636663894,0.1410600623906455,-0.12318391263434769,-0.17673263411523932,0.4665169402587934,0.45676924933991137,0.02739677756891501,0.47557940385891007,0.21495644248733936,0.12653151419796238,0.07200024185383658,0.023739688486254407,0.08027205828746342,0.2891824328004684,0.2120815513227996,-0.017339526317158405,-0.08053644516561087,0.33484074193005786,0.2946056612899346,-0.016789243747725058,0.49213417498581435,-0.19649967146184755,0.18155464776044505,0.31097999768676443,0.22317717786835112,0.17125645906537845,-0.1956651642574342,-0.10501006739109753,0.1457894626824161,0.2027309538389983,0.26552569983101204,0.05830942416590146,-0.05109029150936806,-0.18930369087962384,0.20442966194111234,0.14381582572422524,0.02040655231641475,-0.01480399049557457,-0.18111350939438353,0.013452835763122728,0.05407383909435537,0.04027466938648905,-0.2553784987820795,0.04892799043196305,-0.055467418533648005,0.16618703852686156,0.10744063953226912,-0.021491587243764765,-0.02263767024359986,-0.18506398049366324,0.16928597686832614,-0.15246782823060556,0.067830644246347,-0.1389240141321606,0.027825799139208574,-0.2005720533401838,0.042338691538296835,0.2560727010677688,0.02497066550876359,0.0638560303747353,0.16621494861310104,0.03207260206211737,-0.22252013953735184,-0.0769241455804146,-0.013843000664186644,-0.04352359437578468,-0.07445324842757806
2018-05-31,0.09442445269540212,0.2987865785879298,0.23733905050339454,0.5621035186104841,0.0889400304139829,-0.02770325983620492,0.1478639092308378,0.5746014534525385,-0.013343103381699417,0.3527230122198446,0.17213212220694807,0.40081643785830545,0.1024116700522677,0.3497321000381539,0.4523179016779979,0.2448753062294784,0.1886996274427113,0.03190196872306239,0.13873388476669102,0.2240246207833303,-0.021079857762974608,0.3271532810457667,0.00502366630034512,0.35303247969321894,-0.017746760314621968,0.17899055013505039,0.039504443633422426,0.46003449009481345,0.13710854058871536,-0.06670765803354373,0.35931165155252054,0.18225300038537884,0.9161097571759216,0.5614436561287885,0.022110811490533733,-0.11775505299777311,-0.1520181020598258,-0.28850283091617146,-0.08404930246163578,0.008239376468141213,0.22130435631726209,-0.13814845891443905,0.25190556935630726,0.3692961038563163,0.3391905826730919,0.03671174262953625,0.14528067665429023,-0.005709699234080601,0.040737089909417934,0.17896948072635732,0.09977573849894439,0.15571284065733515,0.30272084356430295,0.8068464194550868,0.1603067663364457,0.30324371639874625,0.06252307006207158,-0.03336949576559389,0.06593098879143677,-0.1267066835272176,0.40352674695586566,0.12466006632033166,-0.033973251124916115,0.10252955919557638,0.3115508564106235,0.14941153086488046,0.2866649271920789,-0.4686330064828472,0.14485225793783751,0.17288579098916523,0.10412343838911742,0.2185680162089294,0.44568591845968264,0.02554406938400211,-0.0037640979330901825,0.20555346306061284,0.3805639425852303,-0.13482653652378618,-0.02758057697963079,0.07033772273409755,-0.22715236048607423,0.26089180890662034,0.494312267273026,0.2599437403628322,0.1740524266305259,-0.03962764717553291,0.45110407487576665,0.20284939821085368,-0.02606879661007011,-0.3384742106174742,0.11587513266780047,-0.05508620655473517,0.33108341029710786,0.1994673673269558,0.14314600686780898,0.014028726213262344,0.23915862097827967,0.22926704197626901,-0.10090888060348535,0.15246586392184036,0.10424991478246359,0.17746149465778416,-0.008372796092174561,0.19423255538038808,0.3676851864384558,0.23091066500077817,-0.05605445381752172,0.09485344576075483,0.041030451502800824,-0.0071470756494127485,0.10680459514051255,0.12150540390515752,0.0762581462338352,0.19096087855179533,0.3274512368831821,0.006977712568331018,0.12747391429051813,0.15499736444039747,-0.1755243281804869,-0.14097348559306766,0.4120970468755938,0.2802370401799079,-0.03396677118351088,0.46983502827549084,0.3077293898943332,0.27904703494953,0.0468915119741975,0.03999570726851864,0.057371016668904096,0.1697565933699421,0.27792463435662795,-0.08109464246939424,0.007825193470108127,0.2853178923156763,0.35615475612902125,-0.044566796178593715,0.855601028042833,-0.23275225202606808,0.13976851204613516,0.21409153729898955,0.09903939616832713,0.06046783405410561,-0.10429329183587999,-0.11944951858355646,0.13526942708189327,0.030063941521900173,0.4904677533743371,0.06101749758700814,-0.07527443120950539,0.07670566534345213,0.10437338230692417,0.3173330180666991,-0.03196106577213753,-0.02109592108977887,-0.09048400822966673,-0.03962436372474776,0.06641132503040348,0.19228426842163193,-0.12909284902802887,0.06695092371764644,-0.06923581820733005,0.16107832341702144,0.37546738895071297,0.050067991121756084,-0.03204483532797686,-0.1855232134675876,0.0489366929287971,-0.06054526075076894,0.06523112291780375,-0.13690946795313863,0.01800574300146085,-0.18130001773586757,0.05519447816817835,0.3006755726048391,0.0004919128187608202,0.06864927425449974,0.1575464404909619,0.007553196973944409,-0.23632871222393392,-0.08759675996803928,-0.0021000936513413393,0.036901905849037187,-0.04911614772320516
2018-06-30,0.3176976140996013,0.2913221196049087,0.28263291308164984,0.7624433998618252,0.241373312583111,0.10016026008411294,0.07333029065289498,0.6834917404713359,0.10925351255253557,0.21777143101218832,0.13083783610418598,0.4462324641674429,0.2541788616630085,0.49341803024920416,0.41079979340545125,0.23743621866464615,0.18208410907919426,0.18320281399532878,0.03113201617759409,0.24342530653322791,-0.042662237160404515,0.5332438128343868,-0.07175323350188823,0.19631383149682846,-0.01709620480134577,0.19857864253048407,0.06150800315470217,0.5754196589261502,0.06387576241413484,-0.04822258391830425,0.4619119610509945,0.20713709984819562,1.3532561330111736,0.7494514317029548,-0.05344552436210681,-0.10516105354949123,-0.13303749197520487,-0.3020342122217011,0.09367204450705491,0.046177413229299136,0.19654792548347433,-0.2126046893055208,0.4900010473551246,0.31620325341489863,0.40330552016922727,0.0016878248295604248,0.11685872998887015,0.04646128693208462,0.26915135220637665,0.2897385060880413,0.06313840421608652,0.14988891592525921,0.1844090449465292,0.8190064094427709,0.12745121449068653,0.2855302936814441,0.09632035145858198,-0.08737554641313161,0.012063988966511952,-0.1299478441534493,0.3503019357658008,0.22508794372275243,-0.035587929945313124,0.08381171400215237,0.18863611805692537,0.22405604885814445,0.15376870641540208,-0.4654807941010942,-0.028419773692168193,0.19086178782816643,0.13194837407236748,0.08516013413185197,0.47429353590686096,0.01829650415043771,0.2686423847035493,0.4124300549775055,0.41690104030423414,-0.07616248885966204,-0.005222727308286101,0.05008256577988912,-0.22854034792316535,0.1472323218747884,0.9286668146230679,0.28785847830131184,0.2711784854345636,0.00919626076577118,0.43816199397884836,0.12073339120788629,0.04575422458787659,-0.38852468470458845,0.09057463093671725,-0.014068672566371676,0.36695499011910004,0.26527975178130525,0.27390168235463563,-0.02051341740122714,0.19500276119325233,0.18626169259366798,-0.1416990542174923,0.07582666625979373,0.08328422510133904,0.09224351631948458,-0.030848155302754865,0.15831115699732745,0.46179799761868656,0.14529392901844362,-0.04926002550545827,0.202870759102316,0.23827079188163647,0.016719789366669735,0.16128213315390316,0.18770345504472852,0.09902348498941715,0.25766273293772146,0.41108413251820086,0.03520899514263576,0.25881132175622024,0.28986500480535593,-0.19906483634437322,0.06495659984576219,0.40196962275325654,0.36463036954418127,-0.12939534930788654,0.5511901753358199,0.2288925426339301,0.3788571110704946,0.18972022161196422,-0.02665967365006605,0.0863926095971903,0.19828156536037822,0.37700259605437125,-0.008083461944480175,0.06693616642233047,0.1640918150988071,0.4483621419688404,-0.026921929679342593,0.8602151078088052,-0.18523484060609874,0.1460481233323594,0.12127795608879532,0.05081388004916265,0.06167689731644255,-0.14643042053730104,-0.11661015147443599,0.2687464450547392,0.06912633758678854,0.5653742609551098,0.05595293053758654,-0.023964329210827695,0.3070588780440544,0.08018331655370181,0.3102736149938474,-0.056292060314439674,-0.003776209124053187,-0.11842803998123497,-0.04999588450242387,0.19916858826819506,0.1794387439241394,-0.10091943303096162,0.24945174873597376,-0.07894610086219356,0.21115974198472598,0.45729524550142453,0.039271499417010025,-0.03249698499161369,-0.1810641938686588,0.0477589151120279,-0.08319934604154011,0.10778337335667554,-0.10701191606406535,0.027951624188330193,-0.1742879371838868,0.10237316824724974,0.3528578807201872,-0.021856266798125246,0.06393293222842278,0.07178242879934227,-0.06715211692066547,-0.2671868766839679,-0.07041373746188384,-0.012703346403170057,0.025981353274092234,-0.09526371159013913
2018-07-31,0.2639517750207836,0.2581909700157028,0.29352568401971224,0.6643456100489469,0.05271593806384778,0.10139604329555385,0.0886178915479785,0.7208284834436931,0.02236850149024261,0.18898850132500633,0.06675425841169425,0.20932915373608796,0.3339708681793505,0.5022024123886866,0.4014966925498815,0.2026191628363272,0.21873949534554127,0.19427820808309115,-0.008434558664928482,0.33344538074024044,0.006355212340332761,0.5001514059256642,-0.06145717042895782,0.15347837642843976,-0.010354265062024082,0.24177252405426053,0.06048907325232222,0.5447209002342852,0.035038839218788365,-0.018801362381941633,0.3828768365388353,0.17440275079509848,1.154739665711067,0.46186411967833774,-0.10695170984200775,-0.037551834587623345,-0.11938121517626044,-0.27692879332769116,0.09634119758094917,0.07922450079023302,0.18379901239560992,0.060221936909079954,0.37922483774771343,0.2971049459484094,0.3393299105338796,0.056621318284897804,0.09649518601502449,0.07484143044842728,0.23933823991350045,0.1523726831628609,0.0005692055298387455,0.12445413925044968,0.16269004886415117,0.4134355641786853,-0.0006951094569564997,0.19569695535993037,0.22839968940741584,-0.11444211751861133,-0.020572323072222787,-0.0874184344114255,0.3934098192362525,0.10913380221524793,-0.029356161283294324,0.07824811923607555,0.2952418188165844,0.19488161502895962,0.101514592716893,-0.45024190143236353,-0.04243814978397342,0.28577885114399315,0.0794880581560633,0.11609604103399773,0.5298957100354629,0.005012384785680002,0.1348685495195514,0.09851925946464779,0.3097199505937225,-0.0485435285960194,0.03735636036954104,0.06567974646645824,-0.08796275673517984,0.024971891815556813,0.8648648141352082,0.1857245913169876,0.36708745511795615,-0.014693492829946031,0.2816915961234141,0.11138864065050824,0.1466109508309883,-0.29825882404051995,0.21958464533163613,0.015831904265364738,0.34135330468284986,0.161546797890602,0.377961968766243,-0.03005553239910841,0.11948358921436242,0.10315986777593555,-0.17169232535798595,0.020843508893807927,0.0022445315953731892,0.0304059861807926,-0.008806311086724583,0.08565510815772215,0.38743704344536467,0.15004656958065077,-0.038905362151193,0.42591206255255876,0.20798338151041795,-0.013034490940376009,0.2638479173799766,0.15004813224309177,0.03721285817513431,0.14355855816449914,0.18386701074444,-0.03874974045703994,0.1374689463146348,0.3092634485833554,-0.11419698568429992,0.18434994816421502,0.28330622013311535,0.22878735104772852,-0.1682800976086053,0.2870719681847522,0.36641382488379626,0.30251573073146787,0.21032044744002465,-0.06500336424131359,-0.04604686281257586,0.19220785489822623,0.5479848905806508,-0.07637283305583453,0.006842817629106657,0.1443675823450683,0.39563972709303163,0.04246358946554296,0.6638107843275729,-0.09637906744669489,0.10620909512034471,0.049552740772838,0.04103078284973005,0.07964192623869226,-0.038703233729021735,-0.07557020422772498,0.22454697010435276,0.11397137139739244,0.557405764332749,0.05134715654616473,0.0018346121220527145,0.32909933330368446,0.014833633796108803,0.3142559540413925,-0.026645019372474876,-0.03262511059612094,-0.13188135595247907,-0.05840575202421394,0.17699707124405273,0.07931594877863968,-0.11225285527990081,0.2519363866757034,-5.436403029279724e-05,0.02605814531704742,0.41269885162936104,0.12664768003143867,-0.01499048883191012,-0.10749441969459472,0.1161784687087497,-0.106745048975312,0.1190149365354567,-0.17571139843369465,0.05380577957003507,-0.08925499610595866,0.1405098031793628,0.30800128804592597,-0.019588833937338568,0.06909116930951376,0.044320980362678286,0.001729544313942455,-0.2150642657585966,0.1456113459930417,-0.010220377885279186,0.11735836220180995,-0.11897137039565453
2018-08-31,0.17373234320840902,0.31120903548179957,0.24115018756689954,0.5769527384687281,0.08591614047895613,0.40999999413123467,0.1302720434367084,0.8126046065796719,-0.08562234733533725,0.30829377058164575,0.09223885580309887,0.2507993276126075,0.40734553296538234,0.436275985646561,0.3553766595203669,0.20649743561220513,0.23759499499923153,0.2847242575018325,0.07128485074880286,0.3396317830360551,0.04496078494399014,0.4574158270190065,0.021232364640684676,0.2922040522646203,0.05884595989432295,0.3013896376901526,0.24080239429295935,0.4940169895525286,0.0032806056345984214,0.06510417069497354,0.4387838409508482,0.13594441838420002,0.9314863279211549,0.44791065327168944,-0.03749836142394569,0.0172515081056972,-0.09375563195368053,-0.2285900848152198,0.26011956539173564,0.1534102948683551,0.25717940977930276,-0.16229282806120793,0.37597351515581856,0.2910441895830702,0.32767866715327676,0.14492435250189928,0.16310412529252405,0.09980217252216517,0.17299730142329994,0.2951724050378619,0.042566412028256284,0.1591385243741561,0.17298924591001863,0.5095526851031094,0.09537380079204305,0.21886323115742345,0.21996375829800519,0.008815061753024711,-0.014271388036485755,-0.042938615729381735,0.31841620892099654,0.27109599397122697,-0.033202039747355805,0.06787101100487458,0.30766924129666173,0.2511892342107873,0.15743552247026327,-0.4256619665717566,-0.04371909557426079,0.5900953198996683,0.17208942987887155,0.15693879043896009,0.517483397369537,0.06395722505411827,0.2763747668326344,0.1639875287526753,0.28672479602628176,0.08987667052347725,0.14543033101446845,0.08747848545696568,-0.034273064462723046,0.13360505481192742,0.6512353973439493,0.11518202833273317,0.4227233660938514,0.01296902848778303,0.31851096480182894,0.06552252914993884,0.1022046622767736,-0.25938821609582097,0.307685310990256,0.04623911691542282,0.3087774058020418,0.1684733203422959,0.3632555068281498,0.05861099023896377,0.09038252380989942,0.14673358398565428,-0.06660066508880014,0.06541655605766117,0.056261049077425795,0.04173446795991187,-0.0028499352939649336,0.20056954599509025,0.5311337328100403,0.15980211197263494,0.14025399902898705,0.2750301095724612,0.05967067598267928,0.187938780502231,0.2532993642014376,0.15149325191230334,-0.029637265535288004,0.3713120375117913,0.12271085389000813,0.009358584664882041,0.07767952390230937,0.5758219405355842,-0.04356193446387502,0.34634990103249974,0.3640626942951961,0.24397324633400808,-0.15299828942807214,0.57075149334331,0.4697032474732097,0.353891101156274,0.24987513368662984,0.01948549998692517,0.06301406535690957,0.31666136168095305,0.5114196458083848,-0.029709964700045166,0.09548611942190721,0.05926442938471421,0.5201710458280091,0.17784113322410056,0.7810207786904801,-0.10635144602760183,0.19287243393062248,0.04535177244835498,0.02952980754038048,0.0222407817791348,0.2117923512279849,-0.02548833160373276,0.40781371584495796,0.06207204420651968,0.6845709938879054,0.07081666277088017,0.06254693727446003,0.44362289816103817,-0.07417689060506538,0.5267790666743712,-0.04717947348238427,0.007270732629016008,-0.2017404854504632,-0.06817449876222959,0.05050114507009762,0.10655437589876215,-0.045225861404643686,0.3696381378298226,-0.01746068427194003,-0.03242347006081736,0.46984602958912824,0.16553809758908522,0.02547112666847995,-0.13049958459121114,0.07515810369539966,0.04783226107225169,0.0672622639804128,-0.18010463462056503,0.01905110219445283,-0.07390823449837058,0.12685701333085908,0.2909112490270349,0.023159729659605333,0.03747614847323999,0.027199760426101394,0.07356551895546781,-0.22735917292019536,0.3464203358773168,0.0037443528136296145,0.18396777320099922,-0.07750711952908051
2018-09-30,0.49929753890715034,0.2765709504786087,0.27499715686870996,0.7663897486462656,-0.16407620188388505,0.9741176530426623,0.10298382741279899,1.0936286640794366,-0.06525592421802318,0.23542858873457573,0.1385554924813095,0.13782216684201565,0.4347482203511146,0.634339729506816,0.4663628484745115,0.04663908693373853,0.21281909207040695,0.2650452927618816,0.015506746007422523,0.2540971948206643,0.052462112074439515,0.5584913756887189,0.06383894451051231,0.22573939843558888,0.016125721976480545,0.1558330701891193,0.26774651696866614,0.5355146284243522,0.06142838130543149,0.09819748181447507,0.5351657632442266,0.1922240416487746,1.027460771565896,0.5739626840260001,0.02082932842217433,0.02903732230148992,-0.05738383063876229,-0.2735642709541083,0.36216269359757436,0.16033824813924547,0.266728566001849,-0.11562592447486486,0.28362059347602364,0.3848055308314142,0.4050288682665679,0.09016495667278934,0.25565662707204106,0.01755927968732185,0.1702919629367976,0.3640636904184156,0.009764109959376377,0.12868582085145275,0.1889235460238976,0.37595477068247907,0.06594308181683872,0.08846318992494395,0.21906072267000565,-0.036119097340801654,0.007723273530878094,-0.06726229917909343,0.33543271485029136,0.15963571940553267,0.012532969669445393,0.18040561656430176,0.4075804114624877,0.25618352589209037,0.08882551254788562,-0.4518703189773763,-0.044601717796942664,0.701015484873325,0.14473705784540836,0.11986531155800262,0.6063029211847295,-0.04694463688394579,0.12377831625841296,-0.05453612215348225,0.2921137092860209,0.06747488270061797,0.2612357252339168,0.028563704296039827,-0.04737542570969966,0.03413262057472166,0.33536728658799664,0.05228691963478438,0.3400983721418551,0.07081589519190046,0.4242895111638523,0.08179526195541809,0.022486398470682234,-0.09028896149108678,0.283398322283561,-0.0625597325421745,0.33811079651179354,0.2035173164367965,0.5173694813136038,0.02766987157412104,0.21283874006394776,0.16203892819594778,-0.11907990263765666,0.11427553341414698,0.1289281928548789,0.0018365825439912165,-0.02486069664280466,0.19102377149686833,0.495049237862925,0.0917948688271013,0.15480210381510284,1.95074604500953,-0.03938685971678013,0.10972460235654968,0.31954989156851776,0.20012389575848522,-0.15571285956872338,0.3160085692314245,0.006393324391302357,-0.0428847153070524,-0.08200524992238367,0.6338027160035145,0.008620017813163905,0.6018707974131061,0.24845355871320174,0.1598843861201058,-0.1535206848891547,0.5042515297320647,0.6038154119337,0.2533395199506694,0.2616564302776305,-0.022503164988153634,0.019573152780117953,0.23315513593075954,0.4947677963641881,0.018156489709956425,-0.07440801079282577,0.05609936427566509,0.5354821843779678,0.15355735079614963,0.5812991102975518,0.005763247069169308,0.1803194352542783,0.20063833125481145,0.061442039239986146,0.10839512610104185,-0.020835444729154773,0.054229764524716506,0.4638645756728679,0.17447328868341017,0.49515297407663406,0.06690667160580732,0.07934456730805528,0.17563491356084993,-0.10010390456249485,0.22992292689849325,-0.001954910354689532,0.05423198333951684,-0.2161847842342821,-0.007676770976543956,-0.037654915128543354,-0.1231098946629805,-0.04208872309276113,0.3859023350107096,0.00567525427018345,-0.16498821933927188,0.284311287834373,0.19283742220095834,0.08730536018925439,-0.040575335840159266,0.05548123450332376,0.02218598494951185,0.11965555934672811,-0.29271145117844166,0.09597173308399753,-0.1463348737693938,0.18582987518291372,0.16075618129642755,-0.06814249400610817,0.06344875943083883,-0.025006047671198406,0.03411213662429091,-0.18249842433398666,0.34671391654635864,-0.05095053558589868,0.1454131938791794,-0.10974582883221184
2018-10-31,0.35561533974609283,0.37190839856154145,0.20611083861740953,0.5411624033062683,-0.30674984005355876,1.8107370366674336,0.21761215461946182,0.8122105102143791,-0.02503967204078572,0.09390428529605344,0.14534073935010983,0.14074481265127714,0.47432427065744087,0.5539377774585181,0.4580368471980063,0.09539971363595523,0.18500900804470466,0.1684735967844564,-0.0633312001581201,0.27662126762291384,0.023119619178185724,0.5157036764204672,0.017740500600956333,0.13927587772899264,0.039611874633158184,0.12311477726092512,0.34423855611507137,0.5027158881335503,0.027449699903606906,0.32915247271937154,0.3997503322555491,0.1101600843576811,0.9046479085630079,0.3622069789095461,0.025126842703187435,0.046877321669311245,-0.010786253809748625,-0.18179914882163195,0.4644301185100925,0.19394077823402878,0.26310332896123856,-0.20136940421803506,0.1287023087566843,0.28282900688925605,0.37376316568344614,-0.037472256972453155,0.10091778498475401,0.06138051070528716,0.0331345980337685,0.3230166974564912,0.0839190442748432,0.07581470655478229,0.12700998870356517,0.47098681729783287,0.03767869904235499,0.023602524999741137,0.3681592336552282,-0.09503532401939963,0.05617307536884253,-0.03296225674110098,0.29196929270247685,0.15099983935455086,-0.05225051702687333,0.21369572473081422,0.32617470934664317,0.2222195300549603,0.07646887710736316,-0.4209333910891798,0.060992044133794554,0.8564622122427024,0.17745860496711896,0.14697848297460725,0.5291985617567216,-0.07808559352658839,-0.0425445133039134,-0.2597497228853871,0.18630927326214985,0.0598942210010216,0.24292652510449897,0.03646255579441737,-0.018082605824989773,-0.054471104548863836,0.020762785369070613,0.08927816842390546,0.4001211232149362,0.10834353151660636,0.4912360687105042,0.0803580370769601,0.01090749469949115,0.003526981311762656,0.16192497808150752,-0.12114146259327574,0.26146414771413395,0.16050045458564965,0.6326822233633334,-0.0047215705308406575,0.3180606655578664,0.14764593346704902,-0.1567579093247734,0.07083758991283573,0.13363920107515548,0.0047969029660868134,0.027279024760937798,0.0479380761615853,0.34175637152465477,0.02955288666041911,0.21488885146444292,2.180786955822465,0.007441600715712315,0.11091453894118031,0.7030225252586086,0.12302799461200808,-0.2061953524685095,0.26131868585207707,0.0013605566294565552,0.022035005323969292,-0.1857087269125367,0.5024373016378059,0.04658776284123256,0.4345630262691209,0.23383515703034163,0.11743582300778876,-0.02838437876990829,0.37228147548040447,0.5585963950657307,0.31616827170388295,0.18313422140402746,-0.017504110786102367,0.02355118029626646,0.15257163928243012,0.5764911187513295,0.06042191207532355,-0.019120824289371452,-0.004308845543458784,0.5471552888965305,0.17861832824941448,0.4879871583197479,0.01781143227283888,0.12332555726608341,0.24201335095491427,0.04402634235309133,0.03312553444738375,0.17199504898964957,0.03372738873337866,0.4240411292378998,0.08074576296433933,0.5338924525192501,0.061436298665922706,-0.015957163083345605,0.09020177603716051,-0.12274164977956137,0.283257916500931,-0.04613097567786684,0.01875827073081404,-0.2911636035052295,-0.03024980341695671,-0.05395185970725791,-0.036108466989599575,0.009182170453288618,0.4556153026270269,0.0077864414575326,-0.1529807528155519,0.3272751454982845,0.19403092320248305,0.06959972162057149,-0.08206219591468866,-0.006988066078299826,0.000586776397037525,0.05184356972828397,-0.28276976404141796,0.044407185570844776,-0.12240694297213661,0.05873563729279563,0.11137788245565816,-0.11144095888037941,0.008152293563082447,-0.03358812647799059,-0.04565292433923307,-0.17642074606372127,0.23959368716248486,-0.07879419625651218,0.105025605390769,-0.10911925067349204
2018-11-30,0.2881780016792612,0.2454043837764126,0.08414472521031913,0.3542733942451657,-0.37041256389465504,0.6721761717517474,0.12193403369625155,0.3579858995436822,-0.16145205172626143,-0.01136162799505136,0.06357185960142764,-0.12126561306028305,0.24969390896171495,0.315567680874989,0.26381972561098466,-0.03491646434733986,0.060012588482249773,0.05251071261120632,-0.08111401561432285,-0.005755032832532869,-0.22625288638112961,0.35385828765916605,0.025458680813611245,0.06695057501433754,0.07378990371073324,0.09764303600647262,0.3068090728766468,0.3208118672751923,0.048254697056275164,0.37468703172666395,0.28539429468439703,0.11408897425340903,0.6088069319384206,0.052299480492474126,0.01152278623991343,-0.011356147615198098,0.020174509454011336,-0.1000192951301141,-0.025081087051490036,0.0397335097798186,0.21584013137953506,0.09218070437578563,-0.021082533669642856,0.15716692585749015,0.23030289502210155,-0.03762307323208769,0.055652553734249155,-0.013695344417878563,-0.013470650110917082,0.2851316493351259,0.12888192019321765,-0.027984226353023445,0.06668514040608908,0.30116144264473843,0.07752458198256451,-0.1606301544640465,0.3751901995959004,-0.16132571951962715,0.010058873307495775,-0.15802924041929567,0.27581937139599355,-0.08050198603293868,-0.04040751033561518,0.13971275109386627,0.18738499274049447,0.06858183570328857,-0.038999546313358446,-0.4290043613048673,-0.060839750972229156,0.5858627310987743,-0.016742521364927265,0.09155802571086591,0.30366709044560003,-0.22928847495211557,-0.08754406149056737,-0.25000292518121914,-0.034281382549505746,-0.000705561831063295,0.11264740838159826,0.02906977046297654,0.0025698512929470674,-0.09569408948576419,-0.11016747492672163,-0.1356509017754992,0.2284238069434057,0.13932921323884417,0.3384763962767192,0.001850787279562116,0.0017864116107939587,-0.06251036717348368,-0.008591628626949621,-0.0849223004671753,0.1102130145897382,0.051850289899905144,0.47282361569656217,-0.028652159289295098,0.17444046433505078,-0.00017396948279202462,-0.2953112444164474,-0.05399690978634364,-0.05556080227211346,-0.11795029507367849,-0.1786865682362454,-0.016767296029945644,0.15517038717478915,-0.03752101791659834,0.11318645966155638,1.2722916922644627,-0.1445229575085034,-0.06250102568781324,0.25938571785118225,0.07789471864579656,-0.18238659950517178,0.009835021803232369,-0.15513076976254825,-0.15197054896540474,-0.11734948173215776,0.3561792094540688,-0.09758115663665623,0.1673290122472153,0.04119487208305728,-0.07171971366741892,-0.1491210511201565,0.14579814598582064,0.2564456253378462,0.3132108762634753,0.005746184180240421,-0.16231816906648655,-0.18109181006176311,0.06501616241226404,0.31237326438140633,0.02563813477558896,-0.15873579957776274,-0.07588333814741288,0.4309241226856648,0.11770620599099901,0.08863311358619685,0.024506489731210168,0.1054636730904821,0.0975602789491874,-0.05583970315503306,0.10585424636952534,-0.07469028681418954,0.0008013759798453091,0.0057133003328024845,0.0003010061387702656,0.398469755308934,0.023552458822334144,-0.08314963916683693,-0.15302377293715708,-0.16267647372996774,0.03612888694036309,-0.17066930487101395,0.005347744770364704,-0.4290024928370295,0.047369653756692776,-0.1665241968065727,-0.1562832747849563,0.030772680064080182,0.16329481062021722,-0.008369868036651629,-0.15224557368282032,-0.007758080359230979,0.17683666888619154,0.03085109221579785,-0.03956637965785714,-0.03793678448548654,-0.12161151787539781,0.041377189650132484,-0.25191003300754733,0.01604025425823985,-0.1490659078456671,0.008990246565541371,-0.05050499855573343,-0.17764330208738877,-0.01632885754480584,-0.2070093695979388,-0.08932338897309489,-0.1235657419422983,0.18257459442335788,-0.31886530929597134,0.043815629131718214,-0.17896154096334993
2018-12-31,0.07109283218881846,0.32130877679017744,0.09405394383130616,0.43169362888108,-0.2589772505708364,1.0719844154027314,0.23271616781425153,0.4452444296977449,-0.042616159792915,-0.025697629502956287,0.10099891105423908,-0.1197847962794294,0.2556778006043603,0.39645895624165006,0.2878567784017405,-0.013269639619437057,0.1857506738430339,0.053398589259465945,-0.24118086170429076,-0.027093954416121502,-0.15336316463609478,0.371623159364898,0.0799054635969918,0.06356279622713146,0.1365121519626622,0.044467695263720186,0.43998919288157534,0.3356302865052394,0.12296102322080271,0.44308897942907643,0.3187944488018848,0.19492158968031315,0.4905710639420875,-0.15304390539135926,0.04788548779874957,0.042331705063716196,0.06487758552186307,-0.1485383134904149,-0.06412668077644923,-0.02346422147824334,0.31724302935341697,0.12567853385504058,-0.01914018779652915,0.2934508637790805,0.25113325425831445,-0.07918602548930287,0.006836894440870989,-0.010106603766715017,0.05339977960784181,0.27731150163857965,0.2488254457617658,0.0008448213063978471,0.14696080252886357,0.19889368980575406,0.08870147436329923,-0.15231524484049808,0.519564210477722,-0.06983209204664609,0.1001626225791934,-0.13760711441625462,0.3175077713442369,0.0029894706178732466,0.10241294068295348,0.20615456745875305,0.3011995017560809,-0.004122769304080065,-0.07552954090731334,-0.5586300899700196,0.027362985643075044,0.6588191686147669,0.018916297518276393,0.1691791022832394,0.45467745811839966,-0.15182562296533497,-0.0362018008381485,-0.1345383139575861,0.0892819195124428,0.06874469786683468,0.2218888458800592,0.11064368463051855,-0.20435571336001856,-0.13525683965835855,-0.06225671240806174,-0.13994682647424384,0.2013724890709112,0.174679085454587,0.20201982113362704,0.06717896369263165,0.05024617442036483,-0.027423070904979974,0.042997634365697035,0.03720858166898311,0.09080838107826983,0.14276113862037487,0.29868965324541064,0.035919971091336045,0.20639258340991073,0.06622478792168285,-0.261112491284618,-0.13130822217214355,0.04755624681599646,-0.028155256080760194,-0.10415643599281299,-0.08369666480014948,0.21620846998930432,0.013656106704229343,0.08286064364967594,1.258058855481798,-0.19979067732086686,-0.009233049948918048,0.43740576215255755,0.21713063461991178,-0.1924376186134117,0.11507731373005514,-0.36427556416252527,-0.07491387950707484,-0.04631734699367096,0.30297984489467766,-0.01711425594907312,0.1009296400391071,0.02580034079089888,-0.1422280475853155,-0.19311791372351583,0.013305160515995507,0.2145263572698679,0.21003620366251496,0.0743887122693303,-0.10947029514790818,-0.12325221750674231,0.15583160754485226,0.10018703902908532,0.18869436625525737,-0.3157066772683478,-0.1324090843683169,0.12383434681642314,0.17860274962515565,-0.1018916626638745,0.2016045927299952,0.10954462782040508,0.1498052394905065,0.0876583477924342,0.1719193374201491,-0.14866894122893015,0.09649231418376569,0.1499559792211438,0.06577053321008153,0.2273166526112953,0.06119220491169086,0.0381146139839621,-0.3434216090691189,-0.20906227763968843,-0.03647876709690434,-0.13027805608625287,0.14637030881459778,-0.39400988857844654,0.11374864953597696,-0.1207397264465242,-0.34898230428616717,-0.01425658624234416,0.03419549501059649,0.07064886238084189,-0.12766783461583453,-0.016053004475541366,0.1335845303062222,0.1446468830997849,0.10599864353490451,0.02789999131183407,-0.13815022693474277,0.19111845026494145,-0.23913834267964906,0.13573040401062886,-0.13545028330283726,0.160241252733186,0.005608417095880114,-0.17280730300602698,0.09977825042862554,-0.1731192704074207,-0.048166142199520534,0.033245962028278564,0.2883626739664469,-0.25058810680732235,0.11618854133166723,-0.1286366525180509
2019-01-31,-0.043730258419041435,0.17929567613395503,-0.1066925510586676,0.13255912952791937,-0.3796779353245491,0.3435225176113943,0.07707784869250522,0.03520598770391237,0.07327693932387036,-0.21584325833325602,-0.04757912106871598,-0.20560408339307568,0.056331987255197724,0.20244067237735064,0.06683639466811653,-0.09862609984930237,0.024653572623957842,-0.11610354947711843,-0.36783359977033026,-0.1254214618055427,-0.2742118437395572,0.17991481137332221,-0.040811133708029024,-0.14118580273636938,0.02936931851958202,-0.013323442766038696,0.45645288446178345,0.12056534182927048,0.06384850143320975,0.32914815390066887,0.0875518412443661,0.12694673645848442,-0.009766923132017435,-0.4553598345539914,-0.11420790442039674,-0.051135602296561555,0.09381180896357488,-0.34278963972579646,-0.1331627432460668,-0.21113245175415918,0.0015499360637463155,-0.060709549200131274,-0.12083018977765803,0.06630411608024955,0.06913892605474725,-0.27901763154483894,-0.10543179543945691,-0.18652972878897156,-0.0469013110922919,0.08303161187299701,0.03363127214486328,-0.022940087689012234,-0.030504314753361017,-0.07207293665159642,-0.09917623018472621,-0.2831157614564477,0.2639485446984029,-0.15432614519731913,-0.08824519919001594,-0.18298261870064236,0.2574808380501361,-0.08678173559132518,0.1509236673041161,0.08247404079333642,0.07225796564753306,-0.14971577493726085,-0.3789430431211275,-0.5185849663557528,-0.22991166921587036,0.24492985997308603,-0.11891490358795942,0.03306092163078933,0.10945861468349594,-0.251623693479333,-0.16259327933726564,-0.27341557376747316,-0.12508066614492264,-0.07718045658763284,0.0774575160124833,-0.031196943906637853,-0.2603396916408326,-0.2864407489575115,-0.27424526704868957,-0.2695391838416711,0.010500342477780755,0.23777988810991957,0.13883950554620017,-0.07112335838859485,0.07427362810584404,0.018682601332661086,-0.04869045190923993,0.026062796526589604,-0.051755394762720064,-0.03510009767057598,0.13226327683868289,-0.17820836773174709,-0.006951449854754821,0.05697125601349873,-0.36702974315993686,-0.14680106493284373,-0.1348149405134912,-0.15663630324701294,-0.15288214200038597,-0.2602007013684092,0.008668435954096942,-0.17726147147205773,0.025018574601176846,1.058419269438291,-0.37846570756006437,-0.1680813735877601,0.21006481580011593,0.21093882864463387,-0.2704783638359247,-0.027323623704143096,-0.4662636690972569,-0.2835882138808832,-0.17900531794681152,-0.005453320414268492,0.010045388040646586,-0.07708495842630014,-0.1412482972257587,-0.2542628520904803,-0.3388620977642989,-0.1259183137916149,0.09905542256932054,-0.047245239024353625,-0.020451137782476314,-0.1927070817983937,-0.246897725790313,-0.04597147959024406,0.020593550498475555,0.15988234852013883,-0.4931454709912808,-0.2577073570341877,-0.09202973388606095,-0.01594077175838382,-0.1929570784161192,0.22616120218003544,0.02784057078247426,0.10569014542052235,-0.07278619223575267,0.09463981066153693,-0.40463859849349226,0.05747908290339754,-0.10176767757251337,0.0016445954609467517,0.07921600361551162,0.05313105000473706,-0.013128063460796313,-0.45047818859283906,-0.3082801112719932,-0.2378894811664578,-0.20758370894223555,0.10833204980516009,-0.35854110435943165,0.08602394177183115,-0.18092486636654015,-0.49607601114021627,-0.11336671956957045,-0.10521531739165702,0.032977650240684664,-0.1307413768501835,-0.14568290660648364,0.07807201647927431,0.11279360930763804,0.10912868808870368,-0.12504061331825267,-0.2605817118860856,0.18743747573085034,-0.29962956284537634,0.1442164393108003,-0.12345159125665128,0.13391317521309842,-0.15391530022246402,-0.3337851809472472,0.08804433374583076,-0.31724866505053817,-0.12429686180010402,-0.0581141116344287,0.14620800468224293,-0.2523872208361857,0.008438271487423599,-0.18646384944985916
2019-02-28,-0.055396431966894255,0.2316713894506397,-0.029123328982546104,0.18500454998356863,-0.3117218536660974,1.0156895573446905,0.040230472824381414,0.1363880237191475,0.13945461881462795,-0.09677803556641906,-0.008011600803855434,-0.1180177770512787,0.13307072190552804,0.30726863877528454,0.08845451549807581,0.053427903400140364,0.14160974163687357,0.019901754735845323,-0.23867360180943664,0.029667523966157017,-0.10716652773548296,0.304693302502437,0.04573378191982358,-0.08071076829061186,0.15212054883381088,0.11155747783274461,0.5835421080066154,0.2079449532273634,0.15478137255504554,0.41481665382072075,0.1276641493564905,0.19963825336976515,0.16514517791272243,-0.4047043503637915,0.0073208676262348504,0.06088668989940671,0.2722670133686853,-0.21789888686325065,-0.21475113708320626,-0.10898799727461472,0.1813340771365033,-0.10505448503254489,-0.04466550774710998,0.21084039633855234,0.10357410969761349,-0.13552384529033112,0.08992944102304912,-0.002582534247145385,0.11885694689665738,0.23829133803855318,0.12849412360857415,0.05086448281363998,0.06916190856750482,0.08019401752893174,-0.09893129445061177,-0.22543715338867876,0.39948647122383973,-0.041656708837264356,0.020248419717723953,-0.037859816902068744,0.12546167117047102,0.038645412706680426,0.20538030640877314,0.2263603168865087,0.3026175535480651,-0.059417096463864616,-0.2718453677588146,-0.26561951355566016,-0.08256181404993312,0.4167242169887233,0.007207818734487281,0.0636184882099089,0.22790481091445192,-0.12744373339724535,-0.03912846195926445,-0.09674769305663933,-0.04242165912106588,0.07858745958683677,0.12564893083358752,0.08319689077276604,-0.17417658500315192,-0.22608425028485657,-0.21696374417627795,-0.20044899382650871,0.22378603960294519,0.45709026413394493,0.16863474591460537,0.17389441833641062,0.13558919042854534,0.33962673228717444,0.05628411556803803,0.17396909439287733,0.007038024225987538,0.10802485468819034,0.21755927239729833,-0.03297733005137149,0.14985246681767062,0.09178197313132519,-0.22599936124976938,-0.028674171814017657,0.15498809667627778,-0.06311135987789507,-0.2331749338088478,-0.16634829280703123,0.11129299293988226,-0.14349513406082548,0.09818157051313237,1.5121125812712632,-0.25432495299057223,-0.03868100095179683,0.2749307956507485,0.32082467775242773,-0.11722171728081576,0.13774156448429342,-0.36551852596077994,-0.21540704398534227,0.032178894452405515,0.1364631930502136,0.041473044191853825,0.059626789842650796,-0.0028621822855469103,-0.1810081204737427,-0.13330668615626273,0.05410781524657682,0.23534183777828832,0.2013671854186332,0.12434302926807694,-0.039478822091124965,-0.06413270412057503,0.03600562234883653,0.192237381431414,0.2144222251330683,-0.30868714861044944,-0.18558208095352502,-0.00781752321698237,0.14993430229638394,-0.0057009788984359044,0.5391518821593382,0.13200511869867193,0.1696423142212533,0.11903944471351968,0.26786341796019575,-0.0141859320535076,0.28016039161458584,-0.0746926854891542,0.10595233014266814,0.2619336606024072,0.2592304697811392,0.11621957665601501,-0.1236046859899067,-0.21488568551189746,-0.014837156263716622,0.022043229554350896,0.3348744872990044,-0.2869898866747115,0.2502336139678818,0.028452038754094744,-0.31221126094492047,0.17106221218906348,0.09456332180914995,0.22697911662771109,-0.0925426020623169,0.062239167853932464,0.22835217871224311,0.3461639111063395,0.4140975308417989,0.12988663951491008,0.021150651501843365,0.3164180453511689,-0.1848467837376394,0.2655565695750821,0.17082254100939842,0.2137382299767545,0.013106458749529537,-0.18077572026407085,0.18760344151835384,-0.1867859941100677,-0.04996396863195862,0.15832583287485713,0.17662868713421864,-0.052766131389409665,0.2275617284463216,0.03217326668779297
2019-03-31,0.047720754569436696,0.3189436078179131,0.07030676613105391,0.21482783124575988,-0.29713562015641237,1.3412935562267863,0.1479293506370194,0.1329957649146516,0.20564526859210908,-0.011184907600526817,0.009123758588328146,-0.045582160880125455,0.17306494237508074,0.4071365820527528,0.2440772809409526,0.08913966611974478,0.30343083257112236,0.08620819105519795,-0.2072807323164002,0.0561615999129943,-0.05731580441439954,0.4380383185178085,0.0954198394235175,-0.02646035412439851,0.07063518795010193,0.21931088045391567,0.6699467656429987,0.2903880177535272,0.205418099167463,0.5247896770645442,0.24817541623161743,0.1799292779938444,0.21245984622643332,-0.3317774071460966,0.15785007088071512,0.09541862133906642,0.2872391152670093,-0.08656346058354147,-0.006856713012088234,0.02163441589978099,0.2599937245058048,0.20196888426666404,0.0468170253597473,0.14334718952696246,0.24651048617634763,-0.01725235013201276,0.1322800200321994,0.1040956455029014,0.19741734413627143,0.3695292593311992,0.23892210904245736,0.16286910160871004,0.17249387071308386,0.3682869605249872,-0.18426831432670343,-0.16558610664143458,0.46852120717576407,-0.004415864269150749,0.03994275602141606,-0.057202678410159136,0.14907960868476833,0.07177818993199825,0.20987696339070028,0.24268021175788057,0.3806498046884308,0.02599946002932141,-0.23988940507580592,-0.1824516438994631,-0.1164579220816595,0.44970897334504967,0.13578834948404506,0.0738332434994331,0.3264782069653305,-0.06121492250204019,0.0899491939560435,-0.11647025317265969,0.08519960952985373,0.15052945075323554,0.14118203055385892,0.148469693265725,-0.12348170084671328,-0.20261693588392848,-0.21595705401496457,-0.1556275856016941,0.3468222120177531,0.39338883029617433,0.24289032718115222,0.13688389046821614,0.08553307736679105,0.2508421368465581,0.11460660385735699,0.1715844970871312,0.05992827230481135,0.18184013871664018,0.27800704317203584,0.04539384954684378,0.15811759079649135,0.14851206864185085,-0.18969704418646316,0.01565872739402807,0.19790373600144617,0.04005738472840381,-0.16018208622522323,-0.1118848986728056,0.22500595238210552,-0.10860455900707988,0.1412718347336126,0.878775552194891,-0.20999657948395833,0.007378593403905009,0.21337439601084163,0.28558800889251423,-0.15754987365429807,0.18723099168450164,-0.255616358332579,-0.21428654263802716,0.11946308899427716,0.10261768876263799,0.09042520419459255,0.248787403142678,0.03564459678162124,-0.06673921744473299,-0.08688075027976316,-0.12852873219822802,0.3009784252271528,0.1898412649778849,0.2934206048613255,0.0806034200816268,0.04863371314131326,0.16011311899246117,0.22544203642592042,0.2415635602099504,-0.2938044270107817,-0.24680440259483083,0.08183014729356342,0.25356961571804093,-0.09014269885777948,0.4401935330847524,0.2226604820499385,0.12934890974223512,0.1984502540610782,0.23871168784171948,-0.11551880212075472,0.21401596769278353,0.08325332658744511,0.1159715998866866,0.1639324832796898,0.19509860206575103,0.10240514235370135,-0.06545607182652946,-0.07333674409696622,-0.10062056651068407,0.03609388708490591,0.22590130773099615,-0.2962216883653771,0.1902083648422601,0.17964636011022606,-0.3369520881111364,0.3334816484930714,0.2212940908611496,0.18029998525628743,-0.11568735640190875,0.05003408061223502,0.2288746364092542,0.29003717740729407,0.32131411073603044,0.21933052435391898,0.11611672014569718,0.2859259389805815,-0.005028260733420331,0.23761252218982398,0.2146463754026744,0.08809239993432261,0.12679645954110108,-0.10793691875763012,0.15873556130870137,-0.13287005202203883,0.020932025659516462,0.18701622339897095,0.24372181520524605,0.03185556073736584,0.22918861170212979,0.12217424054298465
2019-04-30,0.16690316917288595,0.393486591651534,0.17479376894016152,0.20257212497498767,-0.18598808146203105,1.3455882526959924,0.12102267582697701,0.13703836497044475,0.36447351732699307,-0.05965488146394049,0.03695867351475712,-0.04355703269589373,0.24105677790812652,0.30895124077189284,0.2463944696123126,0.022658140663211368,0.32392816175126704,0.1554220690888688,-0.18233715902419811,0.06367161711317681,0.01921849398445974,0.4236440209928838,0.1353801102104093,-0.050145025501192486,0.12187078133103646,0.17760137698386003,0.637521112861291,0.32623192788742683,0.16290658336142916,0.45324937962095335,0.2824075933804151,0.2108282442713656,0.14113799843644537,-0.1990456848754577,0.19010517600050214,0.2552952758810987,0.47580677382319925,0.13998497141760913,0.16575930485229717,0.09725886924082205,0.305066532698822,-0.047771298048809197,0.07514561273439102,0.06057809660768432,0.23921307182079254,-0.03993496044624523,0.12804884733257227,0.08323508032989335,0.22949635372495658,0.3810410690034567,0.2110401223528251,0.20839082614864557,0.11938091189564615,0.16602671508472855,-0.19884759451076195,-0.157875336319235,0.3363510440708455,0.05569934395588061,-0.06379208540029446,0.07173440505220396,0.07098884653501125,0.20438288467742205,0.1737104570251018,0.23298493128926068,0.22979791528967186,0.06015358708009,-0.2572248266014766,-0.24609124467396726,-0.06902478514499433,0.3773060206276282,0.17016568980291336,0.06460642610155287,0.29447794399119487,0.038889333839604134,0.20747269025316606,-0.00791565816743256,0.12886049782047682,0.2933941373689335,0.1560882290138701,0.16938229103861446,0.08197904662503985,-0.16611514140603612,-0.10113085847254433,-0.14889938347222575,0.3285893723847437,0.5159813655536845,0.2421273171092868,0.1413755696200134,0.12035679904342267,0.35214697182253896,0.18192702115809256,0.17993088021963732,0.12830675556928162,0.1793245414379434,0.2744386655310327,-0.016867848432482013,0.20103155229781455,0.12219557426689454,-0.20933311451301329,-0.01778316798285351,-0.1360380131227814,-0.059306192318650974,-0.06492653400892157,-0.08215806516887725,0.2003530922838781,-0.10482215741191214,0.12419661550873018,0.6274938231408773,-0.13858280075794316,0.09311199519972524,0.5022770021835967,0.3039376901902111,-0.1796020102593383,0.3149673308276495,-0.14317278108414366,-0.14627421131371232,0.05085070677412151,0.14967350397537338,0.24102207615126336,-0.004577379473816201,0.03845491173046378,-0.07285318249585615,-0.24195505350219992,-0.17909584308381277,0.24466938646751712,0.20613569424158973,0.3695042117895504,0.12866497998961002,0.06138779251514004,0.3003844594395413,0.163704238435181,0.320962889378938,-0.34016066952627655,-0.2367785552192232,0.14312325225882572,0.31325176862649684,-0.20858501150499564,0.5318180337132521,0.30517382318052144,0.16582946013044797,0.23128060699642217,0.4692758937719643,-0.13696021130473968,0.27291279113199396,0.20484011109788636,0.31899661681994473,0.03634481966442671,0.22866432263106695,0.16717666586099078,-0.1230419180314023,-0.01586958346996936,-0.19010771394761172,0.10167504114348613,0.26076563267240194,-0.23747493934318675,0.24358756738347842,0.12715014614718356,-0.4359787831637212,0.3093888940999907,0.34772038292354135,0.23039248291721282,-0.07435823809517128,-0.10585812039005915,0.22026441471501346,0.2892228507921788,0.31017022743619993,0.3359694380415106,0.17674683011589631,0.29100342544966984,-0.14172215240589026,0.21267383544611373,0.23787664842506273,0.10598214660583882,0.04969699923079274,-0.06650461285870524,0.12377706719598813,-0.11486951090405462,0.08473543335454048,0.15326972001712336,0.22310432762159604,0.06703796625657277,0.23372537887491318,0.1099007800321894
2019-05-31,0.08601181905221678,0.31559017035533343,0.19344017593061213,0.1603417900209918,-0.11876695803664661,1.012381652000132,0.019969241379073077,0.1821896280088593,0.3149229903160957,0.06946644603515617,0.13146769746281706,-0.059059888735697785,0.24793731112817308,0.2785123044175293,0.3479048769096307,-0.005422173537050323,0.3420525188380523,0.0899637437230072,-0.07793389384963256,0.112316565005812,0.02798310799699566,0.2555328798963885,0.20376913590316903,0.1153939644193045,0.18027656221228106,0.1777054788297041,0.39840492131366423,0.3446870275346181,0.2660560422809961,0.3600705142558005,0.33783166837740985,0.20388810914397393,0.05386806073093542,-0.2804352452300862,0.20381490280356318,0.3086243393275989,0.5036819714949288,0.15091000925555198,0.5292401213105884,0.16208051829101233,0.33606247873696593,-0.16169702980345224,0.07602182251480838,-0.021439694962327893,0.2642346450029118,-0.08122973318130866,0.2667966252285918,0.01969284197150034,0.22029333061118672,0.29072700791995554,0.30498476243520933,0.30933477546306887,0.21036041149899432,0.08821125690391973,-0.1204076446011152,-0.06662778727512497,0.22145441518267095,0.1359835962031557,-0.061942769993778346,0.18417296118246052,0.12686971209435494,0.12964444876610925,0.22006721853588962,0.3051179293477586,0.20133547391089124,0.02348649124686908,-0.2302430071747873,-0.23305169788357383,-0.0018493787309755705,0.24343716238341595,0.24424535725012753,0.16264459906794926,0.11086222534875767,0.11330129582510629,0.15044644641389837,0.07348398641364051,0.16253600670112522,0.3252068194999804,0.04643831642372054,0.19605210756846447,0.03036947903817455,-0.012234932201082627,-0.26966468569422164,-0.09935354203724167,0.36519513379131796,0.3661397314217769,0.309299017646105,0.22683533217572038,0.08381297257070064,0.1425813724223961,0.20724242522376368,0.23093903037997254,0.1263727737850855,0.09810218488471101,0.2292055285846133,0.0978000903031413,0.09727269952947437,0.1370238163968207,-0.0734070831827286,0.07579837573382675,-0.22016596762557838,-0.07238051490473163,-0.09053294591844152,0.0011634627779233409,0.20505909677662681,-0.02368947515783204,0.398833715262779,0.3759518426431918,-0.27698403355320267,0.09105321320545179,0.28228092723896325,0.25972862565972665,-0.034521879815337386,0.3631143837775366,-0.26079790989156326,-0.09500303720748526,-0.05073848753662635,0.11425960577786376,0.3201943601229311,0.07454890191062469,0.1346824346206832,0.01800316661284307,-0.15213726104669367,-0.21327684745945896,0.236520297987866,0.049502432537807284,0.31779890761425644,0.20927522412864485,0.07395003994255323,0.3120343516879276,0.2511887896915417,0.39493965796937425,-0.3546745077376897,-0.04029575640464944,0.08894539953721492,0.42940272521328127,-0.2312078977394666,0.3426589681808756,0.32510954809365744,0.3002080360921582,0.2792759265969589,0.44159725043450093,-0.15534098533808138,0.2546306384637025,0.04806181018455735,0.2553016055279935,-0.05127087497488336,0.18237752845780042,0.1352963376800742,-0.21949958972726047,0.031147890833859604,-0.1784912899163198,0.16522906589830733,0.23360013551857017,-0.2682590975987028,0.21796233045534708,0.06198333651335641,-0.4190180594497611,0.2486199961069513,0.21360778263312974,0.214191985205747,-0.1685809928024914,-0.27027530034464753,0.12078996148476029,0.27314617506913463,0.18035812750673075,0.10860761447023126,0.11193401014565274,0.2650119973933651,-0.1848289946074798,0.23128361521442686,0.20955059479392824,0.04514117071042878,0.005243743880756435,-0.09768014202967124,0.17665137138716114,-0.13043371221912847,0.17973420808593854,0.20789698333771733,0.2543629453580589,0.08331815903964035,0.26021695101305675,0.19703072624968976
2019-06-30,-0.039841491086211045,0.27001788320344033,0.10756117984362357,0.11111109720338774,-0.14511702249485214,0.8285523859862933,-0.06939890561779793,0.04428172870827507,0.06532122311130184,-0.041674548725625704,0.05770160527534718,-0.09461674371369222,0.15823431343716687,0.11004403292148446,0.2441459441354108,-0.06363197984895508,0.3436350086254809,-0.020094039768460914,-0.1594046217678512,-0.008743909890898793,-0.047432897701724985,0.20823550936457003,0.109783113307232,0.045879925663694365,0.14855605737527333,0.1650335378438672,0.38829925346006666,0.28682420537705045,0.29682306906917844,0.33203464018582407,0.27460086915751325,0.21762580162394451,-0.12301055744202138,-0.4260677239926314,0.1673679599394875,0.20454105394568556,0.36222828547881414,-0.0038025154628701374,0.2286713155196014,0.03311461098734547,0.2916421713086028,-0.4600962161333335,-0.026719774049468348,-0.0041572308865908125,0.2260810687963788,-0.17200129158922417,0.2105755768137083,-0.10717199420761059,0.02847533048640316,0.2124089598478922,0.33015458613439774,0.3331175669153672,0.18796780929037715,0.0390366602346488,-0.18295674201267698,-0.1489051599818223,0.1746177049311901,0.16903547352656667,-0.12882487223670447,0.10254436514370169,0.19776006480153652,0.01733863667207669,0.1305473733491993,0.32268449293176826,0.17713375673226284,-0.10344290410591939,-0.31408907615029025,-0.2699984076381613,-0.09832533358402862,0.1922719379316744,0.21489310018039864,0.12884076354581375,-0.02848604958309231,0.030390408838326666,0.034356804987620615,0.030486171929850148,0.08422400742914449,0.2624771997589983,0.09990642414789219,0.18899855609897664,-0.09790972984376822,-0.1188497918738366,-0.3781463651831293,0.00254278058033397,0.3181876843799576,0.3539778651918961,0.39424878092931204,0.14632265625323648,0.07842154403015722,-0.125423924201859,0.03869835538607691,0.21365869329573606,0.06036750060438667,0.0946417586661592,0.07357933027572727,0.02672393120076455,-0.022240608900714554,0.21899868951369927,-0.015356850672434863,0.06790975889448325,-0.24445286430360114,-0.1904510555736586,-0.15497709437330698,-0.04851864905534764,0.21232811769287596,-0.2068309983611919,0.2797807694261334,0.27711095772353267,-0.33995171730955487,0.014265445252405362,0.1726317267449371,0.16348055920409488,-0.08230677346097293,0.30733078820655746,-0.4290868046643094,-0.11880422653338507,-0.12702345404850834,0.14604937815219232,0.24660080606929857,-0.18242066274641866,0.31717318600884625,-0.000193627341052105,-0.07307655722183648,-0.3234599515579494,-0.021391878001050912,-0.04059214891050367,0.29620670159070217,0.12056675488646706,-0.004287444955098696,0.25393023628153877,0.10593525634880385,0.5918463340011977,-0.4665408960774655,-0.18163110955898865,0.0933096871669934,0.33923214776973776,-0.33985527447833785,0.36081652660550123,0.36504116208639714,0.33103793422359606,0.09409476127223027,0.4708096759409557,-0.4275034105127151,0.2102089782846901,-0.005579870456300928,0.240331350667776,-0.13791135070709004,0.16256675107447704,0.08323323330859944,-0.42330840264636194,-0.001523393733977918,-0.3369447282489757,0.15514081349267883,0.2311752304077117,-0.3875048221643659,0.2475514482726835,-0.03861322696258196,-0.51985438017603,0.1834089090558515,-0.005285340874405242,0.17763403822565627,-0.08890607176633092,-0.38487266536447307,-0.0038553556287584945,0.23218002177115116,0.1756387425428363,0.036778813526858745,0.012532202713513296,0.22995263644472397,-0.3212360423031153,0.22195789301121627,0.06666920362310891,0.06986522428753239,0.10653670829332706,-0.16924154622340248,0.1572369315401989,-0.18430029157891603,0.02657465709579343,0.08455443896251591,-0.06050137007265777,-0.0009024531158827731,0.21164646952388222,0.1683633147547574
2019-07-31,0.05592905895758582,0.2997337759579395,0.17996077296069068,0.2042259388446075,-0.05747115428439886,0.6568467520807846,-0.033857361921759255,0.06536931249689348,0.3461259886909511,-0.04106900435254279,0.0773235125552838,-0.03423003342611586,0.22071234881288504,0.1063070282149503,0.3213107570164988,0.02476275644077286,0.40106493299990387,-0.11768063638532611,-0.12448347154670036,0.08008491503023496,-0.002923783006084091,0.28758195725531843,0.07914807975938953,-0.005083374996323831,0.12842862446630776,0.2233734483362395,0.14564772054139463,0.3417408482980382,0.3509118771276163,0.30806789356955666,0.2833268365038637,0.2546462109888179,0.0885168056383141,-0.32679179229381905,0.20979466119463486,0.17677132096282988,0.38824009046753183,-0.036740485690145985,0.2360089509346135,-0.019014461417966366,0.2557194693042666,-0.2504863374490969,0.0546541365406219,-0.022016320135081924,0.27757179967195333,-0.14546623946990245,0.26567483254393265,-0.01877253020491987,0.19869991499710582,0.2499522987119891,0.35836241163481697,0.41341381785857756,0.25434952842623737,0.0425652658332385,-0.07591478472351165,-0.0386529469234379,0.27878603873035623,0.07705622832066528,-0.12167831556485753,0.09071972838362274,0.251343422513868,0.1665932539974404,0.1290150200913429,0.41815442118065516,0.12758567951507627,-0.05013828373708551,-0.32326505238138514,-0.1884391713659962,-0.10081666761343122,0.1003601368260083,0.16476357093020422,0.17809998610461442,0.03219271491085052,0.08283832527038104,0.035773043297311125,0.010934255762858003,0.15412787127777583,0.2708487128436916,0.09142405797362785,0.21403211298434388,-0.1441229866148821,-0.11580705143900716,-0.2689903764258724,0.09383032355569276,0.2020428647838941,0.2843178292913624,0.38553592060768516,0.2561498049617146,0.13379994467322676,-0.14947958880761547,0.04949132656108679,0.1949496952290659,0.14876811424657044,0.27357256964406473,0.10472799918264264,0.018520052467553727,0.047586413515181336,0.20389819338285142,-0.007498108957657346,0.09098814417159318,-0.30056524648623906,-0.15998883715584056,-0.2100935951173485,-0.020353354209087904,0.17371985979107007,-0.21313568039456965,0.23919650800583026,0.5751077542736602,-0.21351437713505328,0.0190158332891166,0.29687612849228584,0.1628218739720082,0.07222864835522613,0.1693763833270352,-0.287981725459752,-0.07487590552819079,0.05976054608778747,0.12411707347219592,0.21127233184025096,-0.2366064917307953,0.16615516268689023,0.1126429053702287,0.08322590220735782,-0.2864841317453374,0.1033581470628151,0.028687863601817076,0.22128844262732916,0.15019252761020851,0.024573746921253692,0.21859443134892698,0.14565049875017655,0.6359137196187192,-0.3846482066583823,-0.049060282577444325,0.11049883786407455,0.31133764144490716,-0.24823876852587123,0.3679746384216207,0.3075244592317603,0.4198151677500186,0.13819575110455395,0.40687436351813266,-0.3570751981226795,0.18620990845579266,0.01937062631545783,0.2199608954295058,-0.14311650360053818,0.16457316131758648,0.005131158874148722,-0.359280718043655,0.1898974241050695,-0.27305658183343207,0.17349883675706712,0.19725020267496363,-0.4122621866226517,0.24965155976009967,0.08283340279820584,-0.4506584305113147,0.21715896880637642,0.030329393237469526,0.20205479081490174,0.09342427062521552,-0.37040643266047757,-0.051717561872607454,0.19472221034900938,0.27690796467231005,0.09109342946981336,-0.005691471872933285,0.24285293844000932,-0.24007918508345605,0.23350389291669682,0.051474096023487625,0.108035929516898,0.18266117994120235,-0.15883069864218258,0.16943947167812112,-0.12853746029327195,0.07318127426954568,0.13635611029622385,-0.033203749027980844,-0.013830725924697695,0.20427360193716648,0.15439633217480964
2019-08-31,-0.053169242378021564,0.3248600687517247,0.15898667569772584,0.13415040900108122,0.16589390403874815,0.2097735665729461,-0.044263850790232984,-0.07250424851347503,0.3730504787190214,0.01284291503912649,-0.015762785193944917,-0.026270606834752463,0.1915221143179242,0.011920488937802398,0.191526713480896,0.07038801309047615,0.36457098574901203,-0.011040743996660551,-0.06263787443534596,0.08625829298397392,0.04916241260758669,0.2737093967676518,-0.013875746502213016,0.04295802593708831,0.2202306870558952,0.22774794096176354,0.04789031833626822,0.27003993944457694,0.3229295372771479,0.2433115748794057,0.22809541830826374,0.24156558203751377,-0.12154595248166422,-0.39697931790049223,0.17816770899727952,0.17759509667440865,0.4666068068188902,0.13630555602896366,0.1087971763862432,0.03196892064305468,0.16461352786690875,-0.1990652119955828,0.1445944281814573,-0.058632808966272654,0.21795610602624294,-0.14979317477561793,0.17016734518674537,-0.041808005359236344,0.2074338913683913,0.15806190534936193,0.31303866955005666,0.40710663313164996,0.19047667534166757,0.010695886596081117,-0.033276059575642725,0.005423990570587955,0.19403817336082008,0.1546640042070928,-0.09758139853012371,0.10804431878548071,0.1413719370775901,0.17419870232094703,0.10212005416358805,0.354795711967004,0.12497297174954158,-0.13563914169614932,-0.2916017185437566,-0.14923482873316885,-0.10378644663002312,0.004104216632604851,0.14920410156008845,0.1677642395582961,-0.0723036065155136,0.142877832475669,0.19920046341498976,0.23655015398177826,0.21436540054917574,0.28066664618578785,0.07505995827013723,0.18973068767613,-0.1468576695479753,-0.06154557847427067,-0.14527794638984826,0.17295411436504193,0.11515076090322784,0.22652919900612267,0.24893052438626406,0.23479277009294774,0.18419165769105939,-0.25074374545025746,0.13434616831726687,0.33154946950032604,0.192922995428213,0.2521882481396145,0.004195202214194671,0.08826534182619739,-0.09642082086660997,0.15726783170703107,0.08300072906181422,0.08482284014097963,-0.32722279585190917,-0.078649960098367,-0.2428112796245555,-0.05421393689078646,0.23455445923318896,-0.16200570278143378,0.2945169875438378,0.08650775600480598,-0.18437521773120602,0.006040994383955223,0.47566543773332093,0.05424426260031168,0.07365322465200808,0.08560557664496393,-0.19982998373238525,-0.01734040483818422,0.16679103944088158,0.11025820834157973,0.21488563791241932,-0.3182062728880769,0.2992582576953635,0.11118289553712413,0.0893011776104029,-0.2968081391323727,0.05533047682502712,0.10619557692582693,0.16981004065255578,0.07660520841615459,0.011270444848523464,0.22572653988600422,0.11867810090542741,0.7986753751396398,-0.33836248937347035,-0.04368564583058965,0.013494614184866416,0.2450403028917998,-0.2536269131233785,0.29102643234917536,0.31286920287270803,0.3116545763148384,0.036797308260315464,0.44761951268486544,-0.42511800360158314,0.17613399141559838,-0.03197047121656604,0.21219602052553288,-0.1801823122015086,0.12692424599756724,-0.04659489343164103,-0.36403913410957556,0.19921916750088142,-0.2670357163213605,0.17071978139927735,0.20148454589417342,-0.45336232906619267,0.2630746556430905,0.18661711310802143,-0.4091375647655696,0.22206103659902898,-0.049154155923084364,0.17986848391784016,0.22700073813285093,-0.32419171576134986,-0.08357377877136285,0.18893946083302837,0.18382455744670212,0.11125185933277337,-0.12153228058549226,0.22927528394895513,-0.22343950768764165,0.20833386114274766,0.008961842306279832,0.0867011017112862,0.24506573268322485,-0.1124396856977733,0.19242334590277266,-0.05185566119959417,0.0758579738977232,0.050371686162849594,0.029185479341284015,0.058457664012008026,0.09400224815705038,0.20430284535323207
2019-09-30,-0.06095857276230976,0.18244129790221075,0.18471042151335904,0.053935902575278805,0.26793007970685534,0.018128889101845402,0.0373700385646194,-0.11318524664807528,0.17915351554345382,-0.051078844022893755,-0.04997429787371144,-0.19868511690005586,0.26752384567954457,-0.018612757775823163,-0.011435284477830265,0.001743001346919737,0.31305632859495236,-0.013710745597932839,-0.0733812081832218,0.12286148462020274,-0.059848855301826376,0.2782763272740443,-0.0453431695856541,0.0029843412999266405,0.22096474967024715,0.19896478755761038,0.07574361159002319,0.2709217009177054,0.3340715215391461,0.24404518574897982,0.22432724867609322,0.34000363044901993,-0.21484506952929228,-0.40143660503781864,0.026472930610721646,0.2517927061720526,0.4887907998473551,-0.07718725584126418,0.11419321141937822,-0.04670398832099365,0.17856803392044474,-0.1479019344565634,0.18702310545721423,-0.11033213008316411,0.21262033142263292,-0.07974128235577227,0.2425388415137011,-0.15756858540768692,0.2130907649327447,0.14510141849458957,0.2796295061000207,0.37723573417912926,0.14667041497261923,0.0003438512390776527,-0.008865963045209369,-0.08271983915105285,0.10987011798016444,0.1885622170201795,-0.2604678514206118,0.13603026038677646,0.30422438193741486,0.04561377894448704,0.2094665149887538,0.32640785666269667,-0.03801421214418266,-0.19767958514985773,-0.3342342608217911,-0.2374506680201084,-0.15409841241696487,-0.12565673375490527,0.05384256848954916,0.26080662488108763,-0.10916371918159828,0.08522234013633145,0.494843393682999,0.4139357586374912,0.30347205797880816,0.3067949768943403,0.1151380360819001,0.23063053582427084,-0.2404456898556825,-0.08379640332531857,0.0008842024936948079,0.174365697773897,-0.016952378271977042,0.3455066717945583,0.1112805605510312,0.2603596484591173,0.3486812907859569,-0.2821255513968721,0.16816766494817492,0.4011296900589447,0.34574484093024127,0.2526168022193329,-0.002488986010904193,0.020940243217568044,-0.0659956462497574,0.0893159365245546,-0.0008341287832817068,0.05898251415133604,-0.3780249596148034,-0.15529474945683797,-0.20060763344274657,-0.07065185203273572,0.348846471553905,-0.19452853176554274,0.1901942727491388,0.19973440062366454,-0.22250797216284723,-0.04459723438495922,0.27421030178615924,0.1158816494334971,0.058783345158623934,0.08558541346261439,-0.3289116971540239,-0.0450660907574254,0.13625135414663458,0.1605382759927778,0.2739043686080407,-0.16859546702107941,0.26536324839051306,-0.031557838278341355,0.055237131926098915,-0.3614623993797611,0.008326891495705535,0.10782284356357485,0.14454401069684253,0.014711695022409321,-0.08076645952588213,0.24522383386574598,0.07852715029260438,0.7313402570065781,-0.447841726618705,-0.03754862846091933,0.2550678814608216,0.20091880866695866,-0.30941226484971374,0.45717244774188526,0.3403985024135343,0.3058286376840045,0.01701684447222318,0.6071799002260396,-0.5331156437061757,0.2015221256545079,0.0789801654749156,0.33990569386864866,-0.31306870543592336,0.1850402486103222,0.12945688212893303,-0.4443320622752942,0.23376154034579288,-0.4129607014132052,0.3125667117974349,0.309419148858759,-0.5745675334253397,0.3299260569581055,0.15970364280092375,-0.52579854899259,0.19928505362511628,-0.003501420121721277,0.3111726932755319,0.3705541777866308,-0.4494849530477748,-0.11639499035545764,0.22951264658521398,0.40067866901735005,0.08840151716323841,-0.09490675841969454,0.24447585672947625,-0.37313736382191165,0.3236954848375615,0.08760128992952221,0.22195662385954806,0.26632010201258693,-0.16726923111860004,0.2704734693812727,-0.060160861870526605,0.03300553627733782,0.05060221996490499,0.0672336985125841,0.003572751637818561,0.060313654545223194,0.31122660139737723
2019-10-31,0.03922823699515843,0.2288667502397319,0.23044777761262814,0.12406415272895832,0.5487852395472788,0.5919824947073953,0.03460551206274731,0.08629488543470765,0.28320990602397367,0.08499879292662449,0.013347649597903022,0.06229153286560418,0.27279495544594345,0.08160874759401993,0.10216514682126099,0.1053183556088293,0.4607428277964578,0.11971618188296462,-0.06301581822554947,0.3545673537883949,0.32144227549937976,0.267772219131742,-0.05026677192616058,0.10438513273028249,0.17354670576947684,0.194272698091565,0.053791305023442204,0.3798257405095671,0.2427301635346215,0.17492581458234735,0.3221105081860285,0.38460355041598304,-0.11319505677013653,-0.17091644755472335,0.14086699076090725,0.2573315511627159,0.4328637386470593,-0.08523419104586827,0.26161090272742493,0.12476373553202214,0.25003265961902144,-0.2859302764357722,0.4205534708047829,-0.15495598172824954,0.25596375885549216,-0.015812883144949552,0.20862312217151358,-0.0731514069317758,0.36307167519880856,0.14364154042320787,0.2485336803236582,0.4714905815271957,0.163800732705925,0.0955447335130315,0.04695978617717844,0.1171148280893839,0.12589926159112763,0.3198243692101299,-0.28989725456768856,0.25780752532231066,0.18228399455126665,0.269527260613734,0.21066812431216886,0.3064390107654329,-0.11885135445020845,0.015580165383112465,-0.3296082491265748,-0.07531608589546024,-0.035551749773033325,-0.08738637116431136,0.19285389052860857,0.21345173174906606,0.035976053790524265,0.26229720445942717,0.7906253194168933,0.6698419957666242,0.4233762925614488,0.3466145013095294,0.23575212221487418,0.19708167414165545,-0.3287321486598682,-0.045520131592361124,0.13600213935670036,0.45479951917370975,0.0913383978401956,0.31856463967756343,0.15431190377845394,0.35903896388989875,0.23603074604889218,-0.1822897783644254,0.41078544523283145,0.4383685230260297,0.3579089319802571,0.34812521716641975,0.031183592268605898,0.09161573255898192,-0.00023609431923032886,0.2412532308614448,0.38669593002974856,0.15903191469671585,-0.23482428195125948,-0.027843374351301353,0.029234202767731476,0.03766728577274847,0.4909796847916079,-0.11620477469046808,0.15078095544646652,0.12404911268138985,0.07518126855776996,0.19096671192691628,0.4899050473793922,0.13676815588482283,0.006326748318000064,0.29704330960371195,-0.16814978975596495,0.07730459932634015,0.0671737890340085,0.281963034769783,0.4073871959452109,-0.11463387178646356,0.425989987606906,0.07921323643487654,0.10890759815356987,-0.10520138567054427,0.2653071073883806,0.18351327712683907,0.2927120477571665,0.2915543121183892,0.2148679205398094,0.2659353464607819,0.1213667962087639,0.5464815910300818,-0.29843595894012664,0.05656411582953358,0.32219394959860703,0.3087585913196358,-0.023519795319592696,0.43584118977933395,0.3099619463105401,0.2753834105624351,0.19327017279712333,0.4459658770447237,-0.3058783960262207,0.2661521535573219,0.21949782954425845,0.32435446175016147,-0.1728736191872181,0.268761817179622,0.3027543933160046,-0.2478279858197152,0.35770634689839853,-0.29006672660376376,0.5555696018881229,0.3682165497722065,-0.4204739304474133,0.33819496022903395,0.3211569828450127,-0.4401647203245941,0.2548345687474145,0.171882255087479,0.3663616763424955,0.277215474367865,-0.29798653098975436,-0.11065185334852101,0.2660476070769693,0.32012900346269957,0.1768147654302077,0.047144355896037604,0.2720990045260019,-0.2862533167674498,0.3284926325524604,0.18350882557705694,0.22737109985027448,0.41607327502068414,-0.034922123414415474,0.2839272097699135,0.1932191090263684,0.14746639105489034,0.09274154755360087,0.14526807486389126,0.30327311330713314,0.09722425028716675,0.43571856672552256
2019-11-30,0.4096867184951247,0.1478286383534173,0.1412535478470458,0.10777628981591225,0.4770364422697162,0.5929578178641384,0.04818527039494436,0.05117238007211178,0.28139464192937114,0.12625041014765293,-0.025934766860545633,0.044489367213871533,0.29725117569027093,0.09617532461350597,0.02051978275053301,0.006216663413314061,0.2648590173801384,0.13441170572071925,0.13565452933195754,0.32784872106114027,0.11457420438340282,0.2097955841956758,-0.08217852473598153,0.15855949137483205,0.10591938209516671,0.27217525007127774,-0.023464381483948027,0.38434561478988494,0.06182389740631855,0.12218642160750548,0.3075703041694495,0.3362243253099637,0.004473433340090649,0.2339001274309922,0.1365719801791736,0.15934934906525688,0.3544777799908292,-0.0013914618556515324,0.4361438767163428,0.19906278266826405,0.21342218013379122,-0.1014608457486772,0.21480850274978747,-0.09017149513615563,0.2681298910965404,-0.02000937798929825,0.22632429740672677,-0.11996859452122866,0.1783171952764011,0.12333957437500209,0.1811748339488659,0.35712334522399347,0.059943360156825776,-0.0029871296474587306,0.08292805479680587,0.11251297464737853,0.10698175709805113,0.1638116696745715,-0.2008972097663705,0.10740333828707826,0.10959302425702377,0.14611579306001232,0.09869554102767641,0.20910675125815859,-0.06185970020021592,0.06344769348459711,-0.3235433766617659,0.3901011862791446,-0.08119989494922408,-0.06374780377523093,0.19504582473716248,0.16937445903654957,0.04159210735988328,0.2475518875048559,0.7487894646290525,0.7683284581412688,0.3984028141766287,0.19159774242911287,0.1409972028453268,0.19024927499760236,-0.12800098095638623,0.06753649416235219,0.23314284961080278,0.37274955739174076,0.08705400290459209,0.3216897041502116,0.09652493230754744,0.3398971887256812,0.08207185717129373,-0.16236853821502772,0.35960483742609983,0.37053384073918805,0.4217813432733355,0.24622415116534713,0.19512670764936213,0.07952514875604488,0.08125451068609002,0.18075615672111334,0.2587306368995792,0.21173900072360774,-0.10490833524380638,-0.0664521502852582,0.11005699875991248,0.05437245960160997,0.43382421534641,-0.13644294296844484,0.14069233374326906,0.19021537041332603,0.14666385910443047,0.1716520119132421,0.4713906185432286,0.0032833600916863936,-0.026535511370500253,0.24512752632790358,-0.1624775932792476,-0.02141797374560883,0.02014469910762906,0.39875352105029216,0.19020937721225128,-0.15471993005673723,0.46002265083132143,0.11195938982764986,0.07814202227417777,0.011014956975265111,0.20158259334254192,0.18184972194223037,0.21793092038533124,0.28417547631016715,0.08298236087125366,0.13872429742223447,0.2652214829176609,0.28476184545082583,-0.23640553854071022,-0.016267209543434302,0.5454530407489906,0.24915565390020156,0.2544916132258188,0.2956302208948254,0.21371634359411473,0.11652302449749374,0.056311506885968754,0.3507718456205695,-0.36044528796760344,0.17783756696283892,0.20826351906181184,0.25136957036669405,-0.14726994201802635,0.23999242566146628,0.14440113915602137,-0.2400440569398321,0.19406005852275787,-0.32118162465201083,0.4938035863393342,0.28213696475986705,-0.4228543669048981,0.2802774255732754,0.30106548596729277,-0.3691672782566906,0.22813662092590126,0.2061064039572742,0.3882072775568135,0.2794222732976539,-0.389772750719211,-0.15819130602054188,0.21518716040836705,0.07576679635740513,0.0656661958197926,-0.06698391941091486,0.1620581804053136,-0.3576201818104777,0.2607859591560895,0.1657551843068803,0.10260969136949094,0.22051711422993425,-0.02089518973545712,0.2106391110407262,0.15537344337210368,0.15938110711758546,0.1549253091995373,0.12408305310002676,0.16173201399414694,0.02417253524851115,0.2861349909063764
2019-12-31,0.7196990603221491,0.20098496556772272,0.4445616321798813,0.36814882984366526,0.8008866430360957,1.120801921318042,0.24239916982605703,0.19895866340096346,0.2783433341460493,0.37552746099389145,0.07894999977580386,0.1712626067628078,0.48620422288479426,0.18923834469725587,0.0752394439031947,0.12040531949819777,0.42087981997911306,0.24798058525253075,0.35236922943276894,0.30995396557765154,0.23954078832506065,0.32556997939776644,0.09543338584846417,0.39186425659398894,0.16350673326141507,0.341013088734883,0.03697967334911012,0.5576785753400653,0.12166185668203977,0.16404916347047616,0.5124376919217262,0.37771773219137805,0.17559585759176533,0.6298606557861222,0.2646155506245904,0.25712546176216144,0.3652395561475612,0.2980248064303399,0.5106534924881982,0.4245767694557445,0.4057413029476813,-0.008593728978079196,0.3077342003117942,0.13805818652738355,0.40741198178091476,0.2293097931868069,0.29854348091618266,0.04697286736875972,0.3367182523023078,0.32202352016467195,0.41424475587443443,0.5012922773344237,0.2786556288992057,0.16160334129905607,0.10543873922640823,0.2894165061976639,0.22382568798129654,0.1905619040393618,0.052911346650649005,0.16838814977112415,0.09004226794254389,0.14242291482920466,0.06612311618128786,0.27609294980465715,0.10874218422204418,0.2739533887921195,0.0036350427787252837,0.5531320524272099,0.10595105968307772,0.1280115005123823,0.3789220076751807,0.2626541920391987,0.2379938114159328,0.40472477351388525,0.8760418178060725,0.9929421634314921,0.6351257369505878,0.33257656753914744,0.24432650805656464,0.3806783716710218,0.056658800326857994,0.28417593896115023,0.49732117300351586,0.45924129533088864,0.31958892799927363,0.258216466239513,0.2627590495807879,0.5910797642189856,0.06769104151033112,-0.012048217518131121,0.4959225280326198,0.4758174542909823,0.5727483141254504,0.31693534485831854,0.38915689210321514,0.34338656134862,0.33818110564015313,0.22898486983864474,0.36183521915538375,0.37463378174267925,-0.0036887405942086504,0.06596490892862805,0.13310570717006076,0.34710552296444686,0.5450805499530296,0.022617458756388986,0.39095958952260745,0.8974122852099415,0.2800659604382554,0.3941865973759793,0.5991382076730927,0.015536978692929804,0.2629422456848374,0.3946064456428833,0.1240173378530871,0.183037661341253,0.10958762274164191,0.3524352008000653,0.22553733535531695,0.017589103141543827,0.5163551904844037,0.311453165403178,0.32512422663968676,0.06736477227737914,0.27434746831154677,0.38740048831752905,0.3620281377449308,0.4505565387600772,0.3594452586345729,0.35980765660963376,0.4069608016504569,0.35146177997177075,0.04556474220370865,0.1751574442197621,0.9517666833050376,0.45699691306439805,0.32827389570514076,0.2723442728959342,0.28661368403274023,0.11348144922812975,0.20497750972460804,0.3709435834663002,-0.11959329451708,0.25960753800843306,0.5906468131130176,0.262256277045148,-0.01716792523656252,0.2961097154989216,0.16607859276645387,-0.019194738698459335,0.28452033854422587,-0.17741663222241943,0.6398673632801879,0.3175175088842799,-0.5340400621904197,0.2980793699415405,0.5497931801642206,-0.19129213787566945,0.33784533167259223,0.2952916793069955,0.47109601510886034,0.14937100057800956,-0.34236766380853545,-0.05334162484681304,0.24996972999152445,0.030199020209260352,0.17715353569569947,0.07573529510253585,0.1615744704781441,-0.13910293337809643,0.26852809998159444,0.29994924827186087,0.15069889601334974,0.40081763993886477,0.20222542957714018,0.29232248622556334,0.3726235522302339,0.2818006774509725,0.2502151010436071,0.28383565590164883,0.09521419626413641,0.17222462678449424,0.47269917075658063
2020-01-31,0.790807806217303,0.2043445071137755,0.3886432883460704,0.3308449189379161,0.5905473668621821,0.8787382587883765,0.32756697990432393,0.07511939281254065,0.22330838902006245,0.2652363578799839,0.10197532061163739,0.13318695315169427,0.38287704252821175,0.07021135378066568,0.03480891081929571,0.09381775208447385,0.3903703218828518,0.18962770811162377,0.18514329417232456,0.22229546735507433,0.04499998785058157,0.22043095678146307,0.12700588556404457,0.3777229445632806,0.18644973775420426,0.33096789290142303,0.1212845299830958,0.41966278798275525,0.13200169077276525,0.2552409990526321,0.5324311176943217,0.38572219792265505,-0.04692201129712159,0.6432625948220445,0.06850478373067026,0.24900120480808097,0.3206693806695693,0.17492407032397495,0.8475535811213939,0.29703549797938456,0.32586885500559504,0.3625496185069843,0.30001420119567057,0.10640886529237759,0.4006787955297624,0.1338653280611628,0.26522847182428766,-0.002154769928846667,0.22684535310519616,0.2443245654412498,0.3426057850190576,0.46056949800066715,0.2249337341501838,-0.13576636224485406,0.1205361038204289,0.24793655201290465,0.18532108550581095,0.1936190626613934,0.0236721623728382,0.08402924815584156,0.1317965494044966,0.07598408633309361,0.08428686402737084,0.23216880532081086,0.008350073188288842,0.20042918623541195,-0.1348648472792937,0.14694952068905032,-0.03614689740676358,0.07325916725573567,0.2574088015789249,0.22151780373068664,0.12892450360998997,0.3434186289844525,0.712945163677998,0.7612118650563604,0.5130435618262885,0.21512485335932952,0.3104067301632203,0.2807002262647713,0.07957468701766413,0.23484188898279235,0.4071167872571504,0.268169710558515,0.18024149952833857,0.10925861631985678,0.12191993498343257,0.3233706040873514,0.03779115402279465,-0.12530581748057856,0.3973231240832471,0.3704922775458377,0.43885330001725875,0.19461536752782282,0.24833547115429577,0.1936153528018434,0.14687545308396044,0.13232250213716545,0.21777016807571536,0.3054291400170659,-0.1110012221477269,-0.019502683268828536,0.3343941786681661,0.30016624629584276,0.44896223820285264,-0.09874423128838816,0.3127473301229102,0.5510175663794656,0.16554634566252147,0.28553743789039987,0.36891213372543996,-0.015321217229169348,0.10768411434755532,0.24571443611311095,0.14286315229532942,0.04833567532131089,-0.022574810467608675,0.2272300328080461,0.2743785538308119,0.047389393076295194,0.31157998076445836,0.34113341971645506,0.09154141243301872,-0.05553713879817579,0.250402535475847,0.2244672302509123,0.22816381749025338,0.26495324076883287,0.27369478703716776,0.2554830302434814,0.2765300004693749,0.3145129489533738,-0.03921127235478161,0.10985168246449017,0.8122486938047457,0.35260547827729716,0.11206894744919271,0.10207677411259741,0.2134229798958045,0.08972331738422867,0.13133706405178658,0.35332874291928285,-0.1976026373172951,0.11958677241794291,0.48089008688600265,0.25696485593860774,-0.01782580844025583,0.12803718693680466,0.1459155645552872,-0.012043447131763085,0.08931383468156096,-0.14757813050275903,0.5110081681353791,0.14778924576418384,-0.4355482291996524,0.1385286517088773,0.4700434769772459,-0.1939375330389248,0.21363446509851736,0.26366896351601565,0.3333405319634053,0.32582739462313937,-0.3408234119124709,-0.13978258293094414,0.09116794560901997,-0.06034837701547524,0.01050943976711527,-0.06511254607034545,0.13654197319496908,-0.07666770760567765,0.2290750755545743,0.15467863783897706,0.172440531474638,0.09212710596431162,0.016617914700701952,0.25719820791974146,0.22420897373078819,0.2876316520601254,0.20684233082960346,0.3656109894688975,0.02413385193656792,0.1028952585697358,0.30696082392531343
2020-02-29,0.8066348616544783,0.14082543964362837,0.292614109948101,0.337676246279762,0.5323983117571038,0.9974500054594104,0.1622055350932099,0.2249561962223139,0.15076866533839706,0.1487734846925981,0.11490307637042751,-0.015937884017733772,0.4066460650239061,0.11402378527661616,-0.0873007991321666,-0.07690760984642109,0.27259886008784817,0.27183000419305503,0.22865025197858468,0.2655970097608955,0.07788997579090906,0.14310347492579845,0.11283697519028557,0.305693421987395,0.32885946727224846,0.19490048597914367,0.12457649532691106,0.4128796592559789,0.1844410084388517,0.07968412180396367,0.5354138527935219,0.4535594710115549,-0.03633070238896341,0.5370735751981996,0.023797841319019408,0.25438776345757175,0.2975603917514462,0.007687657198062414,0.6569195306114539,0.214956381613564,0.20975263778954378,1.0337940235135523,0.1720558701205659,0.1438260349871323,0.34956671641067505,-0.030145267515999552,0.18000526367771652,-0.18536673518113933,0.04186492611628201,0.14300864325373497,0.29566129569902166,0.3461967322836448,0.22231510838057233,-0.26362486290702525,0.078672198429941,0.22601260059557493,0.04361914373355602,0.15807884322813237,0.10311278091344,0.14775335466307182,0.2267049124265217,-0.015422417156582768,0.12450104634831294,0.1724760512609178,-0.10765728943197261,0.07544744625668653,-0.18813661918385838,0.20307932182891686,0.009395400673823717,0.007751903716649133,0.14108586678320245,0.3097600278318906,0.02222386993329195,0.24715187879745848,0.4601491831095281,0.7298021164212205,0.49405068178672473,0.24170764200026285,0.3023044368428729,0.2240336245855199,-0.03193198608578329,0.2803502711683268,0.29867923718078515,0.306879807868657,0.17815915002230986,0.172851309722299,0.14680867110572104,0.3611811728792085,0.09573207458041733,-0.21544316983574197,0.2944515597091646,0.463349368277322,0.47628646980501776,0.129360657229874,0.16573827777369532,0.06042924099693492,0.2029139234530215,0.06563569382756862,0.19321317464361543,0.2743989051876592,-0.18036036066210703,-0.12451208366788957,0.25943707462954335,0.20961422091080184,0.36341266483158274,-0.1267740384889685,0.2406975208776767,0.7279121283004264,0.126748653067297,0.22556732338711627,0.2987181724929977,0.0027187406268380787,0.07203358814556382,0.13751433291422455,-0.12430157783049356,0.05466999997996891,-0.11868931231227586,0.28422504541194393,0.26518804813586927,-0.06718420584455032,0.3625657383965173,0.13042397938048378,0.1315680511819981,-0.09454590303211552,0.1351907378652779,0.22560023780274285,0.1464843024386786,0.14128058463919868,0.12779394658334775,0.18557364110508034,0.19499418153590709,0.223657275905629,-0.20557396291352492,0.12589414593727088,0.5592460215323751,0.2848638757157702,0.06635988673847759,0.17952005414290784,0.2244218824952835,0.13286913201734762,0.0481461416706761,0.33899269465167103,-0.14236681814456376,0.14674187893051927,0.33229982118658974,0.3061077014923306,-0.10856898708127594,0.1814444628484806,0.1272821337340011,-0.2538024596935663,-0.08640727393361902,-0.21434199405107146,0.4121323796400018,0.1603558867518733,-0.6638873785608046,0.13601689850660992,0.25517678150662326,-0.2658758124659846,0.14359200144840578,0.12737064901465356,0.3668671656570388,0.3745518451915901,-0.35860587084444584,-0.2355923842802461,0.11085996680402355,-0.03228601296418954,-0.07608788639125419,-0.1772027559314442,0.18185137671642915,-0.10253741850289178,0.28430572256840203,0.1508654231936073,0.3325685219537291,0.035526305592367136,-0.0792725780773571,0.33073730036954796,0.03277616920844739,0.08378834177725669,0.1851062848297611,0.26029313877935345,-0.17341760483410196,0.00855954643758583,0.2778633248862905
2020-03-31,0.4579518119361379,-0.020800851561973976,0.04292152865448595,0.2950580050442355,0.4893954529430389,0.7821316115376653,0.08261135582368007,0.05784081554555098,-0.0669417206355053,0.05111710729840824,0.02712925961869983,-0.056496181491493935,0.17177493422744194,0.07596137558495952,-0.2398188032349341,-0.21018348042891133,0.09897451378572875,0.1379567399276802,0.0694967309434229,0.15753441415666392,-0.034519280185263845,0.02465670340500936,-0.011118285433347141,0.18080727872159996,0.1674633112778976,0.10070150885105034,-0.006264123750874262,0.23911764035992955,0.04704885075801757,-0.06077283516813026,0.39183872105444806,0.337144714027233,0.03497312401425656,0.5092873399882938,-0.06296563040516123,0.10039758221029382,0.11664713116833347,-0.031059496889625726,0.40734001499752326,0.034844057268642814,0.06441783496607068,1.3868719264398344,0.10578270341531493,0.044592474290052087,0.17083071973738062,-0.11925319062505246,0.12040230527348661,-0.33072758596834984,0.05754894426025592,-0.016500172030620375,0.2295475870523611,0.16788690051840893,0.01987578571558668,-0.261423079822115,-0.028224902760033754,0.10792956786529206,-0.025794727746614288,0.05057186404797043,0.1375453342708104,0.01020030670087424,0.23630707713617505,-0.007720023344345406,0.06246255240981169,0.029500901266636737,-0.09614569358093483,-0.03556022750589383,-0.21237760580686726,0.09230531124153663,0.09733352194605116,-0.013267286985268245,0.04129704685329494,0.18274695341660396,-0.0641803007097752,0.19200072710901894,0.31617847712858493,0.66409070751476,0.3378303960335789,0.07376873845698628,0.12229678108673525,0.13343015855265716,-0.2601800136295678,0.09746614615595961,0.27171547488615677,0.23847210339936353,-0.005702973360528052,0.018176620308537617,0.05147118985917443,0.19389431258831036,-0.014623636833772102,0.08267994959712621,0.21096486698932537,0.21719644159186036,0.2747820426093792,-0.027613439727956823,0.14234558631236993,-0.01508851326323668,0.2178853084859358,-0.12514430597490933,-0.003171463093910143,0.13952140628040643,0.30463663710187583,-0.1882098177721664,0.2794381023325303,0.09874080133227103,0.33260217090335087,-0.14807164579559573,0.0725734478335851,1.317380382334524,-0.0025581815871149605,0.15515597941792358,0.070610935522327,-0.1128339452179945,-0.1550046687479557,0.09221603705748249,-0.2136287351298286,-0.03468146936310834,-0.15174386786630512,0.1382378692289059,0.08294291255639008,0.17129242085885776,0.2517025043658774,0.006262524246015921,0.20885309634234983,-0.1755410134925357,0.07285050075177857,0.004924785592237857,-0.0053930398751329545,0.028088518344875135,0.09761987530481453,0.0339798433224654,0.17683056863947377,0.07423123054232095,-0.34095795570223353,-0.0018300346177554383,0.3200452380286323,0.21083990300339073,-0.18489730024415774,0.005225763725613897,0.08073480045218462,-0.09087145355478088,-0.03299492715252028,0.17139784998235807,-0.2543873018767724,0.021491288458794777,0.151596432374431,0.1483246529551112,-0.2564100446544513,0.06776706231104201,0.036742887072865216,-0.47973330693629557,-0.052425802574904035,-0.3267790160824089,0.2871295276853494,0.018408534297237322,-0.7134558772513844,-0.0013002675737436853,0.2287091749531005,-0.40551855784744373,0.005817802275814854,-0.007770133709548155,0.21994786581399928,0.29336459275564253,-0.47798548839391386,-0.2867120328138425,0.019064756436995012,-0.12637841864655885,-0.22573598906939452,-0.30575092766945255,0.09496607060511875,0.014577147028339121,0.11610566205787265,0.0960574340562681,0.1524461331994389,-0.05726945325827326,-0.16235445251766067,0.13719308269527253,-0.0671823822050267,-0.058909267366707874,-0.016667532133667673,0.1287761158371199,-0.33402879038465794,-0.19303171938089836,0.20064761044750345
2020-04-30,0.2837916012692754,0.003780817953378035,-0.09894703662830473,0.10022468533923945,0.05669373612302775,0.6460369498243037,0.16419683871858393,0.012042477684895303,-0.2205693729218351,-0.2890602422396469,-0.1563379808646581,-0.14876864214961327,0.17199657904326737,-0.12924117346301156,-0.28238217645816965,-0.3709304769811317,0.050201246870525074,-0.030868502287050847,-0.23221039958095213,-0.05914917215867499,-0.17222807287020858,-0.07863647781764482,-0.045380762416097564,-0.2074069210735,-0.06942640050154036,-0.022448075516523502,0.211708307519495,-0.046295230541693044,-0.14297588736915978,0.005612621574056842,0.22355776150223772,0.2655900071496824,0.013385825312524302,0.4614093794090013,-0.11514488982145943,-0.03555747684929944,0.05260649556713015,-0.10244681310415471,-0.1884876380279339,-0.3244086309435985,0.02490097209086306,1.1953160804550453,-0.12850570241860182,0.08863194625512283,-0.014135276141459374,-0.3823635806218785,0.1261266386997213,-0.5027822827327187,-0.2126386713352686,-0.15063657461943036,-0.07780421765281353,-0.008538340876719008,-0.2620919116271879,-0.5956554773364434,-0.2747562541492675,-0.06572440753521736,-0.12095899765537932,-0.21355661376592816,0.1156903890931662,-0.07163467407235935,-0.006967058889667754,-0.14973530275048907,-0.07441925300515417,-0.1451445847886046,-0.12587147425174572,-0.3086219634337609,-0.3489490535465736,-0.21618944846637111,0.19322986779899765,-0.28467849661567857,-0.21371234197964029,0.005536791247024997,-0.030197985940327632,-0.06179911896890411,0.15289318703312893,0.18164502530643167,0.08570709404453547,0.0058123930694422565,0.03750124564231072,-0.07078890303209273,-0.23029448183722212,-0.27979805782366496,0.0,0.05963313270345427,-0.2707501136797098,-0.26231221541068794,-0.02238864926630757,0.07732019310890181,-0.0692958227854219,0.42300498050616375,0.01974422683941368,0.06017453237123993,0.1209535223095024,-0.1086378702948475,-0.11448849008454232,-0.33182463361637904,0.4081548287639287,-0.30620501581462,-0.47444228916934184,-0.05578186009843422,0.38012562075360323,-0.3081477326200375,0.2299529060010559,-0.44764968624580004,-0.19451362321457455,-0.35479422828524154,-0.28611706643136503,1.2240851548063834,0.05831973581039551,-0.029353889137514355,0.07127848779131107,-0.25467414705979896,-0.5150930737207644,-0.09637553038519941,-0.4440385613694705,-0.2470003724831934,-0.4428079245867904,0.044137954711914285,0.026108059314980725,0.19674848144167867,0.08564273169483383,-0.44333525983046274,0.14762350377996847,-0.5962167326869698,-0.04778442508997227,-0.6664530401014181,-0.23167336174569086,-0.10685212460632976,-0.2696039974232326,-0.12964976754139368,-0.10028958472270544,-0.1382954996431921,-0.6649733397759638,-0.3123894481525661,0.23520888130973594,-0.11611425674544018,-0.47780441023172693,-0.3595988273969163,-0.12212740363710184,-0.3325589371215435,-0.07939583596714073,0.12959878615182596,-0.8691767225558877,-0.24379040980122213,0.16492209514085654,0.18690237201588977,-0.499875146176635,-0.18702621624824234,0.2217026114048637,-0.780273819616875,-0.21187635825843176,-0.6219885164786835,0.39870710610795945,-0.16692632784322559,-0.6499837142203032,-0.19795587256003733,0.05362695662748118,-0.7490497865178684,-0.27358430138338874,-0.22809163352880812,-0.03675159382653481,0.4785820377053249,-0.7861212763706504,-0.6664927637791827,-0.16905381336494285,-0.5324535187012328,-0.1474664757162374,-0.4638380676221796,0.02649450045160462,-0.23262662716565374,0.0850609913517073,-0.16384235028973915,-0.018410165840697656,-0.4694161252575271,-0.3026217717468591,0.04345202630650191,-0.09584609722261539,-0.27644770098153426,-0.16660540831637927,-0.003261581813346348,-0.46083585926640047,-0.24298906120105512,-0.031711603519270715
2020-05-31,0.6936291250502709,0.22937243988985223,0.05322133167044951,0.3054264400743012,0.2983875341535991,0.9113462123785745,0.46512909453490336,0.3937477881001443,0.12979867218982433,-0.07412224810394374,-0.05095733791864754,0.002580466446225449,0.27585099401919577,0.06961227244277857,-0.16016190471241654,-0.16593202037714172,0.24431077474778906,0.21708088683079851,0.023325622528898027,0.18855876076028966,0.022774480755658022,0.11064549159965953,0.16799258751322133,-0.0670892954112201,-0.0363126273089347,0.03302987533197843,0.3559770200932302,0.09917911641930965,-0.0369315602296012,0.030434865457322546,0.46273768603260956,0.18500833267587846,0.223054115962666,1.1627071236920572,0.06550056799322612,0.06274689544060363,0.1748268710680707,0.029930791886723984,0.21642226214306848,-0.17175697714616311,0.25693051225980557,3.2227262199096973,0.13595765760421585,0.23063929827821594,0.11285768499894755,-0.32443906864351924,0.2148968469160648,-0.3175247791390231,0.15166413700542258,-0.06412268242411756,-0.032299360939856414,0.1325619599543344,-0.1917347375339633,-0.5797041557680376,-0.10605487543377656,0.24483870920122608,-0.02421245271726913,-0.24399888050655805,0.32292961355551375,0.03407378340943623,-0.04695538794800147,0.05488061139845235,0.02016863663565216,0.06144845892206341,0.022712570955197187,-0.032146669558148044,-0.1641624146768368,-0.2768164571148797,0.40079754347708607,-0.08287172238007978,-0.12301397018307914,0.1022207172272167,0.09902122178047179,0.1955766142457218,0.6165909111182133,0.49312101763724714,0.3425389092852169,0.03312680632359255,0.07747305830005424,0.037103680010613926,-0.13482877135401905,-0.0008833582045275623,0.46856776429439506,0.10245629784514265,-0.11032675926154423,-0.18748438114222032,0.01016371247366421,0.24479091054436308,-0.1919737315463681,0.7429403095737184,0.2873001326082587,0.09240430254220944,0.3785400989905865,0.029003030228754723,-0.012941237819971252,-0.24806443546394807,0.511613960883581,-0.2627853805839083,-0.4866395751755548,0.08032458930468156,0.3535956754075755,-0.09510672247230234,0.3845425985468549,-0.23645352860294055,0.00971806498574379,-0.054118204232862954,-0.17092009333580938,1.7633965686217161,0.22754612523416884,0.14984322673769945,0.2741651679398638,-0.21018798653815818,-0.4390704640245169,0.2161797156252634,-0.07797968541036315,-0.167059627090411,-0.30174937422823533,0.11142251413302784,0.1155073680442571,0.41165487114363564,0.04700276331159503,-0.26332009721949323,0.16640441158868757,-0.28165428404537673,0.139181371006333,-0.49509474983270685,-0.18382683602637495,0.09632409674705711,0.05290676263892968,-0.002776008496486626,-0.00741006344884354,0.022437517515314198,-0.48605879582427647,-0.05584198330944934,0.39057556307830366,-0.03066508532111023,-0.07120085665251319,-0.34976871516000807,-0.06881118170203437,-0.14502713957921765,0.15366117826755699,0.15981233418963514,-0.4816946732986427,-0.17128636845727774,0.5338236410886819,0.2678058472954623,-0.271781803969374,-0.12012419848902578,0.31464144115325254,-0.4934696342714573,0.12187038086121915,-0.40823831893510276,0.40806821787061875,-0.12342238711143638,-0.19398822981248376,-0.13921976593321084,0.2758468602765016,-0.48813299271078836,-0.2084090310575395,0.1463432616293847,0.011734169311592435,0.8231171945439477,-0.6372835177716152,-0.5700526888040283,-0.13596924254477394,-0.46362885579928803,-0.06830753951103308,-0.21179179343371668,0.01739772764630665,-0.008382945343888948,0.03660720046786925,-0.1294602493067174,0.02775081872577978,-0.5216297644075163,-0.14391221181997504,0.05187739984504258,0.12029129092818547,-0.12105927464504007,-0.0997943482432424,0.2675364280555701,-0.30590221827272757,-0.19199528705069024,-0.00583544659570967
2020-06-30,0.6255783647392081,0.14706607967317975,0.10508304616466302,0.31206520994985953,0.2699486367704982,0.7714849440359308,0.2812283599029204,0.2897820113207845,0.04903379582935452,-0.15285200832393298,-0.12942720164600507,-0.09025133857828505,0.17757699641871194,0.15198045520910775,-0.09910860140872657,-0.2282343030088715,0.17005940156368937,0.32390111462080995,-0.01610791632896902,0.21786573177017554,-0.05052815968555768,0.11970963100038512,0.09791751223890777,-0.10150938667956788,-0.061508760664603646,0.021489869839586895,0.41010816058023614,0.14350115676167574,-0.08046865691401339,-0.016225824298988556,0.3847784588890273,0.26778347154744986,0.1426821668087883,1.1667558497708566,-0.03934362048798179,0.02407954436221349,0.08437100685439436,-0.020039190256484374,0.08857356800871341,-0.19307626139161105,0.19140258286658196,2.7366867878890617,0.06452326021953136,0.2655091463514294,0.1320150667295017,-0.41108448447288914,0.14342767821883617,-0.3713200100895153,0.02151422668274061,-0.09917859386774275,0.02993390799074347,0.08549033848485488,-0.21745374142607798,-0.5920582862038963,-0.12550737476538465,0.15188012668606654,-0.1161004633996302,-0.15781485267505635,0.25268431058937146,0.03394277780829724,-0.03709760756599567,-0.06855577048627337,0.012790697937467232,0.08475014673677994,0.05235388034885524,-0.05591434266983997,-0.19425064745574194,-0.3724186413671905,0.18461218876447405,-0.20154488590203956,-0.14542234454464154,0.14263508041786377,0.10576683593726144,0.1670477219010862,0.5189386884112295,0.4793815221319948,0.38124717249475504,-0.017164257719345488,0.034224641099478204,0.08167936660391062,-0.12198111191461003,0.04022238688004198,0.24151346435694543,0.053325172678531096,-0.08732746664506685,-0.16778364238530397,0.0068743369255681586,0.16609841400016712,-0.1249553283128586,0.9578592356822158,0.3075673891587052,0.07614487660098579,0.43949239538603724,-0.039538010358779574,0.009715156377197776,-0.30318180187291455,0.5702911101954469,-0.3187741141152256,-0.42185802405049855,-0.018911796430779892,0.31307992794891915,-0.13365473416328943,0.3603242720880595,-0.23581010609771635,0.05512124139556751,-0.1523491102270742,-0.1497167705674608,1.5247597891386828,0.21350969694823418,0.04671047019783647,0.2164122667973667,-0.17272508668291742,-0.4144176565516452,0.30038992880331805,-0.20791103206783612,-0.17183383983942757,-0.30593042272971727,0.12185384791620235,0.08483940503737641,0.5377872231706802,0.0670251619585156,-0.3620389750173335,0.19394158291233254,-0.34147018650486904,0.18660354509687127,-0.4277403746451507,-0.09334094379536484,0.07928398370574352,0.07990334472955096,0.08129467709133564,-0.014258311737286644,-0.051767702755349254,-0.5142993964625242,-0.10879414737059134,0.4474915583858794,-0.06950032000199935,-0.18392437115204174,-0.3495611234023782,-0.062273586437901374,-0.17481515951616367,0.19106397772822148,0.27916705535758224,-0.615238280999925,-0.21323156741392468,0.5717713717016459,0.35409417081699956,-0.28774562145893456,-0.1011334991852233,0.2503286315323008,-0.6139984006289907,0.1710069149974709,-0.44201222786093075,0.40712376620532287,-0.18324568088084703,-0.1469763041432155,-0.15025366482057134,0.2039522634538551,-0.4681896382586551,-0.20157204254808747,0.3186388642355751,0.01989358402680197,0.5352468430101978,-0.7243625432836449,-0.623037667989073,-0.14935803585742102,-0.4610838102090853,-0.07150157497156018,-0.2285461058993672,0.014075469645739025,0.1048105847047045,0.03835509008920179,-0.04146383102832385,0.0578997372227088,-0.5495646587231828,-0.1722479055087689,0.03412788886255691,0.0894328241489939,-0.11281890793570726,-0.06287885993439202,0.250017266806122,-0.23949379481136868,-0.1813551530144829,-0.061139937192519755
2020-07-31,0.7327907590356255,0.06285463893100052,0.12915662926889993,0.4565683560698799,0.24302732192001897,0.7277503872637974,0.29937063024840893,0.4778495469518098,0.1399719393652108,-0.20602559385457064,-0.13104219991591803,-0.015968962340392134,0.1097499496050316,0.21249169687612635,-0.13740858465020633,-0.24090908749581674,0.26454905424436226,0.1640535021024201,-0.08026146622710384,0.20208445974977618,-0.14596142855072458,0.07465495219410889,0.11020124930835018,-0.16884679814405934,-0.12300883116883099,0.12940697882271457,0.5392051712269672,0.09050713839014835,-0.10281911109910247,-0.04020546575126027,0.5118088425834737,0.18464109327534706,0.40883624627361637,1.2579900432862021,-0.004822021388209419,0.06455093409800772,0.032327736711541766,-0.10697794375659853,0.28631479797107495,-0.24895768147084418,0.30835832201666635,3.4692276895316816,0.03878218406172018,0.20499422901359576,0.0920131153719046,-0.44326497875763415,0.10508000580361232,-0.36281436644727616,0.0658073931631018,-0.08563080386682287,0.024697351853052663,0.08168317643777967,-0.2246680825484375,-0.4530043361684387,-0.15597811011677143,0.19758870066291467,-0.17310406577019777,-0.15214904179493582,0.10456931055503094,0.04017705700761676,-0.14043607089740184,-0.032474496664071206,-0.038537779025390906,-0.0040962148585761415,-0.09577960555428144,-0.013070055318318619,-0.1628090560888642,-0.3434784649232083,0.21827676728393208,-0.26602780491038713,-0.14234127941746233,0.056129229445658124,0.09686048891744181,0.16440756719650462,0.45565745965185345,0.5806859147835508,0.293067244502176,-0.022881887468187978,-0.07991711194792805,0.10209331652385534,-0.09284009603133914,0.10893261301078216,0.14769431303190306,-0.09669763365675499,-0.06264349733176744,-0.10724067478082555,0.02366775824431655,0.18919645332652513,-0.17906454877313505,1.0463643462408476,0.136557340055542,-0.03829139298165862,0.35701793539569393,-0.13061934931971275,-0.062182724534038614,-0.33066356547419373,0.7423478938071766,-0.2992494126633807,-0.423506549066608,-0.07885993269714586,0.12501042617587377,-0.1578987276534506,0.35570456465710354,-0.30980033942519225,0.03266976704507685,-0.11566772579278906,-0.21559274658168148,1.5843055174039877,0.42756747462112044,0.09282220576825262,-0.025933705666441376,-0.166258674946832,-0.34051642759002754,0.4187377547016575,0.05588427225013759,-0.1802592782790643,-0.351929313628642,0.17057265715768977,0.07331414628678257,0.6372494687806518,-0.16951199964554142,-0.3765405144055579,0.11655118814457555,-0.30582766158476316,0.15168870723244066,-0.49125233754145015,-0.06528619825094106,0.11745309913743118,0.06785947283350424,0.07241933069122575,-0.18988525410035972,-0.20788192291005292,-0.5159025507351342,-0.09663272588282379,0.4225424391670829,-0.0545343913560965,-0.27664647998385383,-0.34840495359983337,-0.07805463308600236,-0.21388968429616273,0.28453889795722853,0.24277700503799626,-0.43496945505812545,-0.23303889229074715,0.43375674495183136,0.2964548483942415,-0.27109240351912944,-0.09018368576452274,0.2855728061059324,-0.5683857609228253,0.2933540747405312,-0.4001356139322486,0.42272144899515207,-0.22907237071201803,-0.20380448240037918,-0.21793842658106444,0.175173680697559,-0.41698143138716637,-0.23303181417823815,0.3529924039029999,-0.003508071046105732,0.7150000805652685,-0.6184607724962004,-0.5599841251191021,-0.16818341260256187,-0.4193178429297001,-0.14323710111991483,-0.1661234441293381,-0.04642888719873628,0.08077367229251431,0.030005028846773918,-0.029036313635676936,0.011028248543625718,-0.44323119607727124,-0.1555490760243884,-0.014052977262560384,0.020357328885648895,-0.07987257639076617,-0.08049807224894123,0.12398451099344054,-0.1994783216655086,-0.10068613328228404,-0.08392798414293323
2020-08-31,1.0527188488757862,0.19896314798360404,0.15292424821036255,0.5617025484981806,0.35388793571227284,1.462003129628504,0.1970234195851004,0.7816234453565962,0.1738412633527382,-0.07240602594919188,-0.0375104702101422,0.15228007311213854,0.11404787967168639,0.2484783413257441,0.03907351436304474,-0.2608152961081741,0.4411081046860683,0.24982153344866087,-0.011596337313595995,0.1944804567022238,-0.06015926168894503,0.070822747008628,0.15869221213097773,-0.08953591064505162,-0.11336038105239221,0.3153317053050819,0.35127151088680697,0.1024938733836751,-0.09134071501606256,-0.04416838229610942,0.5003910857023348,0.30198061092219497,0.6642723570478724,1.5392603394016944,0.08429951875564834,0.035730459179077245,0.11843996500194365,0.13551500207223532,0.40110747328206475,-0.2955358393583798,0.44587333796758255,5.341740386101777,0.0614091404999364,0.3163294361062523,0.05804072616677591,-0.4576670720377921,0.14764417784013717,-0.35694378500071533,0.062112190399462364,-0.19972333530533437,0.06271481173938431,0.2973904156832523,-0.21116028287198652,-0.5609118619450032,-0.15473866006170156,0.4007888702546405,-0.09735548541956274,-0.1667513097619402,0.12181195688105695,0.06675310011300306,-0.21368235831360594,0.16074525327809908,-0.05651601018987562,-0.08430477433216743,0.06054175492781133,0.06498463001627286,0.08100298754638069,-0.26094084751283375,0.13525288545925984,0.06017749144629403,-0.0764323117039275,0.04876839297937008,0.34047790440318426,0.2678583221406041,0.3709473369049334,0.8264708804567358,0.3133033139837571,0.027216997496962714,-0.08534286763894716,0.18856843343931495,0.02347987426849585,0.21368531678826064,0.10580985358990014,-0.10296157409287032,0.1211455676004447,-0.1544686502861884,0.23483599166089197,0.2948938002221091,-0.21587834583154042,1.1791759720785273,0.23848566182338682,-0.03342578159132403,0.35505628555839785,-0.11335132900673528,-0.04696233235020775,-0.2736122323223211,0.5109431926705601,-0.27800070124526155,-0.36065221786569135,-0.06427955812743968,0.2500113876742036,-0.12119451675128279,0.2590341086253882,-0.2526374780920977,0.15543404203194333,0.12460285506098967,-0.1429359695161505,1.537964028878688,0.5117422202953303,0.17435690673180915,0.06035881125895526,-0.16099501598457722,-0.2548812514885903,0.5755990776298792,0.41900943284562686,-0.21180404658339647,-0.3065650757129562,0.3727825409197194,0.10981594063750855,0.49320573741225027,-0.19091934352340711,-0.3299585959028407,0.0949366286526141,-0.19610601046731668,0.16427264400004615,-0.5712314959637848,-0.09008431852427534,0.35220080477768034,0.09495179084542871,0.18589563134940867,-0.14762247835854292,-0.19523951108304693,-0.41146056144854026,-0.11718105478019503,0.19601982945473573,0.21391396796162532,-0.22550367165400576,-0.38030629616692124,-0.06471841326786776,-0.20934848942190132,0.3667694310010363,0.15511371903883675,-0.2713125728924063,-0.2540469065349015,0.5542626156450507,0.2104305683616916,-0.25814962064036384,-0.13225904500905805,0.3434004110058966,-0.5097734069922132,0.38877422152892205,-0.35295077754679693,0.4298883783432845,-0.3457750315394895,0.43989831277514635,-0.2913517325517384,0.2523301117573815,-0.21422020655303198,-0.26125222498115064,0.3527124109094606,-0.02785342406812663,0.7598276716338273,-0.6123601331063838,-0.5604015204171644,-0.2222229879112122,-0.44228486694694424,0.005946455757541047,-0.12434120696934692,0.06689258572212187,0.364246338851107,0.03800231425306988,0.002710805297344576,0.02126238227932209,-0.5547172808957777,-0.07467698237772102,0.05566237747921221,-0.013456704527902041,-0.014768959807117121,-0.05017795553226878,0.23048895648188372,-0.0874985429405023,-0.0729392993985496,-0.0687324848623404
2020-09-30,1.3274601108594308,0.32987699797223335,0.26786633030143125,0.858425392392534,0.25173451785223966,2.1328044295228095,0.3450654482690394,0.9879832566545306,0.3051079463333486,-0.10088089106324771,0.04816839153867103,0.16263429385507422,0.21724470134874752,0.836768756379805,-0.11759626306448068,-0.2558109689889053,0.43463801549542347,0.3344333164061588,0.012610779622279411,0.2520759784744233,-0.10993803667805924,0.30897797567566365,0.2179419015343227,-0.11888970574795121,-0.06695625527257953,0.3069015466647542,0.35435874840719905,0.3261363370173145,0.019739487866876626,0.03649408558765166,0.6406360783457714,0.22371716700568856,0.9787759884455807,2.078872580432333,0.05852280187900072,0.04373089427847243,0.14057113616323136,0.1017166978136328,0.5982514335371358,-0.27133580174945715,0.47577143498443975,9.344169158941002,0.13265443845122404,0.4562295317185201,0.24022223526906838,-0.49949644705471674,0.19046659386897224,-0.3963807843857917,0.06799914081252778,-0.12314746021722156,0.04247973197616406,0.3400134493507061,-0.1260794013317822,-0.5430626032536694,-0.026576878502582613,0.36165342641806486,0.008110146035691379,-0.21131024806699406,0.16876121648490416,0.10475337772991677,-0.14728029380786334,0.2642450685565949,-0.12460018579192422,0.0026001153959738232,0.18391603557870706,0.07083202592095184,0.5315435333777558,-0.28841480992280755,0.08250285295307669,0.1341151133423113,0.0015336017772085153,0.1627189586966693,0.3535828169188664,0.28764611221047254,0.31105179580058606,0.47619490396518915,0.45062347216666776,0.07397720367931004,0.006920527335704252,0.16946832531945466,0.14145846158130126,0.261726107235418,0.062076979703055146,-0.07131150536795039,0.20683690379120478,-0.15865005092979745,0.274695190930492,0.22007216101284888,-0.10781385984140768,1.2347872298529996,0.23124575189687757,-0.11866264527485015,0.5084379960656586,-0.07496556926685316,-0.009509400663919587,-0.3218209339157777,0.6475032353550703,-0.2876063082840198,-0.4614446552429502,-0.12634546956501835,0.23546089511060764,-0.1566547734108772,0.26551239353570666,-0.22891059500865452,0.25504785500971017,0.1247216771227948,0.01795632698363181,1.8505091664687408,0.42578224738210735,0.25880276930917034,0.17102452182105488,-0.20752833986636476,-0.23036926095762933,0.5338677272724452,0.6463766136060427,-0.16029254588502995,-0.19121612550356315,0.4380907148585471,0.13569093564558932,0.4140130441614922,-0.12285961981723603,-0.1662779020464411,0.13513315667466586,-0.386311607089428,0.2034032330749529,-0.5916440132279526,-0.04502565134741754,0.28219360304064556,0.16202181695673268,0.20484794916641014,-0.16645359363976275,-0.0246951168146059,-0.42366557007542016,-0.09504816144518669,0.44554535227525305,0.2569536723458772,-0.3489315257446287,-0.3353467108264102,0.0053346136758867235,-0.1388933750431055,0.3193265504370113,0.14123028017303985,-0.40802304159491554,-0.24524563908340324,0.5284907473239109,0.20254360405992333,-0.3115584841931526,-0.1586865404967971,0.2300462203693885,-0.5275743742685908,0.42666962905735506,-0.37405849069525865,0.39136315971193336,-0.32777854713096966,0.5042539130595902,-0.32043732067483055,0.23678134775613335,-0.12171923032717169,-0.2878675945848709,0.5265357414569016,-0.06920463114440045,0.7932860372182422,-0.6985591745546984,-0.5422464335107355,-0.25671606826722826,-0.4043783285125191,-0.031223407938466452,-0.0820881424487323,0.0073566982772570455,0.32987592332351445,-0.029092428706742002,-0.025473673485521653,-0.17333310527596113,-0.5182016010188759,-0.08527735010379123,0.03241172491752087,-0.022166339631658816,0.03515555885925559,-0.08770200436120323,0.2572677951858109,-0.03973345339119083,-0.05862965619747629,-0.06649405371665973
2020-10-31,0.8806729965202924,0.31776783271715137,0.2335358792033464,0.7645810297555455,0.11097490059369042,1.416445538648066,0.22460371335225826,0.7722748595162683,0.3029497517618933,-0.2095602222174534,0.001693482958183834,0.10820240465994346,0.20267965977467184,0.6059813779562333,-0.15025621201029782,-0.34806931929938334,0.5693472739154999,0.16428362101620264,-0.03529532555155657,0.212928376248821,-0.04500587968960279,0.27421716880242286,0.15816678506675164,-0.20870332418259985,-0.062269891707303904,0.2216361604641599,0.325847530713955,0.22682598584307478,0.1442301870623286,-0.013438315763742992,0.48374508799598326,0.1893496822453571,0.7397793989751242,1.6980042790247674,0.1103931722343432,0.03974679372936185,0.13755025339801863,-0.01933382979317244,0.5055472709409599,-0.3464632853424283,0.4657895066568045,5.811411967310279,0.23691115619269043,0.25436806241636134,0.1250960953719935,-0.5239905120706709,0.21408143259823675,-0.457823116120769,0.11773998919245865,-0.11917672105894894,0.07521840990472484,0.4272709027134962,-0.13356710876275246,-0.5080656406723332,-0.16502099547135352,0.25400292464889285,-0.08369308428331035,-0.21884296512303159,-0.05051742198941089,0.14505605432959578,-0.16248156772771905,0.2964971066020843,-0.018653616607941514,0.05066627220854292,0.011483691059178902,-0.036685822653256484,0.6756456256722638,-0.37259212806331954,0.030142796507166558,-0.060498518030751236,-0.024504330873898472,0.07448485401192873,0.28319018439444354,0.17589120082612753,0.1679485459025034,0.24635538308641602,0.3244850581088319,0.12012507700281949,-0.023343706800297737,0.1217496067708217,-0.06067765179978579,0.07356196532789028,-0.012407984964981522,-0.09069591998332671,0.1934094716700432,-0.2266703265984561,0.40540573267218893,0.17698229198171833,0.03902981087723045,0.8276741997431676,0.2282358237367994,-0.09721374647041792,0.40961891599943256,-0.024462488103872637,-0.027293554446365942,-0.34411688505591365,0.39206057430280317,-0.29828398043135873,-0.45889068715058434,-0.09685550394975728,-0.05031635770227383,-0.2477313041064132,0.07521799958967756,-0.21683885539425507,0.250844845057268,0.1549469303588138,-0.039228753034602715,1.6726529843426277,0.35280090801452757,0.1910935973247896,0.004530589158059817,-0.18462307239052123,-0.21149398453562773,0.2792080982707026,0.5985756901115311,-0.20021877865409832,-0.185352652669716,0.379284838714375,0.14416088394109483,0.4060425961986398,-0.1625320050543786,-0.26288641157506365,0.13208822414289045,-0.5176360046701387,0.41610167356980576,-0.5925936655790677,-0.021397224143301807,0.17250531846789685,0.1234071756173607,0.17770558593029095,-0.1445521532987114,0.03733193841452942,-0.5036396206618423,0.012414923668102817,0.5049115853438262,0.25542106911873663,-0.5286180491914947,-0.3637064932986255,0.027736613254285336,-0.08525551783641228,0.34156498829847304,0.12817411280758373,-0.5573004890008553,-0.2870329436275251,0.55436954816462,0.2377940203206934,-0.3886971097612224,-0.19364562454669554,0.19426693521444838,-0.5060962179012032,0.5004500995053327,-0.47089072260499354,0.3628023215645759,-0.39821488925791926,0.21417227108319925,-0.3643375745428429,0.17949311356458475,-0.35770862817920457,-0.35273554532936147,0.5072108932975656,-0.1442395521226565,0.6203131920863307,-0.7396820696974715,-0.5492398286169502,-0.33293155443616007,-0.31239692624208826,-0.07532370668744814,-0.04483964706503929,0.04397482530650976,0.4990779957472167,-0.019773838574046354,-0.14376309023223555,-0.17788062424991924,-0.5493602631875301,-0.021125444167954477,-0.011090383767289214,0.0287049058715223,-0.005849915687958562,-0.14261917102045563,0.16106902036780446,-0.05390165578252004,-0.08540970193603636,-0.12399702568209103
2020-11-30,0.640576503291381,0.24946886101353538,0.09560584846872211,0.44444805953141175,0.03370415800691551,0.9231161680992324,-0.05661129232227202,0.686000594997866,0.15803873553203807,-0.2702008087405544,-0.08352250976115727,0.11781275793435952,0.20295228623021933,0.4259317095555992,-0.18045112476798908,-0.38211295948126556,0.5793991135514915,0.23926243455119334,-0.13014051421896666,0.2392118417142306,-0.13844415704457946,0.22473734371573517,0.017278127314632963,-0.22889863958141976,-0.07644299261404186,0.0872852883747024,0.12821295024178303,-0.006959159410128035,0.11592083616909088,-0.11082863558177747,0.3481346601907014,0.2722764281178356,0.5119176861398562,1.3163193399667144,0.017049292086052326,0.009776866313145005,0.15095970436131956,-0.08793740043237996,0.5194687060041345,-0.4057930213113883,0.5108115661219517,4.88046293525481,0.23820495046240286,0.10850765869562484,-0.010604058434933727,-0.5921709617954509,0.18551406296512685,-0.4951520724670513,0.07137723124238571,-0.052482915754746395,-0.08793104612349179,0.19445926586638707,-0.22686608023078092,-0.603339674705387,-0.14785998632539987,0.2438806532213309,-0.2076300472193371,-0.1206528761283524,-0.16464538912402038,0.19088099643382184,-0.23428831656378635,0.3694256371899154,0.07953662700259811,-0.0068466783697630484,-0.04234689102006106,-0.10210042358694482,0.648794745641097,-0.33828285006116976,-0.10178816271804214,-0.10262036158306731,-0.05903011141702086,0.015421720533929095,0.12511386186237994,0.15282008319154916,0.22036121669960385,0.30544124272615636,0.1670297056959984,0.033927508345744206,-0.07595570527698736,-0.02589022120860207,-0.2095604098820426,0.0023837139760534143,0.059566262648972135,-0.16612642599255156,0.09693748751425524,-0.21301331398589518,0.303077115571311,0.11233495765347978,0.13043611762948437,0.4730624902856213,0.18803008066636195,-0.042702832577963146,0.22719028571016442,-0.001563134702514124,-0.16591256099022722,-0.3231328020083747,-0.06038331179097367,-0.3678458614649165,-0.3775300056368135,-0.1898749970806659,-0.15923415037233646,-0.27530022733228454,0.05817309165662876,-0.2604185307178152,0.22364420389628603,0.1259035092960823,-0.1952999661055248,0.40592138491351415,0.1863180619986362,0.14103719972918727,-0.12194821106990439,-0.07572609346606007,-0.1322889937670214,0.24787417351711705,0.5293775279979691,-0.25621566785180483,-0.018716359131805027,0.6886080142788982,0.0013162649785449787,0.19654247530624014,-0.1879417029881264,-0.33561956001864246,0.028028601232111816,-0.4927325022989991,0.2940519568321278,-0.544903415281641,-0.012605242607868328,0.09287957863112051,0.06307676877711743,0.03629530018871052,-0.26281905454571863,0.03402742242960399,-0.5696275462892323,-0.10054318155760167,0.23716756450200016,0.33025123485073693,-0.5771135649846046,-0.34098162493324247,-0.026106961387361682,-0.0593020949767209,0.27481273070791823,0.0920765963329715,-0.6218085743656567,-0.32570871925789324,0.5875791194929478,0.20579072779410246,-0.5033470256208092,-0.1429715388611571,0.23337408071077648,-0.5680585808977197,0.3559744557753215,-0.5022610491610123,0.3050679987655409,-0.42617248945309083,0.7441598961649847,-0.32128999617663456,0.06873531619332351,-0.41046346525851896,-0.3493323113945238,0.3715847102083927,-0.11387265713769057,0.6603164234051042,-0.7506863226874096,-0.5617198252968783,-0.32479355354288764,-0.2778833741397797,0.0033773133483308015,-0.08403289844497741,0.11945888322873399,0.4539933290048508,0.054078694113564474,-0.23680372501902902,-0.10515537041559075,-0.5785938981353764,-0.015396679420158987,0.07254160999099679,0.056471647102468436,0.021835898161721268,-0.14723140641049692,0.17076206615772072,0.06845382369550101,-0.17153712819736677,-0.18705759885043405
2020-12-31,0.6356637197996244,0.2655555493394961,0.20192229350734148,0.4507443824097499,0.36947359073306396,1.0204972182489258,-0.053481084203169105,0.7144557507990914,0.31756069851355706,-0.18409689020058473,0.010640192768694767,0.2108569274470371,0.34423327920547475,0.5113134082682806,-0.07217570233715209,-0.23558390151024644,0.46845634570967976,0.30985020661157026,0.021412408805490557,0.29322745268605677,-0.0301559031990134,0.35416434944276487,0.018806018024846383,-0.12366718984292069,-0.0358484519704213,0.22036388333945545,0.130416439970912,0.13307269688324563,0.12780170039125283,-0.09518825727475433,0.37183161170763235,0.2406266039260785,0.5165189002419537,1.2812830244046456,0.10863506348802932,0.07838649452763558,0.13930990023958034,-0.06479362023733337,0.7033834824109486,-0.21724674596967186,0.4340577016577454,5.78411781727328,0.29390315535273537,0.15875130588399333,0.12636922563351005,-0.4711980324156756,0.3023799309265274,-0.4099287795410105,0.18917960403237966,0.039040935544055744,-0.00725508272890929,0.21222538058316087,-0.030387368607537546,-0.3493257232572231,-0.01230926763847695,0.41754029088050304,-0.266917279279024,-0.03094831590139291,0.022948698034618964,0.2736204164508662,-0.11615141599642098,0.5315552745504102,0.06030208882595245,0.15944891995327604,0.042246842240464044,0.03811312933438438,0.9193886607350554,-0.08402718429076306,-0.03928302475034484,0.019581293897507956,0.1789660864935223,0.15129272949198458,0.2281992329332132,0.19855848537266496,0.43976571509703666,0.5696096233205021,0.1990769313514824,0.06114125839293494,0.0208460434724258,0.047014121224272065,-0.1452356696382322,0.2458791687005033,0.19170676523976615,-0.10646420201245999,0.24455115566718377,-0.15049693192010627,0.24641909856803634,0.1452026925572727,0.08538645512751764,0.3743210329371045,0.29250914817133356,-0.019605259899532435,0.2990843930945497,0.12259489630208131,0.043968651121799374,-0.2450769932416076,0.04019183911584179,-0.1464905021346885,-0.2253430633602641,-0.07004020903902575,-0.19061102929689444,-0.19720072034835123,0.002090418113743997,-0.1566606925459756,0.3343073331931541,0.27683814923971695,0.023369842931123097,0.46146102517937315,0.18826149290324912,0.30926769034466894,0.07878601290583864,-0.06483601835300101,-0.007051361272434997,0.37217767291266424,0.7893869812793026,-0.12830750533941215,0.21242654572977293,0.7653276236608753,0.03499850294215601,0.16263811757769098,-0.01227074487442048,-0.15882762125178418,0.31436384078534685,-0.31739059585351903,0.3395578506034218,-0.4714606739688061,0.13218280184296805,0.1184241790831857,0.322355687341501,0.21227998719587649,-0.07360321570652717,0.1378709542130414,-0.4681155991219196,0.10330941562889673,0.42859234531232127,0.4395178075748887,-0.3887379923660006,-0.19289658417192845,0.06040629010927878,0.07054290353561887,0.3791513233542798,0.01935507274252779,-0.4886346748124327,-0.18049839627005826,0.45528741392988104,0.20546006927484672,-0.36723470910380085,-0.041781088028049695,0.15264897668959998,-0.4318112297453217,0.4166443220482974,-0.4231469518165434,0.21369344950949465,-0.2612393990056342,0.37293853200218985,-0.15913010067415678,0.1791353390478032,-0.31037707044267737,-0.2716706694094657,0.3241508967823796,-0.010571419130990245,0.36859284504717316,-0.6053671044601916,-0.41513432196253175,-0.1444919117988288,-0.1269248195381515,-0.007019043152104776,-0.0565285174271738,0.0319847329235039,0.8879327201195788,0.005538392814715465,-0.15704015503552893,-0.11829211602171397,-0.3229675396029573,0.13291288424859093,-0.011533945955200409,0.1901570085155293,0.12022857170762014,-0.1741869938787466,0.1689082104348607,0.1470567601081072,-0.027238101094208544,-0.14377016189017
2021-01-31,0.7296490114882819,0.2708956856742546,0.2883442899517008,0.42427514454001836,0.5082638985459211,0.9512765762653757,0.0936130630406371,0.6213957289336114,0.5003599176417768,-0.05199887559082972,0.03315066026916602,0.41756505161071344,0.27629227622094477,0.2206134302008398,-0.0004330495214268648,-0.16711647362868864,0.38660037119606416,0.22324434956046768,0.13590486173397154,0.19196286524257067,-0.07826041952635399,0.36241732246132585,0.0859037062323258,-0.011449534159646002,-0.02882438312069935,0.3193336862025571,0.23335466762043477,0.13434936219836646,0.027871335412011478,-0.012204313012162515,0.32042673958300694,0.17436141044615527,0.5669246756169659,1.2123325296186618,0.24950272198036183,0.07464932467678742,0.1373330621083404,0.06687060777920273,0.8314441313963143,-0.22182474782426032,0.4907937099852382,4.423474574817704,0.39036702737251394,0.30831802378272255,0.10607829564053439,-0.33120337011918777,0.280079947136995,-0.2834523573051827,0.37381484654731656,0.053070299103858964,-0.03386811748070706,0.16963818828843436,-0.05564483520392849,-0.3234247623412957,0.2167216873777149,0.40324313777524234,-0.14138997659341057,0.03859033891859065,0.08235050598055871,0.17938304979292163,-0.13414126641369928,0.7257997668736356,-0.02118115972990986,0.11368050130649854,0.22669345961203669,0.1562885220674084,0.8218751727680025,-0.12812818247737434,-0.040726556687573856,0.1914863333628849,0.25656276656655175,0.17058280162504014,0.4614670336648219,0.19518190164635119,0.5903725900761347,0.6098164097351413,0.13960055192789955,0.04230912820239152,0.03876417328979276,0.0599842375853783,-0.05715482770120428,0.3419548926501108,0.4160857571628649,-0.17278239414630336,0.16327760233692734,-0.1722852414223649,0.22987813067924767,0.10120123070167586,0.07252249723947712,0.4295731566402341,0.3310804690204139,-0.08949105954935554,0.12849461390928263,0.1774086216131212,0.16094854216733223,-0.08485507390338787,0.040916067655877075,-0.11371637882884655,-0.21445781593483726,-0.052482568129717855,-0.08923193211283442,-0.027580687626240774,0.016695169542230603,0.003758971254611554,0.2803382553985081,0.3532309520085668,0.3099559426794114,0.5357009396498573,0.33238874115144657,0.3022189173746528,0.24483766629224135,-0.07905193713188663,-0.003401214045358203,0.4370144168384851,1.3441438249481306,-0.13179920542321055,0.26229335192211933,0.8444705992575157,-0.030579250618525733,0.20768383018643188,-0.130625709514822,-0.05434136612869711,0.23238060887867884,-0.19723728551784314,0.48305442340172355,-0.43543867798597435,0.11525507860193906,0.19103601338243892,0.4176085805458618,0.13431810078622752,0.09803172988413178,0.28712048733788587,-0.3259576315204268,0.18315654748830457,0.6263246357781855,0.4308158265566675,-0.28566448279262946,-0.20240629730170057,-0.012441558585185808,0.0461275875968854,0.4444722165885364,-0.013067848993641329,-0.4790323472401754,-0.22845591015125932,0.6151501184572745,0.09564549788708532,-0.3000844446334492,-0.07782595632161693,0.1719064590515469,-0.22683788380022518,0.5188451727510606,-0.2973778984929253,0.22950032568089296,-0.25594089059196834,1.1128306268702892,-0.20445491107532598,0.22507077227667005,-0.11620576898977675,-0.30587559077155035,0.39899425901850827,-0.05230676908140508,0.35272077946908653,-0.5500600894697005,-0.3135543706972278,-0.17319320642844904,-0.09989561388903567,0.10559008709830797,0.05248799043500085,-0.024143216597366624,0.8686262782510779,-0.0856249545563389,-0.15509323536912434,-0.20324359329890773,-0.3451777490941511,0.2874190191951096,-0.11307690912209534,0.48768431491314734,0.22614534918425688,-0.1758245567845096,0.2904246810569804,0.31241530794859096,0.07226869029489413,-0.21721365145284321
2021-02-28,0.9429984717150623,0.629380161737187,0.3605055098341099,0.3293057356989526,0.6805996478287837,0.8830255112495407,0.23343771163895144,0.702030498299602,0.7279645923133335,0.06825204893626546,0.10434234351754346,0.5134508936540778,0.29460570968649735,0.32370890352884296,0.15569221175483072,-0.04663041515100408,0.6518721072618183,0.3644653383750298,0.37477418505600535,0.27253678151918126,-0.04678366869585837,0.36863544760396105,0.23812576833931098,0.149308443794822,-0.06902741931252743,0.3066222100811322,0.6732452944832603,0.09551754467919094,0.09028514650144226,0.038623756293123535,0.4429898581807248,0.29939615209865234,0.44267399911101,0.9259311775779624,0.2425178800845018,0.06453020968243539,0.16036740922616866,0.03681243702164605,1.0470156718906303,-0.16875332830507883,0.7569722117708004,4.939685133704718,0.49263230612931674,0.32989422851959205,0.06821274306668701,-0.24716931444854995,0.32647879603040697,-0.07201133170920204,0.37144477569928025,0.09303533162024702,-0.014335238215030688,0.24130423740201845,0.07650559314874927,-0.29413684423976383,0.14665078828051015,0.5533172768454679,-0.052153003337018444,0.030093209362969997,0.18669710376697868,0.18122966130387552,-0.05609839296434438,0.8773454366771933,0.05956298664583537,0.14403975719005158,0.17072806469122637,0.26706443716546313,0.6920854893149226,-0.013401072826464633,-0.015799044733113,0.2820687417265002,0.22618984125998254,0.25253511245940397,0.40017981001212743,0.18735116165782917,0.8458762786480907,0.6765025087897485,0.11613945407301052,0.0740224356785133,0.13208786019217422,0.06984210380178513,0.11223371390686299,0.5316193297751801,0.4891550774898732,-0.11696542719859904,0.3168983525300446,-0.1477373633723662,0.25451144616920995,0.2566750781550242,0.13115800128856359,0.1333198088646057,0.3471269460393662,0.009486101399395208,0.1993099930945148,0.17399618455697174,0.07090292501201323,-0.035436504626634946,0.022541637634577727,0.07792717256372361,-0.07392423895204703,0.0353538321133664,-0.08359553835186284,0.03209878988289461,0.07317803811206658,0.19249222328997107,0.2051605035964983,0.29258763750787264,0.4294093322438921,0.3581521960272305,0.414528690895988,0.3285063232088228,0.20943180004996864,-0.006847665623321064,0.5129307465025321,0.3675418237422303,1.7018068217598077,-0.0530612043185994,0.681909484671096,0.8807905504981035,0.03703213854893339,0.24565949103402018,-0.11700929520205239,-0.06201615175277597,0.2570874290486902,-0.046801956689139335,0.5046988641685481,-0.3276121627855324,0.16504883029807216,0.390894740895958,0.4523017095564128,0.1234201916611728,0.026224912874982742,0.2539624497712343,-0.16405208823545014,0.23985789587577,0.7843400235938056,0.4588549633414303,-0.10371695643539647,-0.15954488228354968,0.023819211811890062,0.15385251832021907,0.5718804240738344,0.021457692117153204,-0.4218844250023662,-0.14969683672968803,0.629935905454976,0.14623290629765928,-0.1461181556069624,0.00013177328600444405,0.23819759952816688,0.0765699706454177,0.6472490454455471,-0.16733277241055866,0.306123354387728,-0.1441090133430618,1.7785349955836267,-0.1223141151226792,0.1851650682491468,0.060160278808617296,-0.20746665671458087,0.5917843989850515,0.06271596876048835,0.3591408417389268,-0.3674149541930434,-0.20298735485474617,-0.11034953744094911,-0.09008901161365446,0.3580482028663412,0.21037007668631635,-0.05580228611752314,1.0208819710743096,-0.03918648729488272,-0.04943549193215857,-0.14842662102076076,-0.32446245642699423,0.41797827338233917,-0.03841792739660488,0.5325785173622077,0.30843634090166305,-0.024780493497541967,0.31072949177838716,0.4189768282435604,0.232340172591311,-0.13579075501917692
2021-03-31,0.9222140883856984,0.5415274496898588,0.5607850725757251,0.44441310813641,1.6109721876440322,0.8581794851987143,0.14050320961213547,0.5863457269450609,1.037623656595155,0.6681536653833984,0.3154842864853269,0.9132128806380742,0.20123833902680577,0.503681376440049,0.1815557061471036,0.46179785087653347,0.591468213983851,0.74010095463657,1.10354026995984,0.4068750015838789,0.13160503649760869,0.7085717135157539,0.24109705328143405,0.6953560956116689,0.13505073896169995,0.4292751064331728,0.5051121747025527,0.47265300606953,0.27765902601167647,-0.03415837576699832,0.48843698960117665,0.24673076997651822,0.43501995782600655,1.0832957010753468,0.35742005634359697,0.09960972408384494,0.15083971324563739,0.20564673479295248,1.0484056877111194,0.24912234413229473,0.5896148053080412,5.44561064492697,0.7725897580048686,0.34826784243324993,0.32646212989741175,0.30121062129709064,0.15742720793777187,0.5502798839560972,0.771912873879689,0.29614292176809176,0.3927578311403652,0.30015503091437834,0.6082262104270042,0.42155019025399865,0.7308223575668003,0.6067118009718031,0.18847678546940605,0.48163554296180067,0.1846712117527971,0.15959192102194408,0.18791072505719897,1.5559258754688083,0.10521258302505787,0.3526672231809256,0.34838271169284196,0.8564954172621722,1.1196347136732494,0.5857850206353916,-0.15323582531677105,0.9188255258602358,0.5462084761053121,0.3784204114429881,0.48785360880929485,0.4483581129735599,1.1995150515830852,1.3879651962884116,0.31069936966182565,0.07932549112195697,0.319540220989059,0.3563152143104804,0.19936851552347035,1.3255830141293878,1.176176618715803,-0.018609944642006493,0.7591678587867823,0.26178946469229025,0.2252814082522081,0.25461924637177313,0.2119367838565076,-0.07724913392604194,0.49346788924290164,0.09487291295640854,0.35527538125809643,0.4704404691629922,0.3854758375693743,0.49942066858884226,-0.10674509023847256,0.44002577873089654,0.8664250531687987,0.18152471237525614,-0.13749288617690125,0.29423248602028185,0.13524822451970286,1.4145995671312144,0.8961764645170112,0.6026668509112625,0.9569358465258804,0.4772533702562005,0.3392087069480567,0.7010950870101365,0.3217049985902689,0.08028874947648923,1.4223602819406458,0.5323762337317721,4.023701913916799,0.27372053262203244,1.4701637054823458,1.1473331040063703,0.02613360329818115,0.09198816811856614,0.023457310191425718,0.9792811831274981,0.262960708700545,1.449941002435466,0.6432662749876317,1.287261230304591,0.49625828473011446,0.5233892102452267,1.250279897126628,0.21782901511921393,0.34115220374916944,0.6765107975172935,1.1194358311852315,0.5185239306399798,1.0087466928644906,0.8809361876047221,0.8132836556910357,0.5529495298778861,0.21541842452642146,0.5402720385781679,0.7138773151432178,0.011361054155526906,3.7619552871673783,0.2321398667360821,0.6673322799824155,0.10367762184320739,0.7601256251949393,0.35061144160498126,-0.005782041939902172,2.2756201193581127,0.9012096504963942,0.8577974751928492,0.05407790269343482,0.09431382012207412,1.5162659410254244,0.18985244325913775,0.2610967608934307,2.2162116390564863,0.13950195039513047,0.8874819246273904,0.3531548105906648,0.21885929623487277,1.3027040102334304,1.1727621640963646,0.17261334203394885,1.0385034224586054,0.504421863727994,0.7093121536501563,-0.01632112935480179,1.8204480202153692,-0.05279214882149197,0.25355894703872495,0.001907879083559827,0.4455495139162011,0.6789603407730269,-0.015272037687532714,0.5559161421217647,0.6425910105935968,0.1076219072443445,0.36382029475972155,0.7164971712789443,0.3282626396879269,-0.015167277192384976
2021-04-30,0.675927014575977,0.31602244746139596,0.5081749988850734,0.34422004135975626,1.7220850175256026,0.4983775704244531,0.06919496110609291,0.25063863029606104,0.7688751792481399,0.6495554513454427,0.36352476723139215,1.0302792487812824,0.201005063759659,0.3082432104457833,0.25117101071487213,0.2064731375037372,0.38208828542160833,0.5315361555714797,0.8217638641678009,0.42073503750633057,0.12021373711249028,0.42696201275135537,0.12499584988071888,0.6317569945671948,0.187396886947927,0.5478767978198584,0.23108684416626235,0.29975290335123383,0.22471781843683747,0.003013531339493003,0.3289764769462342,0.33560183460660387,0.24249135662389887,0.8293275663653015,0.3408103229883439,0.10174931645830809,0.16966090857049476,0.26210668212086663,0.7230781268923212,0.2280830730390544,0.36664626766238984,3.2713075923225876,0.6742231751146672,0.2920983117321758,0.192118653373625,0.3886036885102879,0.1358545558847628,0.3007274896853658,0.4424957974121315,0.31469313059028114,0.34177512522388076,0.27298997515983925,0.5737625528603005,0.8062685683129429,0.5736105324444567,0.5376700630268294,0.03121670218603123,0.4953972773078408,0.2400105843599214,0.14099549592240357,0.18370471364120333,1.615207201084642,0.19082550899841855,0.11633646906800466,0.2953684780312942,0.6291577297815398,1.2687319295630175,0.9401847817491606,-0.1977062973148439,0.7221118355335947,0.5638888419169499,0.2634129645229193,0.44640622188706724,0.3948937574220823,1.0454125671626686,1.3617783349001735,0.23465881162396318,0.1630235176603716,0.23712354246637668,0.2670097074211204,0.41055311196359123,1.0082609949332735,0.8419297554113112,-0.003610383943046136,0.5991259314011081,0.20646023144442793,0.3002692883561173,0.21659744831448324,0.380425815542051,-0.1002889072118266,0.3879443090355772,0.14510118843723463,0.214889054718159,0.3214214490072511,0.35372493598375865,0.5774171564453303,-0.14454617038102568,0.41497858664189957,0.8837858111509476,0.1569277361432082,-0.05754131100264481,0.2911526012623422,0.07063220307404228,0.9900426036526802,0.5581348890438855,0.3646809607709778,0.7061489199377242,0.07216587577707378,0.18780407120190978,0.6902077205096009,0.1536551639951509,0.22704436919151827,1.406679650104889,0.4236438783026255,2.7293321752360926,0.42124842351432834,1.5778377747010675,0.7626440446695544,0.035709333404401855,0.16262462286987267,0.06606067087614109,0.6286556712718299,0.39492481904994503,0.7665346663750763,0.537706013325101,0.8453988103247736,0.4788266229602032,0.3736833439786862,1.0294197982123738,0.18737245834896066,0.31555757472203694,0.45287152931024677,0.6559819973078309,0.40740539756483196,0.8375021885661202,0.9270984616852325,0.2076117169616163,0.46397542230984823,0.31487356582435266,0.2761281833042919,0.6677019164149298,0.0192218950021672,0.3765674730062727,0.17828702407014685,0.29781862074278576,0.11427578295782204,0.31146095012291664,0.29203993148564056,-0.025870651036656533,0.8639357072728993,0.5574381100677033,0.5639763562420315,0.022033951691632137,0.14625439866196488,0.2734749367577263,0.15403833773097753,0.22453612445556592,1.0666745170603633,0.179645103219237,0.8352087499115268,0.3227229250187653,0.0384291304346831,0.607487712417103,0.798636693990795,0.2059574340952497,0.7169417103131777,0.519625740255264,0.3172758952002639,0.14869085154462347,1.4115647876698554,0.10283088509438487,0.279644950149478,0.05812379904294973,0.61896472602387,0.661866242897849,0.14058223539753567,0.43412176782290457,0.6849822160964778,0.20180623602689218,0.4016534244520602,0.6282562290576486,0.33947372316617375,0.040536490392082625
2021-05-31,0.6622178167534984,0.2840398184081099,0.4585742496257632,0.314899090306217,1.3816213940944149,0.5171004443129705,0.06525863151197209,0.4196948254676467,0.6230008046515461,0.7229889106162364,0.4815713411692699,0.9437532935460902,0.24800830961515619,0.31769566953060213,0.09950965525169742,0.1733268861138464,0.5298205817903192,0.6417626867358779,0.8008799154672543,0.332770435269673,0.18311076134784887,0.4289464949172177,0.11583187655849736,0.6319868082371023,0.19542673375728659,0.43614023435646865,0.21200089384448106,0.2760694737613987,0.28994351002489016,-0.0472563574335495,0.38627644395138216,0.2382264842447539,0.2233340634392349,0.6934781508934889,0.4328234490533893,0.12917296295327896,0.1791819500870353,0.3739778114743617,0.7544933447113389,0.31724481018656436,0.3496082914300762,3.2481435387858415,0.5595829747788024,0.32868241116924835,0.20174759468907255,0.7222095143181104,0.1412811456949128,0.3369833977876018,0.3749096632944189,0.30615023776831873,0.2881492317587284,0.21849231918925138,0.6377215107286716,0.6065134573411981,0.5042391297355855,0.5868507596355637,0.14767034871793916,0.4387709395646118,0.26733323714053125,0.14118445025348536,0.14257574646256077,1.4719038821009223,0.21390180589390684,0.06384530132032307,0.30684570341407236,0.5124738999838983,1.2515001821099787,1.00657671757262,-0.1496454740966945,0.8896676881030887,0.5519389123898664,0.22482544331902377,0.49130219054626445,0.3673782780285404,0.8117925492332725,1.2963779412544527,0.2294251230076958,0.19256361518469944,0.35785439402764685,0.30197043560802506,0.3232770083916321,0.9124297268255226,0.7964937088749484,0.07191207884594708,0.5869848089783118,0.30350560366787915,0.36474430916880474,0.3042729647497884,0.43872921328622017,-0.21460157692099302,0.3922948578368739,0.1975461110164174,0.20855412837726628,0.3570708591705587,0.3508062900895208,0.7373793961388229,-0.24225585698323837,0.5046198373646618,0.6708854585445239,0.3204510705102699,-0.1294734776116807,0.38434366765882855,0.07791215527349737,1.2047990202385783,0.4095809708547309,0.5311757975736289,0.5858482219238255,0.0205916010552043,0.159226405804894,0.7166171578581337,0.2751868042171213,0.20713230195348276,1.0210157399993616,0.30652337769919225,3.1669276191827693,0.33330541578683937,1.2109735279568352,0.7773568426439872,-0.02775215761777039,0.1384766101801549,0.06878535185850287,0.6781922040067128,0.1910346396075604,0.6499839332545514,0.3537426917227984,0.5843362637509701,0.38035470814921624,0.2397230505366652,0.7636941535055572,0.13973060304423957,0.35360021312976153,0.489267489279511,0.5002820366916532,0.40808446328616066,0.7157776584913418,0.9607826800950232,0.1674840511936817,0.5271475836875141,0.31743908538494825,0.35097357129701656,0.5269637486383731,0.006531620210892264,0.8672392168203185,0.28066116898510907,0.2825246183532557,0.13337426321918122,0.2512388002502901,0.36216107108486506,0.11138215141925678,1.300726217616381,0.2364466407349557,0.4884129048125516,0.0448858072841134,0.276126835228492,0.4317842586438112,0.24009695013848642,0.22241267896271544,0.6833042087163035,0.1622921001341664,0.5263442524290214,0.39618724729839827,0.09387529139110584,0.9630305246348436,1.2521975595922519,0.30470882226435125,0.652378921506896,0.5004752862597608,0.2842515064615305,0.16608670709028295,1.228297251997136,0.12198985288373088,0.25841650000938277,0.06772572140340793,0.5587183178085309,0.7649449438703826,0.17204126205336734,0.5006618749991063,0.7058297778572991,0.10440619199111323,0.2906655123919042,0.5635209025790959,0.29373422986056963,0.1588912254610182
2021-06-30,0.37554407195392847,0.29497581694046615,0.3326985280163235,0.15912795341749075,1.3078163007359294,0.5221440962176709,0.03732049318295272,0.16827854025082245,0.5349797794942086,0.817459539917343,0.6214218326600325,0.9508280471624093,0.29074509110098234,0.27101915811408905,0.17139285593466203,0.2290921877038583,0.4523646475874432,0.6620357405497461,0.9181579289233912,0.2947977409207594,0.25346096209495705,0.4921420920866837,0.23520754494296514,0.8028665834493147,0.2677298410945026,0.4339720903936377,0.23938803906976025,0.22546438466014584,0.2979226768966059,0.0050763544660175075,0.2387476091430376,0.23782887703107813,0.10497970382277022,0.7119602244047072,0.44819408534064276,0.14368343102960734,0.1554386196065669,0.43744786836975535,0.49645632962888064,0.4787230744559934,0.2977604507458045,1.895046210470134,0.5337166753789859,0.412375341622776,0.18378746973105486,0.850778511232432,0.20468601888530413,0.4064371585994535,0.36661204252855506,0.3392984311327154,0.3273542189672911,0.2595968651518741,0.7077945274603008,0.34762684211582195,0.48306872638435094,0.639509062228601,0.21190539724785507,0.36441764573846247,0.3853033730715312,0.16969917708106697,0.38399328297188995,1.3179942327139953,0.30751128355258817,0.08836599977623383,0.5292338288805749,0.5819038559277043,1.2624536557683346,1.065386348173075,-0.1119351403847978,1.223367631164464,0.6275795421938006,0.24300436025012462,0.4779495323231786,0.3476480489331264,0.6522739533172925,1.0269239399261174,0.23067096731129433,0.2628022508940755,0.40224612114788005,0.30946997186274405,0.3280513705287893,0.9281746466734957,0.6331522636168254,0.21152183657264634,0.6267631853956643,0.1980056874101579,0.30154120920578165,0.28513436129633707,0.511626335998044,-0.19437182847769685,0.4842175121668857,0.2862040290794954,0.1612052866503617,0.4280554820695752,0.345750241638084,0.698339806523196,-0.28135439138397433,0.6160660145530024,0.7390401912421616,0.4346364113391459,-0.000261546663551937,0.3900533467555418,0.15265604027647095,1.5915163435103814,0.3470833870397352,0.2755135971991951,0.602098467579155,-0.08882580115983363,0.08517921780159132,0.7020341402777321,0.38764289797321516,0.29089748937340176,1.389802882475493,0.2766290527105848,2.7005369330760574,0.3076402511519043,1.3442682155748669,0.6904227621790933,-0.053962527195632326,0.11580243455728612,0.30992108282094,0.6747929412993636,0.26624912477164764,0.7389191412650147,0.4032959277182986,0.7632013519906313,0.37547384404680373,0.25063393544310797,0.7062653942063164,0.16523742855942536,0.4862089231869986,0.5761494896950441,0.733387304332096,0.3909037756053704,0.9223476077315036,1.1196582030962197,0.45604882662526625,0.5023627077550401,0.3472753462851452,0.4058951558803474,0.5708599626077882,0.0036134576242858873,0.5521043696967101,0.3779147870080475,0.3341823919606468,0.1606081832656041,0.3796320317017201,0.40968277802071773,0.09349190532033602,1.4690361442911946,0.17505076612512682,0.633769454827938,0.06519636364126935,0.3575255717864436,0.7546218772105802,0.3229159951041627,0.18630456270395057,0.7423970816382093,0.30215180271830877,0.46180724240906534,0.4471113707853749,0.21447420131162231,0.4211889244572016,1.0058077823915301,0.323536229734223,0.557406946355347,0.7863082644277182,0.4619558997424964,0.22128950512659462,1.1839962461419735,0.10371134290887007,0.36280165269905873,0.08581606292877164,0.31490500225236784,0.8719833423034484,0.23037829887279315,0.5228393454732168,0.7213621130830079,0.17718278658059838,0.26808924497903086,0.750175314159051,0.330841961157224,0.23991530828451535
2021-07-31,0.2975989400206942,0.16468405658180552,0.3251828907479004,0.31805906777701765,1.2356610551187468,0.21309569850146404,0.02438622094146381,0.08704831223614451,0.5561456274561778,0.694541916738429,0.4195526364316411,0.6640525062465212,0.254848339437622,0.25363094918216755,0.15306210784925756,0.3185106970172764,0.3213188516862595,0.6410429597006828,0.9535191155659866,0.22806975411258645,0.25575081901083885,0.6076268182694065,0.15997793068763344,0.645747675300568,0.18228153062259844,0.19763778030004642,0.5557970070906,0.18760876514014324,0.21710516469999663,0.04920935930394488,0.3341933767767531,0.06557078764874946,0.08044916171544636,0.8866103250087765,0.42098631846161605,0.10856860100594101,0.04767332803789204,0.3639245762603587,0.38001499780540726,0.5459877294767621,0.22125227628991007,1.3753109459700283,0.5361146648892805,0.34240559913087143,0.2354600089954233,0.8932293282803307,0.10719594441833813,0.6152815716791409,0.526331336348328,0.5273921430981869,0.17140620697482878,0.024004275083935767,0.7895668631131718,0.5162025161936312,0.3164372639110269,0.5549232731582772,0.10863361835264018,0.27560179704495913,0.38412407772136437,0.07148210807519328,0.32152044149064696,1.0232925261236083,0.21422790812891934,0.11088328133033976,0.4123097714051216,0.5915093453633282,0.7896573297426714,1.2265040858579783,0.0342643256910129,0.6439751955977595,0.4966218840262746,0.2407290101191102,0.34167833993881946,0.23497772265470962,0.6451834942886745,0.744091887335433,0.2987696395937709,0.14934588944784455,0.3134676649164585,0.2211744269514888,0.24867940539191302,0.9075087701988591,0.6975628401182692,0.1383845270487396,0.4039905991782764,0.15777046836723185,0.14257784265347695,0.1598589517486102,0.5552676465999691,-0.11633216059825702,0.2719765138740162,0.15605042631501065,0.1815244864876151,0.3577457837340139,0.3064097233563714,0.6027137461882441,-0.2587132173426011,0.5497448593134413,0.529199007720629,0.4158753269856106,0.2605846078709553,0.4616558242855642,0.16585087976526602,1.4460676586464491,0.2843055860910011,0.026717419864099368,0.5030786497600754,-0.019607862371709306,0.01943171059070492,0.6310258542173475,0.3208773735190258,0.1915479706811758,1.2481089596012627,0.13361730714215003,1.8786919355003215,0.31059015748036134,1.3772600284100722,0.5878063803720144,-0.09134726000959104,0.12469981482642734,0.30878329897669365,0.6285336887425612,0.2860063133464008,0.6635945965464807,0.5958699563566567,1.1427701796574437,0.5237869197295573,0.07249915900035409,0.7418509283043779,0.09167815928477241,0.389384411452524,0.48805066048062784,0.8026087705653746,0.3323268715574603,0.9510968543442992,0.6708338125275155,0.47916513060986676,0.613311778603767,0.30194499535823405,0.2867112409337049,0.5420428830096244,0.05474036719101538,0.4169042639860763,0.4139471753352477,0.2274761569981063,0.1826832970126382,0.6768963024372263,0.507665573051046,-0.03214449896169114,1.9677313378913466,0.2857557705007927,0.8203035942641665,0.03756210825597184,0.4917067880204069,0.5330579477258182,0.40499869243106534,0.03782325198901937,0.6286154255962164,0.36698930146050235,0.3155388394266061,0.4461273572022697,-0.058383467514459775,0.9909947021333716,1.18966846403457,0.3915653702567716,0.5430023771107872,0.6214402779641028,0.48680868285810885,0.02454427478327892,1.0664602166331978,-0.05395156553905034,0.3480342046763698,-0.031961371980408604,0.6729224343879312,0.8408377467912698,0.05897178353008048,0.45050280088295636,0.6020437336598343,0.1139358458217683,0.10086233589394933,0.6849554376951126,0.3326388269578753,0.14484596286819595
2021-08-31,0.13591573414972902,0.12163505828647647,0.3416845106179882,0.21083384395097027,1.2866454304585617,0.16923588194482164,-0.02608753082071147,-0.03574948802213207,0.44536258498729064,0.5239102114380896,0.27632552336269467,0.48402896279287133,0.2784781229723572,-0.11267183750117826,0.35322894628893153,0.2635625517011069,0.44580325641991503,0.6535626310770726,0.8532820317128347,0.1771985292086442,0.18833928302403202,0.5435938771157343,0.14442610087669316,0.5579864331153643,0.18847066546937796,0.24979879266363958,0.663584994275185,0.08265114140106866,0.15685461099894016,-0.024108887079672958,0.27244657531515615,0.13324337166065026,-0.022641462407195223,0.4596284530812673,0.5472390846709387,0.15413655135769422,0.05337702160369173,0.3259669180889231,0.28252389663442745,0.45329947814871807,0.26148699924371677,0.3790334841176721,0.37392127949297116,0.3386990626582238,0.1675236737774699,0.9212415358631416,0.03876576338559712,0.5231276818537249,0.4510235733496808,0.5404328803839067,0.3116601238319405,0.015972490462960565,0.7010433894322279,0.3181235366855657,0.14018160402799063,0.49131694723377417,0.11165280266325728,0.3785212498489885,0.3045154952943274,0.025395816156998263,0.24547862195639514,0.7409681770279908,0.34802150749447436,0.13059574786165062,0.3815312502335384,0.4788726592675816,0.28643778114813356,1.0509151536679875,0.06842150699549099,0.8416185735526094,0.43115207509648124,0.14111708718103855,0.3566033839461893,0.17254707723479035,0.7136080631501422,0.9158188236814493,0.2840828628854877,0.1060388130263974,0.24735643346095348,0.3014862752368499,0.1836101405836399,0.8813215860100669,0.7046806283586098,0.07420531989665768,0.22748547208093028,0.18004390329279718,0.05340920536944038,0.2858583441074154,0.5209784889350599,-0.07310518099751784,0.3092443208543738,0.26221209357339204,0.17746002544021477,0.3816088826362922,0.265204137198195,0.5813711457803579,-0.27780164317349576,0.544016086796308,0.6777733780386708,0.42442313524506825,0.13589902081484606,0.42948418991047266,0.12502575813609584,1.3594741112213802,0.20050068389835451,0.11015484330048397,0.33479929165942224,0.2117956919863111,0.0360824452260049,0.5755314024789298,0.3078984323477809,0.3034463499931277,1.0454545327528093,0.15544928079995013,1.4513280092641367,0.3493617970721625,0.9183259296848996,0.7351046732802393,-0.11159417591200838,0.1590015094585484,0.2786387613908774,0.41852082898519316,0.3377075980394675,0.6133224655730984,0.5061903195294266,1.0687040810626356,0.5290852015870726,-0.015125456208280985,0.5305879452759639,0.15617865506774598,0.3534242755774619,0.4562507148809829,0.5492282683037306,0.22904885664932895,0.7453737868285093,0.7457530506124552,0.3328647405068059,0.5533358564656006,0.3245039124490843,0.38931602538268506,0.5354951934939729,0.1584148602178188,0.2757061600807986,0.4953823454363866,0.454039629348743,0.22040161016691928,0.5349021658742865,0.695244499981067,0.022811303772019453,1.4826052138219747,0.25681456915326706,0.6720895635169706,0.051177224402528365,0.5484152146146994,0.15879014199659514,0.5665683454900547,0.018057953797358417,0.2901756969661009,0.35001994719758556,0.18656050965196402,0.6969737861709,-0.04006930394529007,1.053137478088448,0.9722650319993174,0.6363147089777033,0.5037041228444159,0.802506276981672,0.2926646468714207,0.08955386133119103,1.2900020378641606,0.04293198218056182,0.3001696241464078,0.2604558245953512,0.381568926965304,0.640242496849559,0.11297497403178225,0.4389765857925243,0.37297364835601443,0.08856489723047023,0.039042295579978736,0.46520372866789095,0.22965988981983587,0.1009889621272988
2021-09-30,0.31945913041601925,0.17849708969991718,0.50910074567003,0.3533022492892215,1.2922523191998438,0.3504086364860006,-0.08664801071625972,0.10228258891127306,0.3980078058008587,0.7599253787427944,0.34202115965649016,0.4441887410794094,0.3271284499537297,0.0555068273168382,0.5460669013663484,0.41888767825677564,0.5092622689748028,0.974583467473638,1.0940521880386966,0.19456995504082508,0.21286419869742956,0.7458015154023798,0.19266180765508434,0.708704822239248,0.16781605637272934,0.33640631501733154,0.7747523837459707,0.028754854849031286,0.1070819223324826,-0.011572471789018546,0.4484381712195604,0.23454714660328801,0.13831171318004154,0.656141836371875,0.5168312751185014,0.15383581968973847,0.04955411932661136,0.4292354078023777,0.26428068066633736,0.5108983910559712,0.2589245270129428,0.7149251813886373,0.3698444045844178,0.3496724746786295,0.15241735727173245,0.971776952700476,0.07497369242383978,0.7035477888202519,0.4199501831384278,0.5215380302946657,0.4027392267016725,-0.08105066750645729,0.677585168830428,0.3282101373355695,0.34430158718877,0.7002127914684109,0.18162791435989467,0.6067985373695117,0.25963503182518544,0.03290079723391792,0.23861688837057393,0.7191962666594733,0.22896326485645857,0.13522652734579443,0.40952466553435163,0.6464004976627047,0.06408755587723447,1.1200872936734734,0.1903475477551757,1.0432944876472305,0.4334425578002268,0.20496047893919567,0.48484936069601425,0.2244499857632516,0.7773859365202143,0.8358992739801261,0.3240583809374098,0.09745845479769333,0.30389952338903403,0.392258329633667,0.37327170022553546,1.2124862649248391,0.5694209881342269,0.18666440416759933,0.20398323189126621,0.23730271420045956,0.07063979495233652,0.36127733863920075,0.48854670988494786,0.20297263961143974,0.31814409048251546,0.26277848558386907,0.24078828195317037,0.3400556079319965,0.3212435988806328,0.6398119114749807,-0.2639644389237966,0.5990398414765463,1.0236727856276175,0.47243681505924884,0.19469124510818303,0.6560407132898285,0.14339429607405307,1.3436383989052088,0.20977373900943896,0.1131249448487448,0.46115406962400707,0.28428297018800675,0.119011206040319,0.6871408795561449,0.46805312895502427,0.42046916685184055,0.9564561524027035,0.2767466229050801,1.3368167441986847,0.48759117751167946,0.6563025137661103,0.7139224005288856,-0.04279937285944513,0.3859697264038404,0.39178611675005204,0.4597103240518845,0.3835452421888794,1.1138523914908274,0.3224019438657624,1.2113019158987406,0.47419946811164637,-0.017922761001405996,0.4866829909332606,0.22954563850686838,0.2747493659317477,0.3905979016853929,0.8368777837979924,0.12995544858157793,0.591604712958897,0.6545988681038581,0.6252164495840467,0.6461708658939567,0.3891979189565471,0.45998756695980836,0.7493002818648675,0.22757898242213104,1.0713333327902368,0.5781115300876909,0.5613626140087198,0.19736632535847143,0.7541903712056899,0.7242491246430034,0.14450312654516928,2.221747029640743,0.4901794672327511,0.954817262841462,0.12678158580100884,0.6816291414670985,0.4176336792347197,0.6857572095775446,-0.10446245791181696,0.6728079351474272,0.4165205441259805,0.24667198723064643,0.7076174711472483,-0.06395795595473486,1.5695184217591396,1.1986023340817034,0.7158953722916057,0.36735689368118707,1.1158013313075617,0.3204439350559123,0.13217958113658335,1.6716396552733586,0.07359408654238186,0.44830322988816795,0.3961990586540216,0.6903130243826814,0.5398598761806088,0.21190095081007,0.4214025336829219,0.3259683623776166,0.1267398853089745,0.010449160716396566,0.5893487767895418,0.31647214764733866,0.1763257036580983
2021-10-31,0.30819519898406234,0.13685261580682795,0.48870810066685233,0.2876760519878643,1.1917974193584984,0.3667153708940578,0.008943640218562754,0.08197555578249394,0.4311796939373549,0.8282000566164178,0.3518574080856316,0.2410326145744821,0.2971543995870247,0.16769259984962082,0.5501423821025309,0.5410151372898055,0.33061811815075304,0.6542936864667137,1.0351922571623762,0.2581344947487072,0.3083160585305267,0.7216946889510889,0.2080493482146768,0.7013014488757454,0.12627562951387872,0.3514935226661995,0.8012715235338199,0.2089262504689382,0.15834968575244113,0.08290535574058455,0.40518033054365565,0.09392312983341711,0.28292762250807657,0.6545139315558404,0.5713043967584293,0.16183375865398952,0.038900704233492345,0.4059828958986218,0.06539715445827166,0.6231210627881656,0.21008005331307933,0.9984539091878681,0.3522879824181473,0.29896672814086855,0.23307201948900103,1.1947169651683915,0.020138139769164454,0.9342526391036217,0.43738536652269633,0.29085946591395295,0.5628264164218593,-0.052935793963390654,0.8529453453151485,0.5232357044886455,0.4630940472128622,0.4278687145218485,0.266121937848375,0.3606662561466356,0.21425874329571104,-0.025965904706341414,0.324258092450292,0.4994022568041281,0.10177851941199512,0.14635462298411706,0.38336654860461317,0.48775383485933266,-0.14624572480857778,0.7412346355480548,0.2539562243618616,0.9747308242584396,0.3094041802156029,0.23016079101488662,0.490301000131411,0.07786265746132237,0.7183816302003478,0.6795678299033361,0.3614133049936554,0.11920384908898551,0.2714831846347514,0.4808310247892784,0.3571937670523875,1.054971356742692,0.41198345958491767,0.2652455558505258,0.16258258494185718,0.16621290516324017,0.03371619183171104,0.2922289918125678,0.33704737557697406,0.11336366411910337,0.22968850391850326,0.12360705000615901,0.3272525100100636,0.3186048115747644,0.3132358993718547,0.5752063003696648,-0.1294394372321923,0.5746414235047608,0.7904146038672273,0.4698447249157036,0.12266426790866158,0.5406566359875498,0.04439092937165623,1.2489733293174425,0.2312079603116024,0.05217929392106235,0.3952163583659565,0.7111834543115321,0.19298671826358582,0.4708680436855648,0.5791602068503425,0.2557370525906444,0.8318236345014238,0.2237448402329405,0.884145286819382,0.5228583211898155,0.5264987751757659,0.46391416056691037,0.032777858049331865,0.28160327825979725,0.3928988667485671,0.5944228663942839,0.36447743680073597,1.192484533338122,0.21879921229562638,1.1200711142043263,0.39395789480046073,-0.0544185974910244,0.3607563456157936,0.20611881166639767,0.2872092956071146,0.29000162339515945,1.0222712959343316,0.2932365035069906,0.5246169315199269,0.31838716228243147,0.9406220754919488,0.587735027006024,0.40810037699315793,0.33318338126031133,0.5499673845069979,0.17927723619309877,1.5931274879622603,0.6353368131317818,0.2720405749224206,0.14424453165319884,1.4266797501384558,0.644034180641768,0.03356719640516048,3.1732024351679966,0.479856746461401,1.4150187650101649,0.09725338651848614,0.7815253957683854,0.35138680720162774,0.6099473727597942,-0.09260235968322528,0.8086147192043875,0.47629018022637437,0.296797319157444,0.634795160992913,-0.10658054519505888,2.2450659237307686,1.172779437814714,0.7387006599544452,0.4461854122623523,0.6035363793569586,0.4444785008605845,0.02555720360583158,1.3708661565426743,-0.030380990316622447,0.5536142503276982,0.16804568584824287,0.7738953720235757,0.3278587662917243,0.03558913974377553,0.23474027593344182,0.11851098078441713,0.07364784844151617,-0.07109197917434706,0.4032951721821787,0.25471412261271853,0.2847353997227362
2021-11-30,0.2642067203622642,0.20940943061824369,0.4582068379100277,0.35924923964370326,0.6658536776430017,0.29753937627026206,-0.047034605816219766,0.06451631547650405,0.36613591082475483,0.7318401933787375,0.2538115642568257,0.19979150172341975,0.29735397006010844,0.2192432298480702,0.33917241114254404,0.36630209496846455,0.3924401949506451,0.6877107703120078,0.8244377769867008,0.3698264060565948,0.04974040551324066,0.7880452531283686,0.14665642304535198,0.4774032170536697,0.1182107838293256,0.26353636228771427,0.7698873519469303,0.0019490159478277036,0.14876428644584494,0.18766952522948976,0.5592513170917093,0.17713908437014458,0.4067861964397299,0.9097680803229649,0.6877739257853781,0.1535883603429049,0.05556682110289901,0.31471293707599646,-0.07885834940674497,0.2616427317665406,0.3643185803968949,0.9626498387705673,0.19001716291418447,0.38877557391514994,0.011154946843374924,0.8887654772307849,-0.0068719707625839455,0.7709627430602706,0.268961028840909,0.316792048438191,0.573788910470493,0.09322706971232742,0.4824679750245897,-0.01746479909503096,0.19341356433186707,0.37826156238081743,0.3010557792718451,0.34667372073718594,0.034562993317848845,-0.09002030844106579,0.3005481528558487,0.3227165590872587,0.1334903529982685,0.00913432299768191,0.41396560935548,0.2834900390139128,-0.16976417908097885,0.2918165952916343,0.11635518011384116,0.6824513920791409,0.08571438870147174,0.3272325189292964,0.49217000600978356,0.10301014651359308,0.4927082678914343,0.2568236149865768,0.43979164274116544,0.0803845986118994,0.07539650516003649,0.47715264466909457,0.1913320236436742,0.7019566926988032,0.07967871882834165,0.1977152829496327,0.25103986865088945,0.23445179014183637,0.14598602195334331,0.48074742873619747,0.5256227754073259,0.24012167453773814,0.27840638554014796,0.07371352641138129,0.3561452042854858,0.1514351076104674,0.042622284484234996,0.4421254238171204,-0.18801320449711856,0.24474957823677368,0.5789330516112494,0.231663031727823,0.11038012536514952,0.5542045631465184,-0.034451132452620326,0.7872389649864564,0.22725443973421955,0.009211078700529285,0.14228785846714231,0.949480844128755,0.10329298983251389,0.3813637880022531,0.42829896968159176,0.3299895229034926,0.8810571026009331,0.18914535610816596,0.6230469130432315,0.39333867354913554,0.24156010472365774,0.44505184340453763,-0.038935506173310874,0.2312910597387594,0.21823053492948818,0.2612910682296319,0.1635641832411372,0.7491529256504352,0.25155220980703574,0.9076633681036599,0.3566427868691864,0.04932239737537003,0.12070629579814596,0.14848648898814498,0.060387468033377134,0.09529152178988576,0.5816911947858927,0.06381895040926278,0.46097537445541414,0.2541663449225202,0.5000835049538563,0.3081105714619732,0.3683068918974419,0.19595972196651057,0.35494413733743,0.2444578540037179,1.0468777395505655,0.4689913522266498,0.4757288629076717,0.10955986263817996,0.9412767081485367,0.6970382615236388,0.20918664102539375,2.0066325621082153,0.5343292354006246,1.041058833087086,0.2138717562665815,0.5428873779831798,0.33803752653258834,0.4241818290519044,-0.20122366404483472,0.519699424260623,0.2424822894369525,0.5220735961609995,0.6612826727406449,-0.05079352409899929,1.1309514584964497,0.8640345184934144,0.489905409403528,0.15171338399346368,0.5841989418354099,0.43074520995665866,0.11304036937181161,0.859078049488962,0.0018079023541965888,0.4135679028649921,0.18101683677078007,0.14579931501730048,0.08926595941186855,0.10767710679620479,0.08687228929025226,0.1056424243647891,0.07317394266772803,0.008434426448323373,0.3348825847691783,0.01931598516292743,0.2982307043115908
2021-12-31,0.2534405886770339,0.16644480454772648,0.38515998148598496,0.3393785134085252,0.7176863429302212,0.7268563591557269,-0.10824325284102021,0.07680241237415553,0.2938162281350789,0.4882542230640694,0.19329800434750788,0.08443659146901594,0.4424752589824146,0.28054659913504776,0.26140924829185685,0.4065833898873039,0.4514392442178883,0.6192429328962092,0.4623757311184702,0.5333731779010202,0.0219995426548103,0.726687053101988,0.015756298529853163,0.28132994347093376,-0.013428881575234697,0.22089855079477672,0.49134841152084996,-0.11339519392168718,0.16600024534953817,-0.014768104331484677,0.4987909626162539,0.1469589123732622,0.18709892610981105,1.504828591379301,0.4243032516265801,0.10144613326457042,0.06523290726032993,0.0779023252500135,0.2025437130258705,0.15904258727519305,0.3608233639170526,0.6222314077250077,0.19963034214492148,0.2803734638297197,-0.10867184207546765,0.6047416668091872,-0.012879454333687423,0.540990337318995,0.23573845086527978,0.3293504911968088,0.4110489129245045,0.06935566919882752,0.27429895376514835,-0.07572639278686821,-0.056310999990418886,0.27257113821719714,0.058970761805108296,0.18205778503432746,-0.06629792955522018,-0.10263192282671418,0.22718232901715663,0.2946066893068364,0.1015245950776722,0.030402461652140333,0.2769440708961588,0.11673097982894798,-0.10562947685477486,0.10192555530560599,0.22128089704189846,0.38092788324364335,-0.03292960775344611,0.14355087367748887,0.18936553655763966,0.15684920520016887,0.5945943811055114,0.44947274667093406,0.355952589647593,0.024527710955871695,-0.0754078229900339,0.42323403135320925,0.09632350981742621,0.4166361427684624,0.11888031735366655,0.16510468056433547,0.13393141246633555,0.17199478517490374,-0.01106689115821391,0.5369374532601723,0.4481686712649853,0.31756749074348334,0.362878981077549,0.0364680545046463,0.3971755461093114,-0.02716382173319498,0.0313711023361023,0.21489943878543216,-0.20902087950385762,0.24755418367161108,0.41554652490864763,0.015255007910169649,-0.037245753060746956,0.3259016444735314,-0.11508466808444484,0.446271003871455,0.2052053882107885,-0.0363319124478082,-0.20024284900536382,0.5216651114301833,-0.1318243001878433,0.3756827702390495,0.17625773988791682,0.2916179006509996,1.1941561199563169,0.23823990058579603,0.43424080507259544,0.3032647843413041,0.38976945525430384,0.21645630516723702,-0.008442986248339723,0.3342649330460825,0.12738918514791187,0.11855664415376066,0.2577021502904844,0.5310077634042338,0.20312938140789494,0.676972814487721,0.31132250183956556,-0.01866651246261597,0.1233084201598913,0.08228114213902749,-0.10533872428683422,0.04180623083364954,0.33675872165407994,0.042538520604199936,0.400262296173973,0.29865643269417297,0.24997759273980358,0.27161036086554846,0.37957647120745297,0.15050753836372288,0.28082692780597784,0.1865839208183071,0.8281412664833374,0.5239401456407158,0.2920712406981172,0.1667882870783055,0.8079997039718481,0.6856168848667739,0.23074792404067246,1.772401891612549,0.35743373347458185,0.8053833666790247,0.15493116654590633,0.4732492196089053,0.5287177670243626,0.4599638333575977,-0.11617147884937407,0.1494309992990952,0.2063553190661176,0.5456596917405321,0.6708588546797833,-0.05819253673744329,0.7147339044843377,0.8526555392439874,0.5236865972949247,-0.019917790102247368,0.3259639873580604,0.4023263601269538,0.0664524592954312,0.8181947481019107,-0.007427230242679772,0.25674012534520596,0.18086696511838873,0.05959996747649954,0.0026949130913405117,0.09510039222846856,-0.03321350132932621,0.08428077996146,0.030188938842601765,0.02071690787033975,0.37078388097536186,0.009456795003478291,0.19739320425377804
2022-01-31,0.35393061245745594,0.15172746796863823,0.7288557707827261,0.23604422943562398,0.6392078879200382,0.6802895250122807,-0.03934992578493435,0.03996630140501556,0.520908054147631,0.5293923627480888,0.3121516935401356,0.14822735505771023,0.6231081479108271,0.1266625388133129,0.45140080328466126,0.4495401773622374,0.38759187991115773,0.5853692825807617,0.4355038500718964,0.5644336057571757,0.2328319234400209,0.7875511923787095,0.07510121509868806,0.2525519975798214,0.26846643413324034,0.43234661042983724,0.34830173713581747,0.14017338128046486,0.31932088326586583,0.07999852143709507,0.4620589421913781,0.1771657325174001,0.13157649987632802,1.2661475296744893,0.45980835505135476,0.3091105243710581,0.3001246547354117,0.2553770264177535,0.19171133537228657,0.3209624404386142,0.3117096941355011,0.33174547941589383,0.15722678589444739,0.5264712193663661,0.12828545706806405,0.6276386807886225,0.046273382469155244,0.4485422685383642,0.21292476311773978,0.5217047205017078,0.48826026117842414,0.16509285897060022,0.4186206890782127,0.03671664242840644,0.23396244041102832,0.3313347065061445,0.19864563172476313,0.3508931949821814,0.07700968637989791,0.11288807733037953,0.2969058388074437,0.2004691362870692,0.16019507384375054,0.15722956317810133,0.5797961020439943,0.1971432900727268,0.11111724168648185,0.10917710081634091,0.15414227263321112,0.5950210416504449,0.08549420041655043,0.2530993919604081,0.44173661689967414,0.29749590304276596,0.5535082152037589,0.4995409841087599,0.4778457322978582,0.22207765443737126,-0.0507794831708539,0.5987052000224979,0.23942998703082718,0.4912402229266195,0.1930456511142864,0.3746358373402743,0.2779251322417078,0.2998233970465025,0.19846860349292972,0.6641876646218938,0.6904820542067946,0.25341369989430995,0.5392462149311814,0.21291392381021823,0.5003793427976351,0.22209113458830942,0.20314421096999924,0.3517346405184063,-0.04138290401503719,0.3243432065480025,0.5564679389382714,0.12683421802122918,-0.15105618837038437,0.48620986163598023,0.03884692761866404,0.4157197202415206,0.4056357241511348,0.15265340031720975,-0.07896778294254281,0.43243965176500865,-0.07432731265330017,0.4974340555512413,0.5687817895281251,0.4372962984753368,0.9823912779870161,0.43584384859915914,0.5607173059944626,0.4482130557609918,0.15686660448961964,0.37557456348221185,0.11930491570714552,0.33861630838128565,0.26720934424598597,0.42068635096856455,0.43772570105179387,0.5428651905463258,0.2570046447413157,0.5515268406036686,0.5912623032258655,-0.0009453436239607038,0.21790520238982092,0.2566670321883866,0.036922174942790376,0.2282161028218339,0.37206899509667224,0.20586804332815967,0.2950159279516418,0.42795791147991014,0.40601612673536236,0.4607020372788977,0.5236218534101542,0.3911481279532316,0.3339640665977599,0.31191187655903496,0.8928596410288652,0.5895779399714687,0.31685166809777376,0.35019814872767774,0.8641479674735528,0.7918242270002682,0.266277914394345,1.8420695024014018,0.1898843805450281,0.8344202092973056,0.1608624693593783,0.5131172135065811,0.3372167474292864,0.5100765077672815,0.033846226863307516,0.30780186931377607,0.18001905164163134,0.5658655593367381,0.7594917088998954,0.0792649034855295,0.4471969887998213,0.7960535278241874,0.5949721105385781,0.14669916152228657,0.40779078550676284,0.3066886008012786,0.25691624409420033,0.4488562965968028,0.17680550355620817,0.24560627873727836,0.3223273021715354,0.18644110671076675,0.022718773401097847,0.2906394173971014,0.04155431507187668,0.29839103537839873,0.15041777445895055,0.24109182794494166,0.6181458639504582,0.028550996056863287,0.14178590533262048
2022-02-28,0.4480874334589475,0.08002600846845453,0.4254932943124887,0.16235554242210126,0.1752152237033815,0.3519109822743649,0.03342792995003596,-0.03280383363922312,0.28392398014942954,0.35489088584806927,0.30148432981139583,-0.04727276870062547,0.53468708493201,0.07450353896571738,0.27426768585408734,0.3628705239667571,0.30500996389514645,0.3383731432235997,0.12966788888308,0.450207082985304,0.21759577904566063,0.43033918054814047,0.10777095701729622,0.03383200778375772,0.2846173889803052,0.3237068654797133,0.21076235816630495,0.09733685852441942,0.2795551140459809,0.21856264127817893,0.34635589700146086,0.07841153378683319,-0.2073118301492981,0.7869689109072315,0.27734334013564066,0.38237981506782637,0.33070706258221394,0.28842133191398456,0.31433691729437774,0.27535916345853506,0.2941391221918541,0.38670606890254566,0.06701223369379639,0.4424614605741062,0.06976141846215067,0.5029337082461054,0.0932370576158088,0.4582384670434636,0.06528272952254754,0.20725359267763466,0.22319851840181992,0.12739356531963897,0.3436022094071003,-0.05551619885208936,0.05480758851022305,0.20830215173118694,0.10624040423594683,0.23524411888947383,0.11772219240193116,0.12129248501737888,0.1856415642546021,0.09010502668984777,0.26299563447902186,-0.08709514177052624,0.47215957999504266,0.08723346866828274,-0.023302749144749058,-0.05524205431487039,0.16634954712981487,0.40755656046570987,0.023264843950603353,0.1608916832495797,0.15708463197678002,0.18130371000286494,0.2617842446593994,0.049551714000443337,0.2542486458442934,0.2883304352906968,-0.09619905795525052,0.35259579062214286,0.2537943189924401,0.36824615444818276,-0.09895317192256325,0.28471231103475425,0.09159851751746273,0.2348229919512319,0.2881918778138024,0.614739195939968,0.5744201563033196,0.3507113914231199,0.2702721554927232,0.2633463449269058,0.26761009649997636,0.03230721005002568,0.10267253905203866,0.20009654764196982,0.1434956460225172,0.334738324503826,0.3466732829434014,0.1620477211404363,-0.1717971417617974,0.44099375258060425,0.0924201693930462,0.2377419117984425,0.21541234128925968,0.17357841403341467,-0.24370497571647454,0.08220627559802085,-0.004851440288152431,0.2410518371244592,0.314079409787825,0.5526042367866286,0.7527443882173332,0.24152418384139285,0.10836694638566269,0.32955987199424563,0.027274428145838137,-0.02474190272415311,0.10970170148103398,0.37348752723609957,0.1726299913584428,0.08813379117194975,0.5282235622080476,0.3512847152117142,0.1046204947002467,0.463623065591787,0.32410185567162,0.05176013072157626,0.09096156710859526,0.16366718582971984,-0.15374476526308511,-0.07875946599063577,0.4176807251238719,0.12152157344441972,0.2138198345337714,0.14451661079126898,0.12125912866752153,0.30494997621005204,0.3786845993112695,0.22342397360506694,0.14748605671395998,0.1866316682141469,0.6985460062321172,0.43132537769555257,0.02605642509623607,0.207138793866404,0.7455155284518606,0.574573111006079,0.1415062486168439,1.4932507658801004,0.07314610208247596,0.8305562218416573,0.13058744689759982,0.39801850693899143,0.19449100137753583,0.340562155974635,0.1057551712059277,0.4196399385081311,0.2565551156499546,0.5067176257484527,0.5695398271937022,0.1666535646290659,0.417623478295265,0.36181108438245957,0.42008265234118936,0.03576426720508996,0.16883302690957724,0.3964867789487494,0.2967941838015369,0.41552723207063313,0.21499635814754292,0.3145323909724369,0.25431490068377327,-0.02957591373070856,0.053228382770731164,0.33432748173682403,0.17362477010405475,0.1705065255106235,0.20006367273555892,0.1324574973034227,0.6433226567997454,-0.028865339615421814,0.2973722889743118
2022-03-31,0.3598150121116306,0.02155575205671112,0.15715199518549494,-0.016176878053715704,0.011535457123998505,0.5712101444317277,-0.06052630974755979,-0.007375318347623283,0.29446609433990334,0.15865195302151847,0.25826911445985123,-0.17449692226776992,0.4836941845126097,-0.006324485575169292,0.10769833892731029,0.44101707057172224,0.22175723330055797,0.3096312149632747,0.05786702988364101,0.04969691243004681,0.008689201557940729,0.2446210078762845,0.026761011697094883,-0.04626797242264158,0.20797218563830633,0.057527302633261224,0.3581938182197184,0.018413447079772105,0.11638930674860681,0.06947629212826478,0.27761707103327815,0.05585943515353109,-0.2437219762422007,0.8277960218506784,0.09921637092591173,0.18196520844348618,0.17928470382822104,0.18289424021674927,0.3147995122063225,0.36054723652751663,0.1936911556556422,0.3031755612459137,-0.07886482384226345,0.2923712811583954,0.027080339559386157,0.38645432755226006,0.006688304259202749,0.48234805200651554,0.051450361781906206,0.09969380987689669,0.2791861229602268,-0.1465908894524257,0.3859109586904481,-0.19385994286340702,-0.06764016963400499,0.00017411039252146487,0.1428200886194113,0.3063752730241698,-0.0029146012156640033,-0.0016949050993669834,0.18983135107096483,-0.029440130127803554,0.08099199964683867,-0.17119827101710705,0.2698540778588159,0.051596373455648825,-0.21090022065596548,-0.08853016263226254,-0.036493989557589535,0.3372601813309266,-0.10996490757217925,0.15655881977399488,0.17870184162928537,-0.007871923028239025,0.06696469800461058,-0.05064715501607586,0.08641283696097557,0.13708789891790607,-0.09664410417134017,0.29426531265957756,0.05878978733055562,0.19847511018959496,0.009852340328625253,0.38938804092145407,-0.02929868055078977,0.11576705923939135,0.12894353430429173,0.3949402067295005,0.4658483939360496,0.30692811288374755,0.07794961850934956,0.08554036176977098,0.07261021260443834,0.08913440040757381,0.014029931256277717,0.04615697739747637,0.07040813870252771,0.22215533242019192,0.34924192869288806,0.09287865995198574,-0.2457194119505417,0.15221864757037218,0.11440168115399474,0.22604008209167592,0.10997136839558808,0.11641889858498233,-0.19542596842399917,0.15170145744590147,-0.03541899089918432,0.13176808776535665,0.34349597760146966,0.40883580102932626,0.448094485467879,0.04524629847270689,0.43972218398064866,0.32323044082427566,-0.18691257667772398,0.087960553109667,-0.0401092282625648,0.32576945830366455,0.26202244962745724,0.14874099854823042,0.42153774512972575,0.5085783356737519,0.033167879600954464,0.37701081387275415,0.24379889588479808,0.02051559383037871,-0.0479904078680603,0.11702611144610064,-0.2321705242423816,-0.14539293686609078,0.4661044460060817,-0.04163626969146361,0.023215627033257302,-0.0614984887260549,0.22725216689690586,0.1979724847206863,0.13200194991896996,0.151932614749422,0.030872720083728655,-0.0322499023707985,1.0086224415521596,0.32058257346130326,0.09592597773317912,-0.011524194748387728,0.8437884469220591,0.5273652554663184,-0.02122035121675392,1.8590965757184708,-0.10151238775670612,0.6796835847110452,0.056027462583224885,0.21700937686363408,0.2526509436433302,0.1895664219711719,0.07535284596182401,0.5721052546261987,0.1119469968415725,0.17876932050160388,0.4501681335108543,0.12816725995103706,0.6445070615241946,0.26311921452981624,0.28678734570526987,0.037603460204117756,0.114579287117055,0.38300323696172,0.07677484870092743,0.34814357261808304,0.0753481223411514,0.2668979324271048,0.07504700408318299,0.03583131126080974,-0.11871522041835103,0.10949590048609004,0.1177997852721826,-0.09923238301896453,-0.05317268831374944,-0.06285353618962619,0.4798605800848046,-0.0452477088843366,0.22015426372510927
2022-04-30,0.3361309046984946,-0.0032475808217462543,0.17276042942741854,-0.1037101184256618,0.00010804714887213684,0.3396225515622078,0.041490856479739824,-0.05983413896903389,0.4197714218887365,0.036523741673799126,0.28354241859926144,-0.007734650754937289,0.5553725429447629,-0.07815219617978986,0.11689563599015163,0.6566421456850946,0.1585822950090734,0.1817931685383396,-0.03414307410173811,-0.05609768901003931,0.005482692004932677,0.1708412025990651,0.11675541653075006,-0.09785735996482503,0.18399817721396894,0.13353611278556232,0.590576422821518,-0.06108136955756316,0.07079565406585409,0.1962514039466683,0.23253763688592555,0.1147232356699579,-0.2704734542478523,0.8191848830456181,0.10349076808446744,0.19332478129795927,0.16586383819392214,0.04089229724481136,0.12063904587398322,0.21832808035408213,0.2585852194506564,0.5189445986834522,0.035227958071501586,0.29597435329376864,-0.04457570395077837,0.09179335160345148,0.0809942178933798,0.5227159196634383,0.0971098419830152,0.23978585646471307,0.3020916304426633,-0.11410732928635536,0.2287301089452467,-0.18270666213415954,-0.04769931792139692,-0.048202316556668956,0.015825744622808058,0.26808455334726533,-0.019960491074942133,-0.04440169086616308,0.2152469433953481,0.13283457584583735,0.15244184338039846,-0.2044619814075379,0.30979785513058267,0.10634278690501664,-0.19353145131866334,-0.1253482239653464,-0.022006710824190145,0.25684444461659584,-0.11173901498982819,0.13488043377817527,0.04628895502559405,-0.07176944738177127,0.17421232354191574,-0.12493970338502458,0.0403957264066892,0.055182013002536,-0.13348234166984074,0.26914825199202963,0.17551397556753834,0.08138614569212299,-0.0928079231077561,0.2832298980410257,0.03787080307860524,0.0745003998077558,0.15178701210174683,0.4120869838647949,0.42217467479521287,0.45111156407787667,-0.08144757334460173,0.14161547253830675,0.058500797847539365,0.028093821841350897,-0.13413494371439338,-0.07603723347503744,0.19601285458590612,0.2270383589163978,0.3262612855812539,0.12102257026963925,-0.21220956614762176,0.013471190690865997,0.20748300703161138,-0.10370830969122713,0.24408808993191267,0.12934373233772156,-0.26265987860648576,0.32504531990696917,-0.1050591851931747,0.0828751683875002,0.23241211639267956,0.5345648731388972,0.48028795927667134,0.15408784673818765,0.32897683216520424,0.29080834332359173,-0.23558195222411815,-0.003515533452544961,-0.04408106170113024,0.6007385552152915,0.20920862153778175,0.1833422002947509,0.6458044724002667,0.5921035534599346,0.022511781868874703,0.4151916651710461,0.43342853611326526,0.01205426865372905,-0.08385298851783618,0.061762023532580645,-0.3015384157691503,-0.1916440319959818,0.5514332951827554,-0.028779364360967397,0.03878699083326187,-0.10944633043799779,0.44460317782497194,0.320133737945165,0.16682274742949033,0.008189581050430217,-0.005958751623014846,0.0003519182754680994,1.0822447242474071,0.32927013128322447,-0.10616860631244518,0.0057694528885345875,1.0192639275955826,0.4103018640606251,-0.05258705404728414,1.697688853616257,0.03878373207058372,0.7216021919042366,0.044940196374879005,0.24683362718127566,0.812022725487004,0.21995356788048337,0.13341685180545837,0.9550659247586508,0.1618233681097112,0.04172812856743491,0.3526979081050283,0.3168763740516669,1.2451210973825697,0.13059480676719049,0.26006175719204716,0.1495810899602037,0.03508193451345076,0.4555848424152691,0.13390582266591,0.3250740956755549,0.11712501282458199,0.2761961760313105,0.10563986887062327,0.05618579286816816,-0.12898092350549717,0.1361918298555782,0.08705263638086369,-0.2236890106464524,0.03085262634361241,-0.12962946880080084,0.3734042240114308,-0.016375990402423102,0.1988733143891026
2022-05-31,0.27050846504613446,-0.01214866966091177,0.07664861704760795,-0.2152879171906601,-0.19691631892476236,0.0679320015937126,0.004435451937425006,-0.22880049683014203,0.20732304804473078,-0.1421544778905559,0.11536064071730645,-0.10860725745637734,0.41501228673173274,-0.2610667554702,-0.04935158474612811,0.5637708209419783,-0.016616825864898876,-0.031677777871276236,-0.16560012582244266,-0.038584610797186225,-0.0019626622343011935,-0.04156745495225267,0.0865246972092304,-0.25477538628122576,0.20460676975758618,0.05267039566756826,0.4781826404648839,0.012956915906084276,0.08305742169127028,0.2693753559761829,0.11797495478960718,-0.010670332362724855,-0.621407689421223,0.14253781025169476,-0.05395027171684008,0.19291605672994971,0.21880577853416705,0.09160778545558435,0.05679018584730455,0.08864509153470834,0.18002009919534756,0.39272575861176984,-0.08653140712296614,0.2512029835272951,-0.057879077371346455,-0.05422512575514904,0.08968189767769075,0.5191984938252092,-0.049905405929981383,0.1340232146106577,0.14482511804699105,-0.20121406762649552,0.10249017329022325,-0.39745772097987087,-0.0640426966721872,-0.27316493594913904,-0.0103407434688213,0.23543804163641924,-0.02900469819981899,-0.05923833010981694,0.03472045155259007,0.05726196051300203,0.1314020210343212,-0.2049238875834447,0.27507016868849443,-0.04295918896801809,-0.3612340691228749,-0.335017208985844,-0.06279862292138261,0.007177021632217562,-0.15033776398731769,0.03734673805638877,-0.14756935404215155,-0.13114980648228447,0.01602464185309449,-0.27618698703002376,-0.05110410172138258,0.03735472841293652,-0.15707133168945575,0.18484756639001687,0.21286780377799897,-0.08719338357196393,-0.18645680902912853,0.21622744790332948,-0.07037863537343958,0.08717049831685553,0.10393687882936686,0.3860986251013303,0.34741452340773016,0.3118445081543679,-0.02458462634016534,0.18413263565098048,-0.0024839216613945503,-0.045485947654094194,-0.08258438439882143,-0.1756911696011091,0.30959111741463485,0.02868401239731333,0.13354272335254636,-0.0493997928956188,-0.22446540331565468,-0.17087740539120033,0.18202807702076118,-0.21317194735629774,0.13174034273725543,0.14088543466746994,-0.3751469253362705,0.1060937501549053,-0.16987203672245876,0.012868343880820365,0.10302395303666212,0.487830011331013,-0.008971584415629508,0.06502212000845731,-0.040628213751554454,0.274725692331667,-0.3608160321824373,-0.22868247785396312,0.0997326933155811,0.4803680083795796,0.07949691661041891,0.23638357394963538,0.6192182169879392,0.44938320601046655,-0.0809338849928316,0.27714420890357117,0.27465364331473796,-0.06647168061164255,-0.11247583331269495,0.04955043193862507,-0.2019214634957407,-0.33584168191706987,0.26491266080571596,0.037027395689805065,0.018932800576453968,-0.23917156197934664,0.4407659199086078,0.24106419234309584,0.18723098660571114,-0.012587144657797089,-0.1318256048008588,-0.0377401832423353,0.9883886770631372,0.12957229195401188,-0.14992446219208588,0.006749785332914149,0.7559604906690178,0.2792728896725605,-0.0060091472568316595,1.3361431377831874,-0.13945294720517465,0.5546980336392713,-0.012745994334470323,0.0830980239206498,0.9147802758017398,0.143931003985732,0.15693924710088525,0.6021844596684804,0.052244547581865586,0.030326038984132886,0.25013700171603803,0.025571167881343948,1.129451680606933,-0.03920901173037905,0.14711240130753223,0.03417674509433399,-0.05967420011273272,0.38162418684412347,0.13204524469740542,0.16292543959985872,0.11838404762708166,0.1902627900178273,0.12311754579724599,-0.08408971469147375,-0.2036031108696883,0.058563783737994646,0.11473725231685172,-0.2798663614886193,0.022530976041750472,-0.09740666731424819,0.14420989337639356,-0.06242364296530034,0.08907333401711282
2022-06-30,0.09294949898655402,0.02866670685002437,0.024002251547441622,-0.2888463893022353,-0.1699808918989153,0.08442457446408436,0.08818785124729067,-0.30114002694647857,0.24170978023375,-0.08430038984328181,0.13694586830642264,0.012346300717013037,0.18614245039999333,-0.3440045138223481,-0.1272780583210682,0.7417334947930998,-0.014737718404379208,-0.06820810638821517,-0.11956475424882018,-0.03605776731585397,0.04017616272352731,-0.15024035407470038,0.11765366434248326,-0.12824318575904847,0.19841361509920952,0.13517928049428263,0.38487900305412714,-0.014726265291840734,0.11007881116988916,0.2160146591510077,0.011775592022551962,0.05395035865946385,-0.6262092766020632,-0.06607872132065318,-0.06230794601357481,0.1551563323543801,0.12195644608408651,0.11493562549293768,0.014716521532331273,0.14131571653638808,0.1266891792609195,0.11558037759677475,-0.05746787635640316,0.2526964946636512,-0.08653380981161263,0.029085964556457844,-0.07390816050909632,0.5992469223944576,-0.0045197554811229335,0.13822896939022078,0.16290660006449054,-0.12952663665424913,0.032439764769449875,-0.45149442629984415,0.025350726287773018,-0.22329410175391962,-0.04092610076457204,0.3458474480166087,0.1480556124841783,-0.009005883593422692,-0.03920966292424721,0.02309366614109498,0.18380854763008125,-0.19817817637856217,0.3463626850153998,-0.0586354544817308,-0.24018976275621873,-0.27108172575966005,-0.026830752060536645,0.023784355341859964,-0.1004601466223598,-0.13035698808913188,-0.25740506072670954,-0.05402328644472276,0.13868443644808237,-0.19451814975056692,-0.16113647139356058,0.03521784433688668,-0.17918629303367273,0.1526134924351572,0.1976333147388345,-0.03220572524620691,-0.12775714751441392,0.30884759681068696,-0.081333382937407,0.09599492001007692,0.23840761307386416,0.08136281412172397,0.11897455508133814,0.19013861105449115,-0.008171716698275322,0.30150098832979144,-0.1418613016086423,-0.09036868293548206,-0.041576493633312284,-0.045901789410491944,0.3323909507050993,0.1572267260160496,0.2542208467365592,0.06911502137848835,-0.42241601540552987,-0.06593948342450895,0.16534935686073937,-0.15649954777845088,0.052968604927954965,0.09263406726890766,-0.37167890517283586,-0.30224823784213994,-0.03226617512827168,-0.04562168472769168,-0.026262443069593355,0.6031620331999064,-0.06382794082353649,0.051951674537172865,0.06436591309086204,0.2227255081798607,-0.34629036205835384,-0.3799065747974233,0.019926921723100177,0.40820042109383037,0.12954729264828346,0.2591248806711828,0.7317707662167066,0.7398021720957733,-0.2262786406462458,0.25874933396567923,0.18175459781526726,0.0053997312937577036,-0.10051494364403546,-0.05425658071955086,-0.3084549663922115,-0.28355216140283734,0.4580839167037649,0.06367150860890858,-0.3200478248038199,-0.24233164822411168,0.7388025927353989,0.10314593365088442,0.1443911072243962,0.07436867955298943,-0.13229011740978547,-0.037591666969994164,1.1961216360495595,0.01631836563651956,-0.16529824090400502,-0.0053560996943976535,0.8990107588409904,0.09891017408950953,-0.05032847247244965,1.7053451242682818,-0.29735109936199833,0.755913800336228,-0.12992567130160915,0.01911408264181036,1.1635923386956613,-0.03601664395916504,0.14892567051061434,0.7704864701555747,0.1484140961667335,0.02217642286038335,0.09773688543150927,0.09915988299451506,1.2234060727365574,-0.0807224610708428,0.002080142801016871,0.017829962747075934,-0.05109798296645596,0.45983121695609275,0.21244538554158243,0.5541998949269495,0.23656251416536778,0.2285375164372747,0.1978344806846586,-0.0760653443557977,-0.1335423726466367,0.17737817784806942,0.1858073149066164,-0.24312035257611364,0.11821183606883534,0.011669324542921355,0.05963778958266519,-0.09906708171676637,0.2121662635598005
2022-07-31,-0.057307717793881774,-0.09166435489595315,-0.11852298719530963,-0.41112881507770516,-0.34480236589087654,-0.2798756995707019,0.040658137043679154,-0.361640116557028,0.02995860171804643,-0.17164186572299556,-0.01893714962605031,-0.12219875498084587,0.12064865281632997,-0.31781922160217635,-0.21479635598652902,0.48531667211997886,-0.14504435434926255,-0.19122815886346833,-0.18999350751350141,-0.14612356770408808,0.10003041283544678,-0.2699392587274233,0.057204207708685395,-0.24356020521764488,0.13677574870402998,-0.051050518224132646,0.3503064599594028,-0.17932312398743888,0.039880218498844267,0.22873022204676507,-0.0911966705931545,0.014628926549416388,-0.6621326676192661,-0.22204617580483355,-0.1892491545983358,0.09098486482754575,0.028465777720519503,0.03885846388205838,-0.13191996914891146,0.13144352273342652,0.008083474404637858,-0.020052407012923656,-0.17805970186044395,0.26266054111649173,-0.19556541159362884,-0.13176828973003596,-0.1340603930885571,0.5632060023637759,-0.11195276325286552,0.020872094046002765,0.042561570271945515,-0.1537623469093644,-0.17767155025489245,-0.3963263696579161,-0.19707016438888914,-0.2815251164182836,-0.1826754012082885,0.18436100690258428,0.16996229978518818,0.025642146045117054,-0.0032852564309829857,-0.1616134181766714,0.05937164710020082,-0.29597972158814045,0.27087798712922617,-0.1943930810367187,-0.17848406787658833,-0.38311963580362807,-0.05302104989174705,-0.3167044551189272,-0.24237096197401364,-0.2056917291101683,-0.39268349168794137,-0.17729597638887729,-0.07266627160364836,-0.323899154790647,-0.27089755689829664,0.003859564357062917,-0.2993058839054855,0.0651476291450166,-0.06422201722365461,-0.1895990789176083,-0.28471237892003365,0.3400062273428839,-0.10313603672093752,0.04147669056201675,0.24354639721668625,-0.061651597972090855,0.02512722801810252,0.028750065554191018,-0.22436136167165843,0.1621407848377534,-0.20762834646041617,-0.2576638691418749,-0.1749776658574551,-0.1429375544206275,0.39790656803888536,0.03135854199546517,0.10541803204376143,0.0004992131091989815,-0.3758149065469837,-0.17143976642508352,0.17037780688370074,-0.34244977318910175,-0.043099754730455464,-0.07015304517156418,-0.46369726498257946,-0.42169892054525415,-0.15053741252866748,-0.18662947319323153,-0.15302396738992674,0.39958591328548887,-0.1886480319400412,-0.0738972410683183,-0.22542378075671343,0.1544837704078983,-0.4412385787338732,-0.48310318505759986,0.030585300780894498,0.18437361634609895,0.08540133461507371,-0.06658264660590174,0.6125448536036104,0.537459432305271,-0.38486484938238696,0.11608350623234798,0.018502125343359044,0.025208815092657044,-0.19965978238311988,-0.19366493200046397,-0.420484231647436,-0.35804275842686295,0.2596243208057485,0.052887200565098214,-0.45066538250355603,-0.3522481174757911,0.6624795701572452,-0.02445179553906429,0.04804962071374974,-0.12104380632990974,-0.2216833129142468,-0.07714688687228022,0.8781405106538474,-0.12336203590204853,-0.3306378636350281,-0.09974624844968039,0.6491259841155088,-0.07893735538586133,-0.12957837418572837,1.285895144223855,-0.38077050771382304,0.6146489174165117,-0.1860655565246897,-0.11561532544278452,0.8878913180778965,-0.18109649260403315,0.01972490264099047,0.5326781288250306,0.009863923655436313,-0.08354265291504104,-0.08129056203625262,-0.016767595109555056,1.2672361260158596,-0.21158332398316748,-0.14640637019997138,-0.11102509672706207,-0.15091964531623558,0.31795085663312395,0.10470958383116535,0.021314578470704726,0.12341238323168269,0.14471001828920027,0.03543643174238564,-0.035367070452128835,-0.20595426391861027,0.023097819309744638,0.0008406160082490288,-0.28967199560563983,-0.00022867904330314826,-0.07818849448735998,0.03029156870036287,-0.07825160637286843,0.11667884201834644
2022-08-31,0.0748462317693841,-0.12501457572047414,-0.07897151712120998,-0.38207023116754635,-0.21111151032719155,-0.14676661687898784,0.12494799429984749,-0.22236728205231915,0.10829763343265597,-0.17337891413542916,0.051894942296177415,-0.03886546245554956,0.196117576491468,-0.30629175219762517,-0.20913837147003322,0.7442345480702046,-0.09793418520380737,-0.19611588963705284,-0.1797308260770787,-0.05731893839036861,0.0118551072160753,-0.18978718700249586,0.027706066292929155,-0.2581646301067787,0.1743702466463728,-0.02610613162255171,0.2902569562203401,0.02746297923949248,0.127681507007664,0.21322065544680058,-0.06422528541884753,0.021791815318249474,-0.6048771011865579,-0.18819931110337362,-0.11298481526711723,0.14941988903199888,-0.001112264931170892,-0.006747992089493504,0.006681082445252562,0.11893948279026012,0.08048729447934022,0.211670148591508,-0.03820046932911536,0.3202674449970657,-0.0692466440998053,-0.02671904118868207,-0.09805363066187056,0.8404079541783824,0.06946068308149034,0.17523981992176418,0.021858045825651873,-0.05674208755421539,-0.061155075447774765,-0.2742141341294134,-0.15827485308814326,-0.27428223636694093,-0.09080846401452136,0.0427201058098845,0.32557610587817454,0.03403125102830984,0.021422323460844828,-0.08102629853338394,0.08088954789046388,-0.25893855369055463,0.2861885517276823,-0.13182950632809176,-0.1100323970671917,-0.2962032844957433,-0.14105687242373832,-0.15266462211321952,-0.15763423459183834,-0.1363798879597008,-0.34459359115234733,-0.08707044437347722,0.13791053033042977,-0.16313715134624474,-0.18005670197995005,0.05523726949862673,-0.28942257817648087,0.05749451606342593,-0.06024012871271578,-0.16665454836355453,-0.15578213046526046,0.3181957514923133,0.003544771432308025,0.09884059523297539,0.21657089458426615,0.005290887986744153,0.07531536747093592,-0.13618947200147868,-0.19825631648554343,0.20539101571727914,-0.145554418523534,-0.21644409501984951,-0.14822704151385213,-0.14929778609459166,0.4000200362557189,0.030474947663862606,-0.028652830050881595,-0.11748340849609384,-0.3654362655727128,-0.19060588125399347,0.13837550344806404,-0.32965405136658177,0.08298745783072681,-0.10061234716461798,-0.414782154298456,-0.3798496129302029,-0.09260807462193155,-0.10477837015621494,-0.14200374932848892,0.35980690309391306,0.1464782772125368,-0.059572037533528466,-0.12056665989159465,0.15749321241018466,-0.26015109895650557,-0.4075338594010046,-0.010277472487094763,0.022519953687568428,0.04863479703648843,0.17738845922885527,0.6820200183709217,0.5811900842489892,-0.2978320718312939,0.20746862437026836,0.14087629868830986,0.15025777195444134,-0.014331918782011677,-0.09153978939708263,-0.3051728075879039,-0.2664905415111427,0.33518004748800956,0.1782056944515138,-0.33060443916395,-0.24798553828666858,0.7251096799830028,0.007705622681209778,0.07759543218451537,-0.05205260215048335,-0.23124526259575295,-0.05348127766335964,0.9322418013177403,-0.041862200131178806,-0.30014164081445627,-0.042028727290030266,0.806122516951459,-0.03778344716925275,-0.16483403227611093,1.2796391872550332,-0.3591603542422944,0.7679954730053986,-0.15495962859075152,-0.03937442176471151,1.42430009615846,-0.10990996764552052,0.20931237776707,0.47886053877263546,0.17605301091611936,-0.04488552255330314,-0.012097787269170768,-0.19173935673135412,1.5721791584229199,-0.15084669749270885,-0.0788687951126883,-0.006592914466340916,-0.12074293889400645,0.46055881699862167,0.0891351810342953,0.039144243088319985,0.09456652216896555,0.1980677859386495,0.02406998893896417,0.07078768545631586,-0.22627325259991615,0.03157468401885177,-0.045338596856184465,-0.17976806599632278,0.03584912734136547,0.11942384496376257,0.014471242713627985,-0.004898559060447116,0.1794799441171695
2022-09-30,0.11732136127035409,-0.11721471377875936,-0.08738112588231317,-0.3513513141027135,-0.26307358573704365,-0.17521864443084978,0.16746425534308584,-0.22819814984905362,0.05147530327086147,-0.1959397617772859,0.028797483993757478,-0.0163450559444126,0.16945520464254704,-0.42437871050306186,-0.15473206875202472,0.620253914170092,-0.1111657127584641,-0.19043061364520375,-0.09792247475516325,-0.10097557337942897,0.016484897709931223,-0.19529632477296666,0.025354306798948345,-0.2853566795662671,0.20292230655976407,-0.025186263036318435,0.3221655555034286,-0.061905738028035784,0.06966776404061226,0.1669259924706028,-0.06477072880197321,0.10568348218175072,-0.6337123446775274,-0.2710170613512074,-0.13563833151759774,0.1687327798972591,0.010288823098022704,0.04790259367280236,0.044951074923219814,0.06855034892702028,-0.0440459179935172,0.06621693893139691,-0.11775863619074589,0.3421438166499342,-0.10160138765007898,-0.03853190731826017,-0.03380664847266057,0.6986289564746417,-0.07867545391138575,0.23997221326842277,-0.01576241920870658,0.0036663021463441137,-0.08215100731165359,-0.27139220595993285,-0.20980937894396412,-0.19067729065630612,-0.07098405300029154,0.1030238547882294,0.4361988764399891,0.05927757082989271,0.03995022826012051,0.1002004893220243,0.13773935154663652,-0.20765663442987536,0.31194705954395174,-0.11238691190797412,-0.027540209307506114,-0.2850804025120639,-0.05879313246118856,-0.17889057666030583,-0.09008816452485546,-0.11346280083492521,-0.379147995504831,-0.04071342233091313,0.04125192251650178,-0.2238225029673102,-0.1919630949880189,0.08098456253793374,-0.28447033221668117,0.08044762013870299,0.047616862367408475,-0.09592000136779644,-0.20007690803939282,0.34798892378012547,0.034554891953706646,0.12913383337921358,0.38218699732750006,0.008934784625234338,0.17973349080384127,-0.03985596791913171,-0.1630429706406773,0.29280561249152703,-0.16419986561837385,-0.21515326855433525,-0.03842643108267141,-0.2123485726590808,0.5533381703164859,0.16938960236239753,-0.040539686182490375,-0.027271638720397617,-0.3095868701186324,-0.17612047075160775,0.16576568258454705,-0.3344426224073681,0.07951156369435952,-0.1369645110973159,-0.33747108587846075,-0.3986760685617038,-0.10318638356284393,-0.0654217539889449,-0.20413391747409015,0.3121140258597854,0.1054014814929134,-0.002720766034163713,-0.07701796354388302,0.19455796801836578,-0.27343512900180456,-0.4410355660546794,-0.011543722879452156,0.20840950506892053,0.05035084148424973,0.04194321052312744,0.8530885132171577,0.6767294960378984,-0.262208376150453,0.1208473318084946,0.12342659992906513,0.14510236940796273,-0.036993947281519834,-0.0927183157688839,-0.19956965988104536,-0.22087536614186065,0.30130977222651323,0.1835067152350156,-0.2863222636297851,-0.09644713594549081,0.728891025497451,-0.04235327548896983,0.14523703075315697,-0.0735962052059157,-0.18105248860990986,-0.02714244676371058,0.8480920236412524,-0.06798397838131631,-0.34976875044235045,0.010406103298869596,0.6699714992549299,-0.11336471564633943,-0.1220613526921539,1.0948369567576774,-0.3562609050695259,0.6219523211902367,-0.15370156795261236,-0.07512653639403855,1.3662798439704766,-0.15384661244256914,0.19688748380349663,0.40539507488298554,0.16469680834328826,-0.02695448388419308,-0.09227868947950923,-0.21898228199769942,1.4113224096786117,-0.18461742120044133,-0.12928745426013555,-0.11140145571070048,-0.16428766777195025,0.36474167212123554,0.16583673792252718,0.23017568964263413,0.16256203982092177,0.10238775108371745,0.14061702864654912,-0.00700385038474538,-0.1822873404854598,0.12223360005613504,0.01929465297458033,-0.0968882863714563,0.07560822273456136,0.22253431540266266,-0.00837425996369412,0.09122625516460214,0.039586182873044606
2022-10-31,-0.07226680755316184,-0.24026986161989938,-0.27630221398356913,-0.576849716456237,-0.3953752752833065,-0.47301007368143244,0.12512734124734504,-0.3298600940259506,-0.13968232488222276,-0.35388355985726583,-0.06964921107900435,-0.18229131628727235,-0.03451795603546315,-0.5200373496911472,-0.2696827571181609,0.3050031284751391,-0.1686481307925075,-0.35391700202210186,-0.27325800733973804,-0.2404794369372656,0.04413949230676484,-0.37866924346316155,0.029395641180231635,-0.3711080810219606,0.023865889215964442,-0.1425246243776349,0.2871678876143726,-0.14894704689996374,-0.039351876103611905,0.012391458500188302,-0.2918081657648297,-0.06210218367359199,-0.6589358226115716,-0.5248276546211914,-0.35572360675514203,0.03783766250490461,-0.1015285964655499,-0.07359500534332919,-0.1346808309335623,-0.0571943281150189,-0.19716876039541542,-0.28568224578029433,-0.15778980757390038,0.11103693166560236,-0.15517305254344638,-0.19744066873074917,-0.11810686985793628,0.4155245346428218,-0.18214113645917795,0.0263562282207499,-0.15802304287400215,-0.2040366315845794,-0.21659513379045903,-0.41515721129800465,-0.321206324553741,-0.4014891617308177,-0.10201719028316236,-0.053694197565321344,0.32252469538554895,-0.061830052178615036,-0.17016572369215022,-0.012306904244745787,-0.05297084335075242,-0.34214902695817107,0.0552761513420128,-0.22793642323334407,-0.3588386461126707,-0.4071613323522113,-0.003942294884651143,-0.25890012158100806,-0.22090273207742483,-0.3388526372078555,-0.4809625345248425,-0.18779450108019657,-0.17827789626665413,-0.34232096396134937,-0.3933454702831939,-0.07612723331211169,-0.3072268417660875,-0.09566748318072693,-0.01083026303892809,-0.21186303278775442,-0.2717760382330201,0.3372376945616695,-0.2716837514479462,-0.1223248286971379,0.24627062065669647,-0.2831018048720785,-0.060579608043349054,0.07646024512637828,-0.3476713641946,0.13425544307463433,-0.3506374159406166,-0.22956802438674095,-0.034805323116559705,-0.3063917384051811,0.5656736062956678,0.07428373140900546,-0.17741966409419985,0.034848367147966464,0.0011999675004032984,-0.33466567328424957,0.24561642998705335,-0.37830319843231697,-0.09469021843459868,-0.2542397839032692,-0.4420655144525597,-0.48306350619591876,-0.17040991888070656,-0.1733903111344257,-0.31038226119285095,0.01730869903198129,-0.3265140985591809,-0.17927059334746565,-0.2665959129760819,0.06402073136319397,-0.4090893506535769,-0.5109136508412377,-0.09959015491886158,0.11409128701088234,-0.08159802341053124,-0.12103682712824337,0.6459315850666802,0.5497949160355395,-0.49843682313141413,-0.15723474735862897,-0.072723267561145,-0.03563314177837562,-0.169831488034759,-0.25977107007750455,-0.24552901950256734,-0.18789998885762482,0.13030459205554146,0.07358170284591403,-0.41799628240991127,-0.18607819240020418,0.4394053841910428,-0.17641127250703825,0.01563985816540936,-0.13304496712612002,-0.2246042838070066,-0.2261150786722167,0.3179291887522522,-0.19875013490219362,-0.4750842873948822,-0.17092446949099804,0.43244338474962474,-0.24898430572777341,-0.3487031035174426,0.6166533980625035,-0.5123828710942102,0.3070461525063841,-0.30874129405614414,-0.1970442144910286,1.0730039866063117,-0.26605668975239827,0.18339166431679477,-0.0024910875474675187,0.0401842008426927,-0.1862672749347336,-0.22706158206738047,-0.1912567465351831,0.8448372980000312,-0.35277102783327163,-0.23296716847970755,-0.21960880229608992,-0.26668478375486715,0.07400982828192282,-0.019441304284183003,0.06270374507547172,-0.007816859792691422,-0.05662573537606441,-0.03538081372019042,-0.08374954286136072,-0.33600160635357557,-0.04276357189114122,-0.15438197538881437,-0.298840993982154,-0.0853539690456625,-0.031161903220396137,-0.23957284205310136,0.009941657433649054,-0.21639667614257585
2022-11-30,-0.06851490184658438,-0.20012533335208427,-0.19481503437593084,-0.5245203976884545,-0.3960716157188321,-0.6207614874973697,0.39270622736917726,-0.4158086252771176,-0.12530186334511073,-0.1715473362126564,0.06650039298178423,0.1458402408506978,-0.06400797494607102,-0.4294288133981986,-0.14558730190225333,0.6477160110440079,-0.21481331480647192,-0.333955873554578,-0.07307493512419083,-0.24364668045776894,0.22492112153479749,-0.34063045516454793,0.13766307407426548,-0.18243920184952733,0.16657249003851682,-0.051078320206174976,0.4756402667694519,0.04821152215072577,0.13330066972698273,0.3983458443260186,-0.29324335347496877,-0.0924956744459523,-0.5452874495216742,-0.586613532351974,-0.12470127483071614,0.1674455838772857,-0.04541972897924185,0.12763805076212442,-0.3360059235324796,0.19223189071317615,-0.18612788087999832,-0.4037003616171426,-0.141384220107994,0.26594968620890547,0.07478759885704478,-0.021165302598594393,0.028260714806198184,0.909856502876363,-0.19428386293989675,0.06633434261041016,-0.041111506401796394,-0.1067482765029788,-0.012636906151405336,-0.27970689860745135,-0.11055504247231329,-0.26730642364175106,0.1323877319655602,0.21716939940186708,0.7140266253144194,0.008096278019063652,-0.1879988035855119,0.15994539787427287,-0.012084294936314022,-0.28210395692650636,0.3606057731239076,0.0031491612540408553,-0.29233400671413035,-0.17740810578215915,0.19239639314252743,-0.026417487665288508,0.024650845134231103,-0.2592461765091508,-0.24008755009068994,-0.05766507396257492,-0.2172142644508337,-0.3970424055581693,-0.3172816504850523,0.06756048442715668,-0.15827218065519377,-0.0014848988513674888,0.17253004400751482,-0.10291633942957534,-0.3517557912694471,0.5917093901497554,-0.12803685312197743,-0.04576674634666544,0.40689254292970944,-0.24855296283788297,0.008339537201606184,0.17629977324149348,-0.3158564888370491,0.10236863299674437,-0.2903902339114979,-0.019516944223340937,0.05321182120440615,-0.20337576016727255,0.6689846791769036,0.2267245823279891,0.10935569663897837,0.18501093110773725,0.20234154507825086,-0.20706172912921983,0.4893917683922895,-0.23438617204061052,0.020629649391126215,-0.19304834179361097,-0.2647342299509726,-0.14125744848779087,0.01961589989582113,-0.05843368520776837,-0.32503958668317634,0.049736687231165755,-0.28801089577212424,-0.16338502386625453,-0.1303939429407428,0.3515967854119253,-0.3202072561515805,-0.40848917337900803,-0.010486896467414297,0.15468702444962967,0.1954047364094582,0.08901206596877831,0.8045950115688805,0.9039020856310451,-0.4471935078485242,0.0537900271229681,0.011149937413776012,0.19417112736785258,-0.025405057427262512,-0.10170379534114016,-0.11100862869024819,-0.19608400121427993,0.8348689296419687,0.10741838350075361,-0.3164370298748014,-0.13027610717653038,0.9292670424087615,-0.21638100860449005,0.0012259347397252096,-0.023338814235630667,-0.07729603509053096,-0.1918815001651073,0.7929714993283337,-0.24519007733243492,-0.5330456907130214,-0.24135917109765503,0.8745923429324829,-0.2827832125374883,-0.38064867329888674,0.9817290709886919,-0.4013330541541502,0.7073293662991111,-0.2931325843363084,-0.23759567929207626,1.1810353663283246,-0.3256533296944665,0.2092056931514088,0.7079780181772766,0.24647651072254217,-0.18813242263773566,-0.21620962529484622,-0.19931790439970198,1.4648003560246297,-0.2462833690465871,-0.277392470593563,-0.13531164402010631,-0.08809093562741821,0.2873954203428559,0.025206727383035865,0.0571004815694538,-0.010525290068725823,0.08684705831994721,-0.008949059723480035,0.08969735771606069,-0.23890296848188108,-0.018708036360811753,-0.047739741578092354,-0.24944458046848406,-0.010909063413811038,0.05821771182425528,-0.22311069541606698,0.09356572304983612,-0.014871032244410332
2022-12-31,-0.1615186833878538,-0.2227848690012032,-0.2641769278407039,-0.3917222266412118,-0.29704979993994207,-0.4605281407498757,0.31326909499625666,-0.4209348556397535,-0.15233373447335907,-0.13449822339094497,0.06555185987797874,0.17039377480801665,-0.04375911427073753,-0.36941715375040396,-0.1907741279939732,0.6183479596512209,-0.1666359240934947,-0.30280572793001104,0.036041718939235246,-0.19967918448161515,0.16926996868589028,-0.36246478019259787,0.06784757380803352,-0.09983336780871199,0.10609564666358695,-0.01717606642579561,0.36178310803242963,-0.0023149710254199984,0.04039832626817197,0.4732745290935976,-0.2342689145799577,-0.0734069976149545,-0.4928457645645876,-0.42406495585256476,-0.03141085797122978,0.08970422351203622,-0.06551585480923983,0.09207474725249942,-0.2933697421774244,0.1739768122683707,-0.15897834158982505,-0.44728328067161194,-0.015426158255848255,0.10142651044615647,0.008912831861592307,0.022842203219751944,0.06596513162927442,0.8917611805945724,-0.007859737189397142,0.08634094811934423,0.03341181470143262,0.04010887464633184,-0.024242286044979244,-0.1114643434582605,-0.1332844866851256,-0.20119721737653773,0.0656779883614016,0.1499792798715185,0.45095193341988526,-0.0701254724321233,-0.21613067857429036,0.29837730988718913,-0.010049072534589198,-0.35491511167337564,0.15893742755143547,0.05416418702285397,-0.28559401958042785,-0.08693908143295348,0.25440578461050833,-0.057573050154508865,0.07472749384281752,-0.19959421142420142,-0.24745331523852376,-0.060397186405369396,-0.07401806259246058,-0.3362558130110411,-0.22922482272577593,0.038016604492776995,-0.21930488375526846,0.010424030268855411,0.04206312028692549,-0.018489810346593583,-0.3777365591235776,0.3978954607214402,-0.12136653157064015,-0.08255113098170974,0.2919236009616668,-0.2872156122069889,-0.15699124380374807,0.19030287893151976,-0.2856578348299259,0.02527024637316444,-0.24566088385393492,-0.11707774702922025,0.07334838319178205,-0.16761026655170208,0.44080138935578606,0.2639354257124762,0.12959539699481715,0.16890606143582976,0.27196572089351934,-0.18465489311246563,0.32755999795597157,-0.27359812711562626,0.052884157826000644,-0.287953653522363,-0.3681321695247629,-0.13377412320860205,-0.00287333218567154,-0.033385547820412365,-0.40370514719990336,0.03631368208558783,-0.3089466744743121,-0.1764024010387416,-0.029546061055419015,0.2378735159842582,-0.3066244979090953,-0.35323333094492326,-0.02500920089171199,0.10821306140240705,0.0853636032502143,0.006827970270958605,0.5447626900886706,0.9531342322944034,-0.33683778512193807,0.2106502553627989,-0.06793038159183151,0.21789493367157986,-0.043716294241296305,-0.10251842862090954,0.040846609271299794,-0.10550637082299363,0.7408535157952933,0.03908245719031611,-0.26285369009177106,-0.10476188206831005,0.8427672182072832,-0.14587574090440392,0.017100357708485392,-0.05564568096372646,-0.023034571605012433,-0.22943677420432707,0.7708311946014295,-0.29157442602145267,-0.45112962738722895,-0.30452490796652565,0.7859473961950132,-0.3127227328646689,-0.34553804759406603,0.6448450000338135,-0.30382678776820105,0.6989242840588754,-0.16837188779150547,-0.26526093301049936,0.9762109850351415,-0.35939744606910007,0.20545655187276513,0.6742387505242404,0.28209431248071803,-0.16240350529616432,-0.26218057148701723,-0.21245439179100845,1.4121405639419575,-0.21805228361338813,-0.2872716936719989,-0.0645340648316487,-0.06977992370933206,0.3833652608895777,0.02307096035892875,0.19501756922155145,-0.03396562939783421,0.12418576911886592,-0.105141624212296,0.16543643822252574,-0.17511523289804254,-0.05610455553437421,0.024834918913627435,-0.20106064532425427,0.005939308137611121,0.04514404150761919,-0.2030777380774904,0.09474002032849804,-0.0075822601422751434
2023-01-31,-0.25229380798310574,-0.12725597746067652,-0.2370016107493652,-0.3701478449037585,-0.2887326438287475,-0.4330853685508411,0.19281374691470554,-0.43840319903730185,-0.014964969158407948,-0.2654710019508193,-0.013162083131398883,0.2105936280029015,-0.09022573089700259,-0.4300391956861177,-0.12255231906787423,0.4159413024403451,-0.0677443973338333,-0.3479104349570008,-0.006317198976770078,-0.11764505630989852,0.10711527389095199,-0.29553647900064384,0.0522448731678149,-0.0746408214429004,0.07346215113899213,0.03931487691422575,0.5112276614914031,-0.09594434820863917,0.03847420530317791,0.40545554378323545,-0.22159900493485862,0.0929757757786085,-0.30964085814522335,-0.4026109634083478,0.02082882007530218,0.06900390680878887,-0.03715551502412584,0.03736247834711981,-0.36098042313284184,0.14518218993244525,-0.05056425403694598,-0.6054957591668068,-0.05970200118723179,0.13627589254463568,-0.07445056960612884,-0.21450593207732438,0.030104171355904263,0.5096845675902368,0.01930600620649736,0.18061156026338465,0.09184693369222208,0.1206922767891685,-0.1697718382578952,-0.04869156878010994,-0.17948960154450067,-0.11437831588096858,0.07855475086293073,0.1363704745044867,0.4614983488359312,-0.026546843050874624,-0.23237728587277307,0.153174254005372,0.0187111387929757,-0.22111055346381603,0.1754606711712492,0.06908546311828179,-0.2808495581106001,-0.10932665497800276,0.30703898173573796,0.009896193052127966,0.06970286644480539,-0.17841573479079476,-0.06626077506360062,-0.034168929773733314,-0.018820237791738248,-0.27737712599714226,-0.1801273881831208,0.01815177400878709,-0.2258131022544403,0.08858175905792764,-0.02786565448904421,-0.1476235714986731,-0.38779068951615814,0.49657566468314296,-0.07607484260465469,-0.0480161464498472,0.19676858349779303,-0.2627251559431316,-0.16629233388019815,0.18551063654487443,-0.16373134026580283,0.06824065642481125,-0.18603740668891688,-0.0018942178993812675,0.12589288987733815,-0.21937167954161674,0.18815056635815308,0.17496766310221346,0.12011741916506624,0.1541208612298557,0.2253097939280282,-0.2121222177876495,0.13330535104063923,-0.3532390375252439,0.1655315985298853,-0.3201234078747084,-0.39232009279331204,0.05222073010368855,-0.0737800486145489,0.012479348235910681,-0.3167582170747253,0.07935597050238119,-0.4114414771295978,-0.14488334335048392,0.03538559599857338,0.18933931494206235,-0.35915442847276446,-0.19582101070034275,0.021885919784650598,0.042831208940248056,0.013953751015022275,-0.07021532000256892,0.4700143542365389,0.6643895608968946,-0.2012754860795105,0.1330856583308977,0.0006631762193425317,0.11045744441743999,-0.04476345971877682,-0.007172750029285968,0.20344765866675374,0.03292951534274491,0.38866580436849274,-0.012250233951326628,-0.30956027687562315,-0.011925771099467908,0.583799565754666,-0.21959716689836373,0.05956117557728002,0.042916540463868724,0.08121313496898641,-0.13550511738920124,0.4231168223392976,-0.3166297144252408,-0.2988678173038485,-0.22881132061379772,0.39841027156988296,-0.2809948468392073,-0.30071959351141386,0.31413121124365384,-0.2966408952312677,0.2409654107902479,-0.07967230866543862,-0.3111159513308396,0.617946018171281,-0.34066654970420096,0.1519204298682717,0.29790194173161844,0.0904942455273623,-0.1477671153316873,-0.22404044516338695,-0.1966758448849657,0.6861329864049981,-0.15239055279966007,-0.30177974146340736,-0.11803408785892966,0.0701611639312194,0.15528577667789478,0.02854301214381949,-0.011162403461877357,0.01220984009741044,-0.01577956104014655,0.004519623563752573,0.135938788009756,-0.2507038684783772,-0.05638928186053116,-0.11979932007706917,-0.17983123459662076,0.016355735612670452,0.11547823692955483,-0.25538127055760806,0.10686693644482537,-0.18637363062616197
2023-02-28,-0.12219752480229518,-0.06717677030109803,-0.10360278954922797,-0.2081337621072269,-0.16303069528784186,-0.39070857988348684,0.13987395110402567,-0.32841898845428297,0.027891646085079547,-0.17859431498377887,-0.030891344894284578,0.37647458335281825,-0.010532208209780958,-0.20215643487743906,-0.09803941641549618,0.23899551817490106,-0.03288738456692464,-0.2681609048072324,0.10012353061848334,0.05222966530297901,0.1405499930428329,-0.10278241776130204,0.012602121379886144,0.019586960230492112,0.014366592234460018,0.14596347050130154,0.38989155960353283,0.03344338933932978,0.11074209940733692,0.4476727887639811,-0.16457737957353835,-0.031530318336783436,-0.10306190084126976,-0.1980614333208517,0.18465195000171053,0.07240493095971834,-0.06317454757026308,0.08723539061313912,-0.20875279282576187,-0.01047780329755188,0.050717523888248905,-0.4029847433850856,0.07248704117490923,0.06243940834136419,0.0715097328206904,-0.1051870194620681,0.08117458320383619,0.521164576753683,0.08470888809282662,0.12555416661791297,0.09892776409779325,0.3911720187439882,-0.08827037101316182,0.03730400213655738,0.12054362826184328,0.04966362357626708,0.04709082900793682,0.13526351884762344,0.35379106868483223,-0.007158425307928429,-0.21754400948704788,0.18899406352346682,0.04980329124835836,-0.10950880350780834,0.11818044965231245,-0.011591040127405972,-0.10963711340637738,0.08406262664312036,0.4531503444068905,0.029486774320491183,0.11529465000297012,-0.14850914053603181,-0.15375602313041858,0.11892932883457519,0.1378025000150338,-0.09641589133399231,0.00935466346924052,0.023331094968010113,-0.17825512805182986,0.14139247340929528,-0.0497721796403624,0.11157956904798194,-0.3161575176860706,0.02407126644431412,-0.0271070523263105,0.06917123919532209,0.2914380887660526,-0.09089035933171519,-0.08548043371932534,0.2265831266486431,-0.09436837099571171,0.07515760953282102,0.005076016985352982,-0.0240443823432267,0.2560297732588288,-0.08255502144113613,0.40466046475158124,0.22675252323509598,0.055949080622733405,0.07074718993834228,0.37860765589025336,-0.016656666427241507,0.089895330424409,-0.2104148768446008,0.19163362212132085,-0.2153911512789417,-0.2692308016002739,0.03491092643716143,-0.0052335779513845715,0.07448945090222625,-0.3174335225281004,0.014600533807007654,-0.2096184363976269,0.0006452785834552,-0.03299519466286627,0.016096223302774604,-0.15459308531839888,-0.097398286773411,0.035073716576615954,-0.03201998341709267,-0.1322286723953101,0.030049697057280556,0.38315921281539067,0.681001275313561,-0.05750259701250082,0.11275383046085952,-0.007693354977070133,0.23776928512611972,0.11563429702299977,-0.04213770656829241,0.31070839382572046,0.2111359426895154,0.46911362149207503,0.0845659742582443,-0.12387295217569683,0.18403818113375214,0.7172509523153789,-0.07751179358086846,0.08875233612214917,0.08014287841129342,0.17429113958664622,0.010504170389376233,0.26669308869087116,-0.23152797812490944,-0.2532111076647988,-0.07743892549263742,0.34251454297267814,-0.23225602920172084,-0.11586120055080762,0.14735065419675397,-0.07616839472252912,0.2370158713454118,0.05925142646795001,-0.22693860379201103,0.4265734259616101,-0.26264655813949334,0.15670334977944478,0.24645243747703915,0.11788046990923284,-0.03866519599758078,-0.1602909826972001,-0.16760142219467133,0.49397826816658297,-0.008219969705366648,-0.19651166858385583,-0.00409817814676483,0.03741349153822049,0.08361173695227642,0.03744840302230501,0.44615742297970495,0.008601247252576494,-0.006071899981859419,0.04091085650429305,0.22527579577754042,-0.00698831566993563,-0.04552586703778139,0.004926710040558335,-0.00875840571033204,0.16766282357438866,0.08364825223769157,-0.1729116803654408,0.06649818964368381,-0.15319574760527188
2023-03-31,-0.1506615732734209,-0.12529557818788506,-0.2006201910076424,-0.2889907912761601,-0.11009066941804213,-0.28132426867638727,-0.01151632960606519,-0.42189294456462356,-0.03239254189472529,-0.152647526131779,-0.13524697654087137,0.10026336102830746,-0.1533749464366997,-0.229417903546133,-0.10251123348504276,0.021235929559705324,-0.153669548418649,-0.352400818432689,0.08698144612263703,0.00951132735760174,0.04402756866576807,-0.14729377839283941,-0.1118459834316139,0.08626194275521892,-0.019271422057827836,0.1029876572016808,0.10059901303978336,0.0002867793412206776,0.091383051393644,0.32465941190572956,-0.183072622949347,-0.1428215780640577,-0.14004640897661136,-0.1485101285711825,0.07481626781795359,0.057525336126995175,-0.07658544083164276,0.07730326331413773,-0.17763848440566532,0.013242652284002565,-0.08126084475094475,-0.4273106911942347,-0.03866237949348983,-0.05756600995246408,-0.00041904583539931206,-0.010353557675526592,-0.03432715156841071,0.37894277083367567,0.13150277481787787,-0.02042119634605044,-0.05935470197654735,0.16618379162709007,-0.05660540812045778,0.05248043369064126,0.07475180378824331,-0.07824661200801886,0.05486566391837355,-0.0012416925196530038,0.23337946844107504,-0.009121771743989315,-0.18726633122515168,0.01896217573889758,-0.1225499259469307,-0.08789255891636116,-0.03652364583636292,-0.1361078925438295,-0.10647393071830802,0.18997818831572233,0.3985680138217269,-0.02068511893358438,0.004214499843465225,-0.22071376092196893,-0.23962475152876195,0.13553482507582038,0.05044871483491309,-0.08602987946698781,-0.13168799348566684,0.05720062384047675,-0.23523232417365314,-0.035129750694270157,-0.05470521111438753,0.14421727702079168,-0.2519312480791168,0.05257564426454553,-0.19535413851500416,-0.038270487530273956,0.2632323930204181,-0.22023742760610088,-0.18737547880498684,0.08877177883370346,-0.1044179343962024,-0.09583194821306507,-0.16006940958761406,-0.0068271842936183935,0.2871711467785447,-0.07217179748458236,0.11235010609293261,0.08558446805462161,-0.009615887328553785,-0.04536069628584449,0.281386408027543,0.059542249660498925,-0.03435107187291675,-0.15088425804858852,0.041561141227808296,-0.2898145523667207,-0.2737678495076067,-0.1320562876321073,-0.11778269613024761,0.17166603514172918,-0.31668364247978387,-0.12454597855059513,-0.22049330985960025,-0.10962579359355495,-0.16190201534521032,-0.03408387966672011,-0.11031555182859665,-0.1349395087443076,0.0426887590567,-0.2322791860795702,-0.13750487337202788,-0.028833925913415714,0.14936017769720467,0.4810139060718057,-0.1097434497997607,-0.016738819661418325,-0.16951719653649555,0.28280428674738634,0.262462016567933,-0.08348888285978617,0.23409902521185288,0.1488413464828009,0.3093323747701189,-0.015556057592265304,-0.18764886528791802,0.2272373041710778,0.3383133331629735,-0.20412465850146633,-0.04398415510225162,0.09338655052122613,0.0799071767160946,-0.19111945208907632,-0.05457067657545167,-0.28667560134983994,-0.15160766843376006,-0.27125259981029926,0.08155658122420983,-0.2934967748081989,-0.24189356938105144,-0.031057527852864975,-0.18667140860072484,0.010198299633845442,-0.058836720462163816,-0.28478712862723976,-0.02107016378720361,-0.3213206602679817,-0.004063433342946454,-0.02928895637100848,-0.04108285305738002,0.038436629037919445,-0.21226700862724257,-0.4325978761545143,0.03822673680969402,-0.026788208082862974,-0.22701396244492988,-0.18819695675230308,0.001610876563043817,-0.06520011320735053,-0.10047594805635174,0.15506168749221438,-0.13155603178973585,-0.13312214021270175,-0.11586815582054599,0.23520221071883984,-0.17525674046870687,-0.15342694133792134,-0.09826250500594691,0.027419866172493146,-0.02894683771497819,0.10927612481857762,-0.26607120327434053,-0.024720055373375516,-0.2644949442540545
2023-04-30,0.05232439596289118,-0.09557096129583598,-0.036887053824465665,-0.026720587861257084,0.12402008913986218,0.14604777810379765,0.06971267315963692,-0.16890285807244698,0.19493348239470776,-0.17846329435072106,-0.043552328294776954,0.10706798420595987,-0.06060665971431578,0.13550056974247404,0.09567024383755807,0.07716724052268331,0.007658972616739312,-0.09096076634959982,0.1004045827728477,0.008348127648592163,0.04094742515512095,0.07060929895926527,-0.11783999678088541,0.11945900829869349,-0.011512599632582887,0.15663762370491763,0.1905252628001426,0.004859549888828418,0.14758466883625387,0.235748087623608,0.049035433684825325,0.10949437154762731,0.8148771595694178,0.49905442800388955,0.2829311808321777,0.09027377184171992,-0.05535259638432666,0.025102741395023775,-0.06516969226982738,0.05592882913788255,0.044805253120462574,-0.2852450331042272,0.12402567439802548,-0.05824434053149219,0.06620695295762724,-0.12148280045585302,-0.020835984539070984,0.33287818114406664,0.301391313601731,0.04052194112994845,0.10096275021534695,0.25832923375112005,-0.04541575471107384,0.42723728770814495,0.20001726600742997,0.10228925798981403,0.18807879492166069,-0.043544320225736066,0.0521019936577749,-0.006027932083868426,-0.08381367227781322,0.10772150520711832,-0.08974937448818099,-0.008847512108557054,-0.0739400448801798,-0.01040747592357849,0.1761888939361269,0.6498250839183812,0.45736137125741516,0.2420276693522183,0.007868834994438245,-0.08527850860801856,0.06757207673519305,0.26650433805096485,0.26726104866146194,0.15488730438598508,-0.023629285265105993,0.10708103684661308,-0.20155446618894557,0.041295506265352167,-0.1276689386154667,0.11941758081513432,-0.10949438252946153,0.06579158181310318,-0.16079511446592276,-0.04792335638449441,0.33577371847422177,-0.1999271193773705,-0.1281543057696123,0.24663560380162686,-0.17439203293856997,-0.014309392640900698,-0.07535857731703244,0.19837196858530204,0.30170471262682197,-0.22267999127080151,0.1531732886191952,0.15533385521828125,-0.11853175690159257,-0.10086882976276157,0.3402911468718748,0.10779047897614835,-0.05833300057472168,-0.21139387289189981,0.17689581949457556,-0.23419310352852385,-0.10301890250599322,0.1374027521989456,0.026486101826664665,0.2068836886121661,-0.21790504526716437,-0.07553572428728772,-0.034652587392250966,-0.005092001960571468,0.023326097126848078,-0.018959344537124,-0.025815194718943224,0.16167992429304223,0.002383430379862217,-0.06588725185801658,-0.13789926409947828,-0.05669660989168335,0.15671349646764887,0.582990000834068,-0.005388125447500447,0.049724626835566,-0.07174778599509224,0.37918479357922297,0.26360863814942803,-0.05775176643961066,0.07776533119407092,0.4281679417615094,0.27943265257120675,-0.06962130375217823,-0.2588635619327062,0.33785174115670213,0.291810343860996,-0.18503564029045672,0.008705185759389611,0.15044421959605336,0.16569081494354565,-0.134560747579336,-0.10556850044537702,-0.23350649318822536,-0.06452370562522058,-0.2474679068603185,0.09365720035757663,-0.30954054783347185,-0.2980076190910541,-0.05876820597505705,-0.12799377306888604,0.04957597940017089,0.0218193893499512,-0.2335402362503638,-0.18501506389972122,-0.33951711738447543,-0.06058624315906935,-0.09872026953008406,0.010268158979237718,0.027870731415187366,-0.21273936949437222,-0.29781883873100723,0.14330108669608244,0.009989012445068113,-0.20634418071819505,-0.1875472608901343,0.021813794828044797,-0.0827038033643579,-0.04453064822073083,0.15354856843382136,-0.07961479645267222,-0.06908172558041903,-0.06468346730895769,0.2642530085925312,-0.18503141406048262,-0.06982375676372066,-0.10452836868819693,0.06425425544270458,0.014703991309701792,0.06764556979989456,-0.27424697773014983,0.017891790204182634,-0.22102112340140434
2023-05-31,0.1452390872982705,-0.041809738609080105,-0.04574311122132313,-0.09344989531565295,-0.029235194744510196,-0.12261925965961784,-0.04416666243397316,-0.12278152588521263,0.11514443900896065,-0.1932967177967685,0.03978092401289435,0.03806181340343273,0.08506218051762793,0.23795543431180555,0.084725838754109,-0.009829826702763222,-0.09839087404705504,-0.056451246165754254,0.07326354578960115,0.01889612017210962,-0.055604527297105744,0.07904630385999156,-0.06947823282167032,0.08040844887198628,0.04210989793195985,0.15512783958340903,0.2747216399383201,0.06866833976534359,0.19914817179612365,0.2925385928364106,0.1386080690837126,0.029100331030192716,0.6710393485337742,0.4875176584295624,0.34028437804256106,0.16859823427826015,0.08537701757517513,-0.008212849232993591,-0.16525338922629518,0.06840926297657157,-0.02007788231230767,-0.34991954452797136,-0.033423174086856355,0.0038477141853054952,0.1034593746651089,-0.11430423352378916,0.18808166693553785,0.26436031567308027,0.08310741454528103,0.006276121311356908,0.18844028168380533,0.2263142344426501,-0.030151916363102327,0.573668252543422,0.19734261656799035,0.03234077581152506,0.2709095602307794,-0.02993529029870201,-0.0407332156293172,0.03849912057846394,-0.019649531660428154,0.07023660102469798,-0.09476382903701863,0.038277088974972395,-0.07036064360219418,-0.04421796873456918,0.037623338527983385,0.6263912353151257,0.32132130145861115,0.38012337921777206,0.04787936447771113,0.08064267682505455,0.32322966977832723,0.19235016225679513,0.07025067550811559,0.022578663167133195,0.04580096014330537,0.2358671839962585,-0.06138334586672112,0.14289906512336148,-0.045754394362152895,0.08247230663266492,-0.12107225593288995,-0.003951476855586278,-0.1392541542271699,-0.03883745603506894,0.1461487575814011,0.009860705010965809,-0.04411299427520332,0.20617080796293696,-0.10702851437768213,0.0013924537583007712,0.04502629712946038,0.2941597415588746,0.25555395086638666,-0.32366006549063375,0.26830455509936635,0.17441711071990929,-0.07431246959319993,-0.13045143470135256,0.5211500549316406,-0.05467844734959715,-0.08755758401789193,-0.22635296496368185,0.15321329967273423,-0.19036357428591066,-0.07189434941832262,0.6290527669140864,-0.07646648103523168,0.22459988879364268,-0.12761522371752976,-0.11488799896398905,-0.046112194921920535,0.03226228331572201,-0.012443923126364331,-0.00717886612066676,-0.1399583650971703,0.2567284862838439,0.12933126241242943,-0.06631479392134554,-0.1734356122747882,-0.00647164295602487,0.11306640259585632,0.22051344215205315,0.07828578052113433,0.05468906596018441,-0.09521147389355245,0.3404796739243414,0.20922873234952744,0.03438511483876061,0.27189572275307206,0.48001341086181926,0.08752612651129099,-0.05558262696487282,-0.007067369223064501,0.3690687064527727,-0.09463757050949473,-0.0884038753715568,0.06491180087459236,0.17370538119160872,0.06874510264246814,-0.17935699899484825,-0.19902572252390682,-0.10014662558838094,-0.161773132704229,-0.32411397500759775,-0.04007804217672839,-0.2075441779996915,-0.25888960943769246,-0.22827485302736217,-0.03096227874562607,-0.061111225359467336,0.06875267523154327,-0.14291186130527667,-0.26133111268974196,-0.195034844015752,0.02780334780435534,-0.18189070065477297,-0.07274283651066671,0.08697184809492975,-0.12065307780020218,-0.27098896095415936,-0.10436475190204297,0.05203285254141932,-0.10140370456610437,-0.11834802799018285,-0.0841287569096093,-0.13989659554835332,-0.03966822582536378,-0.28333607998884436,-0.10333399428660395,-0.0966445179792994,-0.08581478428834366,0.2612414401479104,-0.29212812048346826,-0.1075235386179868,-0.10597708939728845,0.12553617017954322,-0.016315513045438657,-0.05051038330865931,-0.21659856827609625,0.062448980019711,-0.2393963458500693
2023-06-30,0.3041865600952154,-0.0435378158994747,0.1195773643771254,0.1413156622721332,0.47973287804531295,0.5458349313125033,-0.06292263168985546,0.13529802156530502,0.7032292081241012,-0.09029426665815676,0.1760310581368718,0.1786841939750381,0.07522610599282809,0.35349019578485197,0.20473070083116185,0.0777136654717423,-0.09155538276632258,0.12763056603730982,0.12233769616066459,0.06167352267163295,-0.04242650315554719,0.0953937216203451,-0.10183468258634465,0.24542967676645322,-0.03059282291371368,0.24405587319581756,0.34037332044458424,0.16438109030543013,0.1744556412475169,0.23742932991814958,0.29098779519958295,-0.029827251811517907,1.2601360961512285,1.4976150688857937,0.5430299261954732,0.11585786127547038,0.01717345378795332,-0.05101382671123267,-0.08974061013878554,-0.018737700379306554,-0.062492489531300266,-0.09151793300887956,0.16528445619398946,-0.04206969296153784,0.13151783376536663,0.04460277025353565,0.22748282571927825,0.23438934038226344,0.23331293358488203,0.009829367339923234,0.1517382776871361,0.14008304036264052,0.15646089127189167,0.5045347799272373,0.43441086297426557,0.10314818595229358,0.3812717711279927,-0.042874057152691436,-0.05017720121704816,-0.0481001888399929,-0.08833753252117793,0.1659730119916174,-0.13328661169664224,0.08460575308925078,-0.06433379843497067,0.0002776315486185954,-0.02130724429737152,1.0491278896801388,0.28142732183217745,0.5837111636950743,0.12505197768050302,0.13991573621115783,0.5337550995987375,0.2224789274605563,0.40722309761475883,0.4634550627704783,0.17647326717269074,0.20367921454564275,-0.05419614669198769,0.1316902207341708,0.1332821109030562,0.11405947569313435,0.24407115578300131,-0.07646473410227617,-0.06315644256414976,-0.09068874610576838,0.10355794786522265,0.08035412060800251,-0.03523687089728289,0.24432862265103972,0.0277757881092624,0.017123081021962694,0.10080852435470633,0.39809040621787917,0.3982237621179081,-0.32637777421716996,0.14826643071922985,0.1893894672473453,0.0516613772076977,-0.12688232949516043,0.4534176724219201,-0.0029041470445219097,-0.14307680894853203,0.023856312038641914,0.27704641096981164,-0.05779320184045067,-0.0682205100376223,0.5733262318099388,0.0587003490196345,0.4252198763239683,-0.1142075233904456,-0.09552605241624301,0.18427634458367326,0.10773707602480531,0.19478163349498412,-0.061630904727344116,0.027458780427230822,0.3251503277596315,0.021002624781040202,-0.02078438453817355,-0.2607953192798551,0.24573887849260556,0.20512580536407632,0.3083816995076847,0.03902452892105446,0.08397611134618477,-0.05236148212323821,0.30635967770870143,0.32531768869950284,0.1582157436994971,0.4892799900261644,0.30579619899330135,0.21306263574479245,0.05734281801071295,-0.04898607811479838,0.27225989800635997,0.040091939108563235,-0.0639831296139759,0.07155130072595317,0.1551464625676826,-0.019635342785345955,-0.26228929345261076,-0.06953571579531015,-0.0782627137567038,-0.2457575634272412,-0.30603799375169893,0.15604659326360815,-0.2029218558852972,-0.18447440092038625,-0.10980231394996731,0.042973934278282,0.03145886274720722,0.1562324779145623,-0.13105947201787982,0.027402132309211957,-0.14802152685567693,-0.0133015133525336,-0.07571964956195232,0.023301018246451255,0.17617212234542645,-0.1287181617694233,-0.2895608173023778,-0.013883592489624563,0.16124177026904496,-0.1045236541457848,-0.13433503882943643,-0.24098134968313745,-0.04364694929785695,-0.08400438258237408,-0.06952164984416065,-0.1141170235853165,-0.11182899315796502,-0.07789991934388396,0.3280508976669414,-0.26009105248064246,-0.0930468804536797,-0.07043084692976909,0.17074225426510337,-0.010469625284370343,0.033610294283247466,-0.33653320224750305,0.08467362585396843,-0.2134872512033933
2023-07-31,0.2007155593636385,0.01598898755021394,0.020186107113707052,0.19230955831512486,0.3774099365213861,0.20577963575961045,-0.07299257167485118,-0.03401257089061693,0.6678174435389126,-0.1283775174464309,0.13439784789150044,0.26218705553466615,0.00021756099044223376,0.1480273621122401,0.16890516033855874,-0.004743158751219556,-0.17316649592674782,0.02905762926742339,-0.004298180410266972,0.06040154135492526,0.0756795460987123,0.010155139768531551,-0.02482027259695363,0.2914814828179748,-0.03340095340405802,0.28089904417860967,0.43947751067138174,0.11702686013658159,0.15839406548052049,0.32855092017118426,0.22473352270153368,-0.10159073245342987,0.9586038343559713,1.3309457648724319,0.5500281402522473,0.08719316999239068,0.1139484588093258,0.06003644122777829,-0.15863215726529,0.07570114424358931,-0.12603447478355523,-0.11906446444396546,0.029434001104912344,-0.10139541031690325,0.1284951491492885,-7.048814573273887e-05,0.20949320399259763,0.14472723728728676,0.15422302430374302,-0.06950458105663282,0.19269590983149887,0.2365434736848262,0.14349514776047534,0.32546611573730844,0.3950219088925415,0.06305560965207446,0.3176614167572174,0.038429951531437245,0.03577077692740671,-0.0026110615268055692,-0.024373656789753007,0.1952793345422963,-0.15047162817497672,0.145393442188279,-0.0580168987123314,0.02786759072121492,0.08865974645036157,0.9098813878704985,0.34066392968496495,0.4423690320942726,0.10034643811236088,0.12613200512026035,0.4855976241978397,0.23297971201280476,0.28179144236547526,0.30246836734491733,0.13168648180463927,0.16568518196725002,-0.01562313658621628,0.1593603313088925,0.12374489585410231,0.0400536804208933,0.02675672290908815,-0.03405974495786224,-0.07656348945335001,-0.15542403872802935,0.15306155679081557,-0.049177007814489415,-0.07535884181235897,0.23526268210365142,0.10878123142101237,-0.049928721126696995,0.07401148442280592,0.4373703576220864,0.4098484497152821,-0.26330432805476467,0.2549837704298048,0.2484844321384856,0.1386016761306299,-0.041012617232611626,0.32451413250810357,0.050763613003436125,-0.1124782478997427,0.019372585838021816,0.18031602990218132,-0.022533629393244103,-0.15852956455165446,0.5656675394738433,-0.005552067192741816,0.3834375473025675,-0.061766451441454095,-0.09405010774279199,0.13131625149058812,0.17187824438685118,0.28337129562546526,-0.03485822351698875,0.07369969172579482,0.25815426675015063,0.08599963435697977,0.0347483073121313,-0.16605245616434505,0.16791718441489012,0.25829151832971076,0.3042500485939399,-0.027933883878469956,0.07998560324105641,-0.10317642429904517,0.42942539589762463,0.3730069913506566,0.10631957005853754,0.39736933309740197,0.19368297498152987,0.35080536725314326,0.013475821845561953,-0.1718278591474599,0.3231862848489766,0.09358606022566573,-0.03209432052301342,0.071528147477947,0.15200685337150932,-0.0972032563822095,-0.26193881639521843,-0.06401315564504739,-0.08142912137787262,-0.32691831739494337,-0.34010413830987996,0.11856561882152294,-0.20092522448777317,-0.10113960913002218,-0.16963769592514666,-0.06112973479173789,0.08423732899415404,0.1350568996027106,-0.12231337505558493,-0.05047957474754694,-0.14822763833436237,-0.04190488467525688,0.14500013127418665,0.003319280973142824,0.19686657883028125,-0.16012115748656686,-0.015067420712195134,-0.09675225833776324,0.13286025368540066,-0.08522368921476797,-0.08425496161080115,-0.26780757234647845,0.011130940182505045,-0.0977704856856213,-0.08088848818240446,-0.11841650615843125,-0.11833065475340543,-0.10987602231319882,0.26506849783885733,-0.21809735552419618,-0.11677422722517738,-0.02214396789820139,0.16951017338564278,-0.05930092628567152,0.007197169622890076,-0.33454926083151004,-0.03919375101109024,-0.19414267943597419
2023-08-31,0.25524046204349893,0.10535675215076035,0.11444185281956476,0.4625374339639785,0.6233390509177781,0.3479438885783015,-0.0008906735426380541,0.05450813454046721,0.8537521209301002,-0.02203200650055892,0.25341882747721134,0.46721201881479835,0.07993376843365207,0.4412630678833005,0.20181611839087266,0.06297129885261388,-0.051092091543337714,0.22639065678664383,0.0927213690452664,0.18135772812878637,0.16547279120563108,0.19391399570125412,0.060526681031080276,0.4325311503794178,0.0336730799493814,0.40198762856851156,0.5220333776182655,0.22314154606424275,0.18173415195105802,0.2851753914869648,0.2944074902675704,-0.12268980175071309,0.9635443545989275,2.098424902122349,0.6073712300596763,0.1175233505058435,0.16277365602120697,0.10166388722471997,0.018784102497695354,-0.003020747270609969,0.008515121255946223,-0.029679594755418703,0.12238238009155178,-0.011344470893043135,0.20373147179135542,0.07799996410498444,0.22016095547435488,0.14949700676982114,0.33515078757830463,0.0327006621444037,0.1490745299343117,0.239416756130711,0.12715779524580828,0.49048365743223465,0.5837424421655975,0.14119715608909522,0.28628123809681516,0.09994378953735827,0.05820392889694581,0.00026394702218324184,0.0683302060834583,0.19071189018804513,-0.09702774908175693,0.13280331924518896,-0.016561597521185467,0.13791114016118788,0.3107843891191244,1.0003967276249348,0.2468577030639476,0.3919453154742707,0.04115624393390416,0.15618479982327504,0.5767472792609742,0.3839742024152868,0.5085145211758288,0.663793228373043,0.2491536966299679,0.2264528786855493,0.031882224595855435,0.1844461082652593,0.09525732203768467,0.1132378882277485,0.2733687806102363,-0.05845764978592394,-0.022149145127682957,-0.06619956116164105,0.030272147369975855,0.029797487087371177,-0.1193744363145437,0.2768216961085508,0.20071167634463705,-0.03246823021466172,0.12863647096574993,0.39737085876660627,0.4046797844008172,-0.08440875693687822,0.25049682043585886,0.23972840957770813,0.1932816838473954,-0.044619787283385004,0.38289484946765273,0.13075213699154542,-0.0469523808582496,0.12564991943519987,0.24340334680433906,0.05949825128862907,-0.2069057943407432,0.5151441302244208,0.0797774574699559,0.5256102858348899,-0.08912318440941247,-0.021739224186515527,-0.04703542746566114,0.19529537748697967,0.5325837176060193,-0.0008143172375985053,0.011574357501492605,0.5957942243274668,0.04952387656505741,0.031633039273124774,-0.15113398847036374,0.3231317440473551,0.1012292816349003,0.3454778538275609,0.0496014953655286,0.16102412996722903,0.03982276794556561,0.5336931869184951,0.5673468548859482,0.23234009619876117,0.3456824796524902,0.22727236803941442,0.5572557358266217,0.12065046239532462,-0.13232622942969718,0.3163728790961764,0.12680704277063826,0.09876278839975705,-0.01473666292452136,0.2548177233661788,-0.044090905790374,-0.2279167232091719,0.06106407222484567,-0.025059485636747425,-0.16427515625441402,-0.33673748574113493,0.1262591740881196,-0.12086768561159467,0.05389842963224667,-0.17447123889262772,0.025341141547283952,0.1590868790114326,0.24994698814709593,-0.06025457008148627,-0.10622255058313834,-0.04288257609155366,-0.09168405037185401,0.3190045137665787,0.02965200625640696,0.23139954952720054,-0.06373113629071392,0.08485384522766615,-0.10194523678747525,0.30215395109379206,-0.051845589917736024,0.05622817984312878,-0.074983302715257,0.06941081050906783,-0.04847234098503028,-0.20261425575518444,-0.07364340380659273,-0.06252085578216737,-0.09719109675630178,0.21111342013100187,-0.09876761942218337,-0.08963580956989259,0.1652202266799323,0.14987152516676816,-0.021260384926636622,0.1304735441385101,-0.13795189004486252,-0.045895882805179866,-0.20869560320056713
2023-09-30,0.36747089624137264,0.08384865483531723,0.2787100330967027,1.0324854725467119,0.8823380526469924,0.6685606092533862,0.17554619215593603,0.22132738501624716,1.1222085464435243,-0.023176844900358762,0.34896272574031295,0.7510983728230687,0.17183578721881276,0.5396273188156122,0.4807302406941256,0.16220921939756527,0.029274113234643462,0.42362791158192215,0.15182358103003724,0.22949510283632435,0.29796304122302697,0.409279508399649,0.018177397234245163,0.4442723022648831,0.0920906267883781,0.4513013590766233,0.732465030343586,0.46031363399987324,0.24561093375710108,0.2912539344972893,0.420894928386637,-0.12667071180014022,0.8419979136147051,3.0679727481602432,1.0042459712925567,0.11953663484398902,0.2545078319551386,0.20358429189270977,0.04086061727150292,0.07704131082978849,0.10042501631500911,-0.02703115335620876,0.11854666395298175,-0.0461723204129999,0.39407386492728436,0.05613644772043136,0.27293316433401493,0.31556068205816823,0.32279049147773775,0.1441133095254925,0.2539378863985944,0.29201431224689167,0.1880522167331753,0.8502642500112476,0.8896124281982916,0.3006172886565368,0.392718803621096,0.11868019044226008,0.00805635027013829,0.072861805118553,0.19584883322230562,0.2418997565451375,-0.004497156728674012,0.2855800187031976,-0.018285937210305137,0.3737097981889288,0.7897760218073864,1.3745689213232417,0.27411350898616504,0.5191590706754821,0.14931617276256892,0.32136374409357615,0.6681604172168374,0.39233831313551515,0.6796191049437201,0.9386031621909317,0.399074333744742,0.321322918528977,0.03508896607010881,0.32492942050199636,0.1654260309728839,0.11667375165813754,0.4076144241038471,-0.06466643598402744,0.0011319361107697823,0.0071959349778834,0.15201476682634496,0.2485090588529335,-0.029742613323600064,0.19977646503824986,0.34054023266173283,0.03734100163853804,0.29269227676636334,0.4116395371969548,0.5126453799054398,-0.057553047806617186,0.20308070062050154,0.3588311622375222,0.2551684241078418,-0.10804297131464813,0.0013482597436798027,0.205941271806642,-0.10413451366669502,0.13682250499054516,0.31228504004879465,0.2689839123527038,-0.11290142724628516,0.25378696559544744,0.043424938828969584,0.7608173930348308,-0.07454914967288151,0.10889013250312707,0.19069803556176712,0.28370985168007,0.4836671841554365,0.09287007795806979,0.05477540451674101,0.5697054107536905,0.17593465890662308,0.08456384881071943,-0.12834645180059445,0.4674679021171355,0.2202435988530964,0.47217493182014336,0.2349597421274794,0.34930467155361145,0.12150338095422408,0.537078236937822,0.7494187717882534,0.396293087956918,0.45865398105861965,0.18097910371968018,0.6647535868656436,0.15043616325556197,-0.12314897043051143,0.440397935572846,0.2545338651107354,0.3306616370571902,-0.008707617983615412,0.23937455306869992,0.0028020208904493416,-0.1295667233302208,0.31417463869045315,0.027376100323781127,-0.040609871617526605,-0.278862691960594,0.20587005163661232,-0.07421953332366338,0.3744561824380046,-0.10333394800763163,0.2436434740741038,0.20633638727019243,0.3999801206260212,-0.003286925991914935,0.0780926064815084,0.01591934368669179,-0.17181707708614535,0.5888211242415169,0.10224291229828086,0.25231021076324933,-0.02933989015034888,-0.032425550316211416,0.02995756760878865,0.3248713475052356,-0.0044638870296881406,0.1200394600282606,0.041813486679455725,0.25780211143994225,0.005946111634788975,-0.24462440512218564,-0.00349588481674179,0.011078061331412092,-0.03485119950627469,0.42739861769521004,0.16102715683998747,-0.021001093346483812,0.3663079585178175,0.3053987258075721,0.008580105510483493,0.22044954780375625,-0.15652524514376354,0.0477724849682184,-0.06031593300028093
2023-10-31,0.12316245202191545,-0.007038289120967933,0.0944019006021537,0.6009418960643151,0.5831142764833361,0.7119546677291417,0.027579509611112663,0.24092151227048553,0.8136876581493946,-0.21829336558396684,0.18709543576618004,0.2804061784663032,0.13299175465964996,0.24718613053231064,0.210886887048503,-0.033892598663312845,-0.011018894527302647,0.38461529702305497,-0.03260367753138649,0.048063191182935894,0.06553419390088155,0.20180529269677638,-0.07898521355443033,0.1777000409966687,-0.03598566275007031,0.2700535930707646,0.49945587281546144,0.2119845081120859,-0.012294265647875058,0.045118231379698726,0.37336985808748024,-0.24220790641336265,0.2936822898743885,2.224835564330709,0.3723199144829459,-0.0413915370119774,0.10362209667294398,0.06308703781869451,-0.03082150443175169,-0.2222229438342782,-0.012688623317636538,0.09967482026796959,0.011703823840419014,-0.0784239853719092,0.11923678662499348,-0.08598709037256369,0.1408585108614795,0.09613399841856873,0.25072330332347637,0.016758109098597984,0.15819738330549615,0.15877726756027966,0.01567529084078756,0.34502841950910823,0.6496298435701513,0.02998201173395043,0.22477379933931685,-0.014669558741234767,-0.09945180308645118,-0.018557339050897625,0.21399945260387288,-0.03456992983876295,-0.012249866577658919,0.09262952198912844,-0.19390601405027297,0.14160676376338532,0.6909878707823836,0.8261127932493797,-0.0087708698772625,0.14148319794559772,-0.07541478488941555,0.1690156530140956,0.18590500708923563,0.10344017722674015,0.46797028807531715,0.5688637079705825,0.20547877555071148,0.15465482610814463,-0.07202295256140034,0.19094603544210575,-0.011184776308748146,0.019956521020350726,0.26527121760475914,-0.18559250263794624,-0.11599499075986153,-0.1601089423593114,0.08729853448383595,0.042080881467650544,-0.11589289500044297,0.09911171924200102,0.14489860246409347,0.029388059362382535,0.14870684332963813,0.2053971941689754,0.2525335943745368,-0.17773643468379874,0.11455125075120187,0.2071699696586644,0.08915981906304382,-0.09081596839409256,-0.09324722145119568,0.039226312386378304,-0.2319004540335422,-0.06323096672894724,0.13674422523576468,0.10765026809941913,-0.23925282801798176,-0.22752107969262103,-0.03812848312205619,0.4486723892481921,-0.043490287347876855,0.013905746237055094,0.021289885574174106,0.15282290688409872,0.18932311369187427,-0.10001318378808477,-0.1515335526707221,0.2157195226809041,0.006832419133155687,-0.03209555397268182,-0.27675365218406844,0.24057092406081404,0.12331624160898502,0.3642749207207605,0.04474837171350665,0.1161224057205199,0.0036334403827886774,0.372567456673208,0.3628167679780596,0.17357986519634516,0.194422791696379,0.0764321734849327,0.14054277133919824,0.031536605613797786,-0.3078501138383474,0.29171127886653525,0.16474705029287762,0.38592365122305905,-0.020554209768532172,0.07629788582843333,-0.18768760137772633,-0.18785869827854385,-0.07892344659082728,0.01932807368606726,0.01916357486481579,-0.27199969312555516,-0.009989242530459741,-0.14997403533852405,0.26132916778124105,-0.3428475580157281,0.1313538912734007,-0.032724211356582544,0.3067365884774014,-0.026487508062850718,-0.014130957592135451,-0.00394405721108837,-0.4231351168758525,0.13087571705162548,-0.04046641922949845,0.0820500823509358,-0.1604458979782576,-0.08989417407470568,-0.0967275203011757,0.05593214644381117,-0.0752731142828833,0.12095979443245852,-0.08343089498401701,0.08772811952207782,-0.05418031390317413,-0.387921483234541,-0.03847154287883847,-0.08883178926323676,-0.13501526091615135,0.17785659608016813,0.11229538881905787,-0.0477790567852352,0.32544074830863434,0.15873082135450267,-0.07843372983043417,0.01733750522641886,-0.296995397807026,-0.09418907358807149,-0.1642378206125943
2023-11-30,0.1585393237245214,-0.10353722496738083,0.002924527029817714,0.542515898461478,0.21615275850363092,0.2688394111164696,-0.08345459204640449,0.3785994932229655,0.5674782423693785,-0.283946993339785,0.07134331460547694,-0.024247746069090192,0.03032650520116431,0.2532292322924097,0.08061005132177779,-0.1823430113016894,-0.204261659046166,0.2286365889422315,-0.19543863551052254,-0.10287251532090858,0.008200254786854932,0.2231903818072405,-0.14816222079269747,0.03636700117876557,-0.09115099384768921,0.15192603434441576,0.5046943081513664,0.062419448914716735,-0.023026446349766694,-0.041871385875234424,0.33423618863772764,-0.2979660350249247,0.34746176796919026,1.4105952703699027,0.2642517217416178,-0.09581151861166537,0.031367086202116035,-0.056511982275915584,-0.12088611092889423,-0.1600944987808116,-0.2040745197066547,0.03153569330194017,-0.18837318595803632,-0.00787814065679504,0.08969368309446168,-0.15219478730287583,0.08851656930546814,-0.02575872220231301,-0.06762468888414919,-0.15609189430310821,0.011222002669708298,-0.06765910796547259,-0.059649725413089105,0.04438731118443284,0.34148924319984353,-0.12001189533836898,0.1307708882059453,-0.005930542649211112,-0.04389277973180472,-0.005397604717159332,0.2708121262143899,-0.16107709365022704,-0.08191394334728108,0.13420250944014267,-0.14509226564847233,-0.054362445037633766,0.34803487481251527,0.6240791464442452,-0.07198125276001732,-0.04996989619880554,-0.15185248519536243,0.007320688120870278,-0.03021566250646157,0.00797879691446779,0.20588622067811624,0.26166603213559747,0.04032776293987861,0.0017038651700653773,-0.07664690806637686,0.11088834000211323,-0.06167995300688234,-0.2095871595160006,0.16905884042983033,-0.10505824378151363,-0.2426728290643827,-0.21203782043103214,0.19980780541955578,-0.1202685368454195,-0.16744058183276855,0.03750153597446104,-0.03673573677529962,0.02538720243902537,-0.0024773262007903307,0.16824682371287247,0.11324703490504318,-0.25844404285947453,0.14446900232884619,0.10560147631417371,-0.004761618981629745,-0.02042248179959305,-0.22161423850910777,-0.04030520887322697,-0.3352442525264284,-0.0019143920968314188,0.10673711385011941,0.05006492948851449,-0.16634322401338686,-0.23606808768843512,-0.04890434238606778,0.28995611049316494,-0.17514561526597894,-0.03386849474032794,-0.22491025220978622,0.16196064950695477,-0.13868239355119671,-0.021366541855237342,-0.2977262234589829,-0.06199073472931527,-0.08533735618575833,-0.061797348782670514,-0.1952374213514423,0.14949430664037155,0.19830052416826827,0.2638760644645519,-0.05125752973601061,0.03199541581480303,-0.08449168946420071,0.2137482082279034,0.2490155554384219,0.11985493473034436,-0.0027171184507152057,-0.08355580908764415,0.09903462125653029,-0.0804118846609394,-0.3224291246831944,0.08391328140831389,-0.026032094364641156,0.20469858250079676,-0.0030201965898123406,-0.04745550883134131,-0.3282985308274602,-0.16760236426093167,-0.13124420907778112,-0.015046260128204092,-0.3362108353998615,-0.3069733230811261,-0.0015611378725933767,-0.26745523670367277,0.1554158822080216,-0.27573615003399654,-0.12184879143183047,-0.06759006464247941,0.0714901234303098,-0.10856115235271202,0.012312459122405306,0.013129807155736417,-0.5829279359899419,0.055867762517970876,-0.09586198351123087,-0.08466877288321961,-0.2559401068763847,-0.17721276326516033,-0.10095572073900128,-0.01995317748706471,-0.19993897318818932,-0.049930190081010295,-0.31180036186133975,0.047597147761039516,-0.12662417903002732,-0.5405544192698721,-0.08837427889561411,-0.1831281507508884,-0.14336920846587353,0.0383823085264714,-0.054391460282100956,-0.10313577234307625,0.16868322166999383,-0.07948508020620404,-0.1375734735552968,-0.10193848633337688,-0.41070443854055394,-0.13387164032420795,-0.1738009518312018
2023-12-31,0.4701126642367579,-0.031092837093760983,0.2682986464001871,0.8156182568625556,0.5523548363778141,0.870619267278895,0.06223616004846022,0.7391666230701266,0.685592972221253,-0.050744288146173155,0.16542572713886083,0.06801088919292697,0.30827721099977046,0.8998415511885873,0.04666196511625342,-0.16852082808325708,-0.04765578860448305,0.5020966197152912,0.02616549757472386,0.020114504155090085,0.1813109695724744,0.4789276838051275,-0.09791600624166685,0.19860181299110313,-0.05229145829763204,0.2821168153462341,0.6315045774941341,0.1973512272583824,0.09369243176837005,-0.05732171551185905,0.5939859979042135,-0.28035795676512276,0.6073317268432081,2.201494117737743,0.44330093758756317,-0.04172936674390704,0.03864706877624968,-0.03934324375075171,0.2052310642884856,-0.17143260644036418,-0.09794765020155694,0.9490177077144153,-0.046713599083247015,0.05508833085406817,0.24527526380271092,0.11372041240011943,0.1106551890737888,-0.036738550265214553,0.13391365274419442,-0.02148205097231093,0.1027312926785593,-0.10607839378983186,0.17289774248486967,0.2159693327906631,0.5510002530260001,0.08345171799343443,0.20791006779146515,0.053751069130402174,-0.19589562729878085,0.025588759919026316,0.32148200345655886,-0.14177229583828044,-0.06451854958774128,0.3295352523800432,-0.05613520275963124,-0.05232920682583042,0.5186468407285925,0.8665519247065991,-0.08164581426864581,0.05099375146970675,-0.06558072855388408,0.12280940216755543,0.17143391440748235,0.11810820587898263,0.4620273619160693,0.7194303968946474,0.32245880227822776,0.08428250592483222,0.045648534494672655,0.22247088655192004,-0.019563611144906123,-0.0306537238856065,0.5315096378048749,-0.11483400361708573,-0.09216247034771918,-0.10691140859825565,0.26830620340357014,0.041608832903813786,-0.046642356738798796,0.14181767080851815,0.186402759807756,0.03466855200276853,0.25352107414242697,0.2217805964723314,0.1241732091044161,-0.08732323566613687,0.22865156540762,0.17661749099130852,0.0607227585765695,0.04766137848151719,-0.1547017532839291,0.10022513707317393,-0.2892291327243818,0.22899955237358705,0.23768973725240294,0.2521687613431176,0.06687390763680123,0.020134217787956654,0.13656005000192617,0.47706138322025327,-0.09248092037840816,-0.07708337959638878,-0.02516764535228888,0.30018719392883786,-0.003345090886449298,0.018865474711115215,-0.05057568430702308,0.14182767202923596,-0.06292475316361901,0.016797209255623224,-0.060819712504111556,0.37575881306781267,0.2616679724230846,0.31189972334238747,-0.04862355465520851,0.11000434854257679,0.08762077667891477,0.4100181579996789,0.5120521018617239,0.2531426105423329,0.13369601742470083,0.022009809071234843,-0.012531032567452582,0.05282000228796635,-0.07314099395001816,0.36219558682342434,0.02083895389535617,0.40106811948243437,0.10934284272700867,-0.0013092054239844941,-0.14125478868488028,0.011043913832222252,-0.20974045683743103,0.10189265220749899,-0.27484596421004837,-0.09837855163419429,0.015438173869869232,-0.16893353846671721,0.4302618083670715,-0.2374776683670471,0.012103352932968381,-0.01570841449892213,0.2690311514786974,-0.00379193768411068,0.20105381397244604,0.040514968996666845,-0.5616850231743145,-0.04617927514879028,0.03700516556544331,0.01880305556285755,-0.17667799331364964,-0.11406223267150395,-0.05280245091977276,0.11528429834305776,-0.10051797390988182,0.048932190999890324,-0.1808920650641419,0.16681562497496105,-0.10699014522904682,-0.4375373192746531,-0.07349546278047614,-0.04298129193700162,-0.1520404620111767,0.18640777101105832,0.12614019356820783,-0.05206300508708395,0.3501339433798618,0.1506639496149036,-0.0809456040057206,0.07691606283432773,-0.316667220030755,-0.05905134759758757,-0.011028379343533512
2024-01-31,0.34178519646947403,0.010998743920899168,0.2722917565374934,0.6109520480785766,0.4671467492641863,0.9615435884102648,0.1806763282434829,0.47328620661211773,0.9515144645497358,-0.021466858577100623,0.14490246610292612,0.19026042789863107,0.33075601139101374,0.5665892511146395,0.06134902206691106,-0.10917941760143723,-0.008507731384207351,0.4132942541790696,0.08798687122389826,0.09878597070678952,0.2741983958704115,0.4865463146917146,-0.011771302913913817,0.24239755821033748,-0.008656191037651584,0.2582072751709288,0.7105033344821354,0.15600923104769393,0.13396778446399038,0.043389090190215196,0.5309079005869146,-0.1631376810284686,0.3759113079152432,1.5359043926802638,0.20542400765355162,0.021609309716889902,0.04876468821485802,-0.04707063552776791,0.11478074418860729,-0.13521419363245968,-0.06683785197103342,0.43447635363392956,-0.014926217139406117,0.0705263297927643,0.13990475641157096,0.08300483926126456,0.11249466378151962,-0.10875336490597931,0.1800389178884676,0.05515699107431504,-0.08151323926552767,-0.1243281061117848,0.08302779837586582,0.22375588573760274,0.45730233705572054,0.10009854692758369,0.24994597563872456,0.010402635320365228,-0.03709671869919806,0.09029077108124417,0.25000895926043176,-0.041566894964642165,-0.01107930965517867,0.296847472455535,-0.04472071966895852,0.10469475042722287,0.3323563083096046,0.5906452469433199,0.0023730502938383857,0.0709141140775933,0.028110803416801167,0.21261161450976984,0.3731123855233722,0.13457860411367162,0.49906513497586746,0.5852984736827731,0.22171725726494595,0.1322865815399421,0.017608690401743177,0.09511983867573615,-0.022646944753302867,-0.01276368954833118,0.4250614976012934,0.062003890135157835,-0.013901737677135428,-0.11065615275231877,0.1707104990042354,0.06016590227505847,0.04588551286183362,0.15797600805487444,0.331407771812279,0.07846443009455872,0.18627881888561548,0.19253826639555993,0.1638540304601228,-0.08234708257239354,0.2593314978709007,0.14872072930135838,0.09824264677279482,0.12272968488745084,-0.11045034567531076,0.05873554547346038,-0.27430616613652603,0.12738452532953226,0.3721680534372649,0.15133566968653756,-0.16504502717336333,0.15874498628575506,0.06976598733076611,0.5115788057186963,-0.005866974786789769,-0.11842521615218615,-0.002964350139654237,0.3227705575577584,-0.03501379801643323,0.13437290507270339,-0.07668059309214992,0.15515085909046555,-0.029758080922781094,0.04869505364555993,0.004787874029946959,0.3083428610223746,0.2296746356820032,0.1814698205021812,-0.13631217291566855,0.07121722944347186,0.059367470663023614,0.40349887663024764,0.4354628705182495,0.2831225173281384,0.18476428009434032,-0.10184754472304536,-0.0690597951796208,0.0593873071406501,-0.1458836018777988,0.3831709190901138,-0.04094135954881328,0.23857843197717044,0.1781042709266063,0.01998667616841554,-0.07916773652635889,-0.0006757643904367061,-0.17521280673515882,0.09539063465008901,-0.3092670591051715,-0.1779867150192792,-0.012553633366089056,-0.16130947141819985,0.22426111886476208,-0.23965517159159777,-0.09811815448756067,-0.04655273864394949,0.11286881845442776,0.0042656665865077326,0.2032386638883188,0.1433910025483658,-0.5127675433121541,-0.1071576292899713,0.013295749449031558,0.08542180656900977,-0.16987179321182377,-0.186381606097744,-0.06742716168248619,0.1819660850489666,-0.07175335702455943,0.0004948020132209408,0.001978283646680845,0.14153601348884903,-0.14084322234504187,-0.48219238807992293,-0.05001195303881323,-0.05654087462631785,-0.12889275237991926,0.05260373711598576,-0.08741713004550888,-0.025557035169904596,0.1822956612281259,0.16915731746836804,-0.05004586020540347,0.2596792687835576,-0.31901147320553647,-0.05317810320362282,-0.032629553811374445
2024-02-29,0.2560070635384524,0.13496274770064365,0.39145097075890267,0.9070227072628159,0.42432577030194896,1.1340035445905965,0.39130537343432614,0.6470337622759124,1.0307531884691188,0.022418160008465637,0.2574218475785035,0.27913305413362255,0.4763501785848392,0.718049027391841,0.06789457350190942,-0.055296549714609844,0.09821614124492872,0.5556295106199538,0.1266337233283601,0.22338230748478027,0.47287130274819167,0.5609993343305,0.06063342869438526,0.2510630653034318,0.031202602101650045,0.17814317943843982,1.0881545097079885,0.2720588743029788,0.12776597747881868,0.16867036999587293,0.6041339423618186,-0.15671463287728793,0.7511873190008342,1.6513741790913192,0.297609148107717,-0.0009333574617337304,0.17138505250954705,-0.014152437494751258,0.234386468384991,-0.05188716605914234,-0.002469146187162874,-0.08954359450950644,-0.03604641715943302,0.09140706988647529,0.2498482832605995,0.099475197353736,0.18040186332664732,-0.040048492467469,0.06347175031103736,0.14350866391748318,-0.010770205272345512,-0.08343839384299878,0.17053318640794712,0.04708504138269842,0.389647151304672,0.15549792964514597,0.35402390129863015,0.18083933973309185,0.04912732583900148,0.17802775267437387,0.1644119760152689,-0.04854280935198141,0.0506961422237846,0.25907797227703355,0.06413391968987647,0.1288745034453378,0.21230647544460912,0.5679326415584689,0.009349824692103104,0.2638790823408792,0.07393396435042043,0.27013147664008397,0.6488077171064801,0.14403239567759174,0.5797134898481653,0.7185421340129152,0.36056594224295435,0.18137731318771388,0.09297120936291114,0.2129431345654449,-0.0570769747944051,-0.059321948840038274,0.4933248513443069,-0.02514473645506976,0.06714207740961298,-0.105828501926716,0.2509462213461484,0.0556069544755422,-0.011395090413172992,0.23981493468444404,0.3849977343355706,0.13572355931946478,0.32330714858096554,0.2898862293726945,0.25371027139552904,-0.08104222458410926,0.4929208451063436,0.2590389438303462,0.16567772013242443,0.23380603029290703,-0.08597044003848575,0.12990926807757397,-0.2633804105001083,0.2630562183344243,0.38948493070507784,0.24749324936507722,-0.032596815194845585,0.09314472695173404,0.24567787895926108,0.43227972284545224,-0.024490317763703473,-0.11477961355333322,0.009328230398426784,0.3643776040901314,-0.016572569235988377,0.19005562515717345,0.012281403863623197,0.08841185808229612,0.004242811211644382,0.0887788232013238,0.011382879123461587,0.4280845749629876,0.43509955639274867,0.36326108066210194,-0.13425065266335479,0.10489446480149112,0.1285997022415888,0.4513481579733014,0.3359043721843775,0.25555780692030994,0.2840571454731975,-0.07426494259904326,-0.07147693279086076,0.10769068094183587,-0.15320545637589178,0.38418289112959436,0.08960420503210798,0.19325237294477948,0.2615805935264355,0.03273016840384724,-0.07695081957124983,0.02176375523891605,-0.1613205940973096,0.07722431798542417,-0.3284571883733034,-0.1249462646324151,0.11728561496390544,-0.14898041774366388,0.4051216006708085,-0.17280003259921195,-0.08424092534901773,0.05792369733710756,0.22961611498425594,0.006201572135539957,0.07972832993710677,0.06635276893544395,-0.5523184961729124,-0.002545955135523137,0.05984901436471324,0.05596038818421745,-0.17838401273327475,-0.176647146823812,-0.005192792813515923,0.2084982203989647,-0.12232761015048954,-0.008273455023372511,0.021936943887866045,0.21672742580070614,-0.13218360754080682,-0.5448932559202863,-0.006063906149080145,-0.0011951381148447293,-0.0974356385879862,-0.08487161684309907,0.02721975659787068,-0.016348027452822378,0.25650517057565403,0.08311700143981149,0.004241266013451428,0.22621566422195438,-0.27438628743096727,-0.010257863700274594,0.0574063433667833
2024-03-31,0.10196955436635813,0.19543652022480296,0.3315421532059657,0.4538755907202867,0.655600074679433,0.9643913333629652,0.17079485636432112,0.7112982180278402,1.058458916038092,0.24526486762532773,0.3259060415951136,0.4890341914125984,0.542376143822312,0.5458004686288473,-0.04662658871403991,-0.0297436365721373,0.1368011896947965,0.3348115056148069,0.22696061672140577,0.3160361564192826,0.4769398797821436,0.4969418345418559,0.07318193022156683,0.46860607837445345,-0.00947448093101333,0.275404309695106,1.2130017734489997,0.31431292548398293,0.06888931950933164,0.22008919524278525,0.44653095308961155,-0.2618031522003914,0.7451661233950981,1.8488915168768507,0.2203047161252838,-0.06618703886914634,0.09611596146316947,-0.03626964276859801,0.26858723440968135,-0.059297689815378196,-0.008733278016486379,-0.026896759136572967,-0.0714918274082369,0.05641893090569883,0.26345155071215864,0.5346852812818899,0.2057186894568439,-0.012766575523808,-0.01344986770143164,0.14715608605259023,0.010096382234223045,-0.16993038448985198,0.349578036229262,-0.04100170293924388,0.30780322311007247,0.23853637484694956,0.32340597041691876,0.31234366415274106,0.3337913167179323,0.180687376265656,0.19910713360555587,-0.10671351597319512,-0.0050608208827847,0.37030462771444883,0.10065510425505209,0.2542980680443587,0.1063933556669876,0.6445364829253617,-0.10595833494869333,0.19004481847594468,0.06298905793746457,0.3419838870846392,0.509374894355568,0.09490349776731843,0.7282984359574625,0.784978201786471,0.25131152237566257,0.06630168278418624,0.059832760408561336,0.23217951786256097,-0.020337153149368237,0.01966757830939403,0.512060529186537,0.015332644453416755,0.22597583268750498,-0.13403354065275452,0.3345967614648311,0.09027860095620399,-0.029641560950374957,0.17576409901710432,0.4911493519597303,0.006230909669238782,0.253876702625603,0.23260916571631784,0.2845385517098715,0.21270976430351918,0.3353857252474619,0.2811798050211516,0.47339172534170326,0.4733295073352657,-0.21954463027058801,0.27955213297296577,-0.23890593802905213,0.46349202098841324,0.37219678718176885,0.3189628162198386,0.11798305481036797,-0.009554145355791577,0.16472360733705482,0.7089023543549917,0.025867270673440412,-0.12122261651939104,0.05396196046334034,0.395543997672791,-0.06178068836947426,0.22553777660811325,0.12991504634799078,0.15027594767707142,-0.07175359401447456,0.029486947081047488,0.09929204447152151,0.5204303046250991,0.4723891652931369,0.28333674436351663,-0.14404702105587264,0.25266827156985316,0.10326334845695118,0.5853161524907484,0.6167263057424259,0.24331419459849601,0.41560080886787354,-0.06858715043547536,0.004290371008415894,0.11634451704128557,-0.04579146600990747,0.5551437035908866,0.047127144431877266,0.3228336909039564,0.2767862497948348,0.06814649853104737,0.00013047726825488049,0.006356426617446731,-0.15123910661825535,0.08245594052332827,-0.319694350221549,-0.14220826814499588,0.17197484508070837,-0.0712408468078164,0.539150672683949,-0.09236902460544738,0.08441896264425774,0.03959822029673443,0.2572851782500256,0.036272425759690696,0.18362392109941283,0.14045778619406346,-0.5272629702903708,0.1235719662565955,0.06129509433885105,0.22854565884774636,-0.13392368154651046,-0.3429519263743078,-0.020431020892809792,0.38757478444500926,-0.09749922899927277,0.0043403880216701385,0.089752311167129,0.25273971071885915,-0.15623264500018097,-0.37210531628220256,-0.0327283776361289,-0.028391627015126764,-0.1614854181106513,0.09938762598822581,0.03644898115703743,-0.07324538274445958,0.3386879676342105,0.08005526678715902,-0.024181726688374816,0.34724977003531277,-0.2276978062725603,-0.03681127428269637,0.06806798787374646
2024-04-30,0.016002501152002413,0.04455572158366494,0.2507984200092954,0.33647634645194757,0.8402820757585063,1.0195815144480003,0.225838344218384,0.7105738274354625,1.157414926371584,0.33614694036340165,0.27992696587362764,0.699553091357227,0.4998614841746458,0.5202570164310047,0.08033452637947058,-0.025540622115453937,0.19436027103469566,0.4060928566384905,0.2546489618443468,0.31024465068041707,0.5807064785993818,0.47143126163977467,-0.003939911308653565,0.4787074426942808,-0.01588868427092982,0.27316840581717106,0.9816916373450368,0.27286453579050196,-0.025159327599317716,0.17398447928084315,0.38050158123115385,-0.14014832634169916,0.8407844589097109,2.2572335890617112,0.34081802099206104,-0.05605158021385104,0.057299325432762505,-0.03194139343596247,0.486748737935329,0.0029828705574277414,0.05022837937594038,0.06986790760218486,0.07543698739112514,0.020825751620171973,0.20856701363996133,0.5047113042281408,0.2130677108640353,0.017402240165609095,0.12057082897909499,0.1611130714438498,0.032416446518058084,-0.15546318946804727,0.42649477986091866,-0.066689202860724,0.3539627437099482,0.27659842700031434,0.31408287159173964,0.3060858732315366,0.4599378472300988,0.14990386900481734,0.21418960443449553,0.10184248955133701,0.022273444151251987,0.3913677815531684,0.12076241269989607,0.3934678879429321,0.298120045235734,0.7772719046290626,-0.07391128500452615,0.17097831039731037,0.04995876891448625,0.2798211077563739,0.3249120069071323,0.1336877298863659,0.8273291281122781,0.873695108105796,0.26680567753644757,-0.06603378345492783,-0.009698050974840333,0.15573767811211559,0.002883859005702094,0.07963340485114623,0.8424742451170519,0.05521077575144018,0.287668251651382,-0.09347248915211626,0.5261552203285613,0.0690934225944626,0.026660992989308907,0.20042657453407875,0.47600432187929975,0.015473286067493097,0.18413139141270762,0.2066382313943811,0.3064111417467703,0.37407262523378915,0.22680713846012757,0.25846225415329904,0.5074318806964035,0.5384671124218154,-0.29122704172501,0.38999801350335317,-0.1626706250269616,0.5649031659545749,0.5224599031194535,0.24831570404937442,0.19764676752420374,0.1430690714874414,0.04840785286743987,0.9015496504226796,0.08615587534031155,-0.08099802640011255,0.17859931030560605,0.46756266719688755,0.254495044421843,0.31662757996454416,0.38816216867647446,0.09706190803442083,-0.07300038954322963,0.2035792008645969,0.11897351973374759,0.5053590834175621,0.48190227786944284,0.6887488067930969,-0.24823824068309552,0.2796673424647105,0.1524532512326251,0.7358347493838739,0.7361479655476075,0.2384860129662132,0.39033097095704616,-0.18277363106732736,0.13317395334401794,0.20169299366290705,0.1610130364927822,0.6393812203116922,0.5381881284925056,0.21372209354340455,0.3050366217785663,0.005229854862057515,0.08047604967372846,-0.00769703751801476,-0.04764073235430599,0.06721939544967404,-0.2327469807203567,-0.08921434226302716,0.27806756604900573,-0.06853766535519312,0.5101165135757408,-0.011683687409665966,0.16304131385184872,0.10656925289675612,0.1625732466785612,0.041451446472714704,0.08174793449120643,0.16035728448019526,-0.4672982830493443,0.22605686696044947,0.12409533576934328,0.2449155186296117,-0.11789617732502855,-0.21454256686831397,0.06957311740314132,0.467106465411242,-0.06493924719174493,-0.0573945570223946,0.14605815612694562,0.3580578417450673,-0.14100751937762002,-0.2825337313697359,0.0029671158322677194,-0.02006497337636126,-0.09961859680073226,0.018462922706707907,0.2456311871965009,-0.06052562307398135,0.448982553542451,0.05258853572903832,-0.004680656691893104,0.4699768064015779,-0.20734498104078425,-0.010937501761919322,0.033368870652135785
2024-05-31,-0.03524590950279127,0.059984954167837445,-0.0012406087914135222,0.10780530196068816,0.49922540384802394,0.33981901792956126,0.27127472627046445,0.4513186045990736,0.6411493833371951,0.3740024468101353,0.23561114855421206,0.6562219766842914,0.45511602339844104,0.2055302054924557,-0.024729575255684644,0.10424826353510874,0.2169813421890403,0.3248147559134902,0.348796779907417,0.20175721524827317,0.3342346222365882,0.5022389172133963,-0.04604175953148959,0.45031303787476795,0.06838008075908486,0.2630990873519259,0.8292632412538288,0.2433527343666717,-0.020735346992560744,0.20238486691841961,0.19269468009108248,-0.06609089177959182,0.3932140989856203,1.2844464393436823,0.08912563667674389,-0.0067621462234283,0.17461361405611275,0.11413944458083192,0.48964290045131986,0.12502647884630247,0.12152032962108383,-0.10126021006294461,0.03923912336879365,0.008062382529895995,0.22241710737847886,0.5257616222695272,0.22528362618117437,0.18857092120754904,0.1505550288632298,0.18386293997127834,-0.07754345821556918,-0.0989339399725001,0.4965448046230696,-0.18405445392338926,0.37950621176742416,0.17952631036172684,0.39607621184256026,0.3595135478295015,0.46932613355118447,0.2666195031526237,0.22875837645807828,0.14722375407157617,0.13855270370971096,0.3857809733877555,0.19560349391362797,0.41034705781389746,0.22558060274127212,1.0047805818020588,-0.11922500659306878,0.183008990078537,0.02294582592798955,0.2328070117896821,0.2039371086477939,0.14079915480648753,0.5680006698490134,0.46583504353461236,0.17654146126655057,0.003129442652896053,0.002012898923675399,0.16836564042796365,0.07731996192493096,0.15674802403996213,0.6660221833644475,0.12766517496910001,0.12730146887299143,-0.05115345611937927,0.6394862239758665,-0.15747095795505284,-0.04430793262643007,0.2108598087734077,0.32424092890946454,0.0867793947565727,0.13919376439257225,0.2336825902376498,0.23876062238223894,0.4319196941517891,0.21398766470032005,0.3252880999887331,0.4580523102136369,0.6141664087226788,-0.2752606029818704,0.45429708230403176,-0.2888433392742752,0.3978943517872864,0.40488540274796714,0.06399086523997899,0.26719079247876065,0.08638919553872348,-0.004951541254390457,0.8294859101577354,0.005223730196794563,-0.0244088036703326,0.06752866576866823,0.29980470422061,0.4752787389909203,0.4379027468360339,0.38955846260272264,0.06022338234736968,0.05576717713662416,0.24502768043796475,0.2468228975703719,0.41744429348433987,0.38003055861914237,0.7590629048768542,-0.11153558443498446,0.4758835082065238,0.15770749528415307,0.6089212363827305,0.7179330840544875,0.13239343257139224,0.26412746119034325,-0.07836028170396303,0.131062179769472,0.054377811287374955,0.26217612731123907,0.972709266548067,0.5292292495545474,0.3039844166076626,0.3061133674300325,0.11350194920021739,0.1933524731562435,-0.036650788568969195,0.017705309007341796,0.13032656100825513,-0.27748762397178406,-0.12248302029319846,0.3002984793316199,-0.006022052924129495,0.4079670681591909,0.16828774443180095,0.23246669007549792,0.28216518550352765,-0.03172966392628174,0.10556354343644259,0.16678502606684997,0.1870084385683488,-0.4140626348695313,0.33218464841577067,0.21142479584184226,0.15685255318038416,-0.07828012278605401,0.030800122155443255,0.1615568717642184,0.41984630674902723,0.0029635750881591427,0.06773198657345625,0.23015686268316826,0.4114295982928382,-0.05844864858764254,-0.37210425830354155,0.07319625199403546,0.06917940372689757,-0.05985535889270366,-0.06371712740359359,0.23596855479391898,0.004395529749421367,0.44029452122623813,-0.00336487316605083,0.08827815876733958,0.36412289409373266,-0.14952614340507098,-0.03764866856567284,-0.016919272129928054
2024-06-30,-0.0036038129648165995,-0.04364512782153007,-0.0711194493220011,-0.09045170934388735,0.49972483451440697,0.46519171741543364,0.42061978534298783,0.35348267578479575,0.5536042010438833,0.42667852119718086,0.21524924896329733,0.4013037984258365,0.5490059118706729,0.11117234883542082,-0.07331376920565291,0.07451159891916848,0.2110146878146557,0.441102726150701,0.45787796006447556,0.10633901904915288,0.2999777409356661,0.2661213413567878,-0.0861433948158733,0.43014743027484115,0.07017145204389985,0.15357963094464178,0.7622660555913603,0.1433871497981387,-0.1175521962442404,0.11030972507976311,0.22857052832887192,0.10476495138105357,0.45660520953122674,1.5922372879428703,-0.0018361681407002006,-0.04555183303154986,0.11214416169329766,0.08251023383524014,0.7532255211582433,0.13051024141568246,0.09080463225071056,-0.3197081051878953,0.11756392207683874,0.04228117889170524,0.1561848811458011,0.44582182712023366,0.2729582432442963,0.13183267838141632,0.22083180212568654,0.13320983792492536,-0.17725665541486557,-0.09177357617371029,0.39693072771832183,-0.15888427007911643,0.40205605613056217,0.13967922934203836,0.3971159083313227,0.4222982349763542,0.24461045157225358,0.2367222733391292,0.14081371405153642,-0.0649819866547866,0.20602350521280166,0.25426596169940296,0.22372494536686527,0.2670830614089297,0.03961376864489674,0.8909550840976399,-0.14153890621359022,0.12695499153726386,-0.0038294423577881487,0.19655633446179221,0.17599576605867728,-0.013325715065077959,0.5812708601232979,0.4619461712787791,0.15176688371718217,-0.04331919843280385,-0.052923414972857574,0.11977022121009817,0.09231846732405691,0.19278188663630913,0.9922887253024242,0.005749036606676583,0.016078842737622168,-0.06913876581392275,0.6065364307017393,-0.08009982515831049,-0.031197961033685218,0.36409948830792094,0.15451452124928666,0.1872941123938059,0.0757105924897663,0.12673302848122914,0.23398568351381277,0.27407645711666895,0.2939103509404377,0.31731495524910036,0.39206247431890984,0.5772708897728305,-0.21032123004532377,0.3857074689792406,-0.3298740909483413,0.28348654130951534,0.3768797779536457,0.030199989777813574,0.16765953471708617,-0.07579175379430447,0.03041367546955387,0.6785960085817306,-0.07887206929913249,-0.041769071868634766,-0.14444188341680986,0.15231789682501828,0.3372839327136119,0.42485781208522044,0.17672357763208146,-0.01051310886206791,-0.006195301877843784,0.14152143527756733,0.16920172783071163,0.27094522309696734,0.33832901646883085,0.5455048132327074,-0.12991054901474963,0.3870797680360112,0.10717936084841573,0.34401521074703245,0.3807538113010671,0.1143434713684588,0.25616705290014563,-0.17022261039112607,-0.05195668646288987,0.03167991893326749,0.2237464429574365,0.7293080103076974,0.3811330924498786,0.316757494681573,0.2300474858102166,0.011233103246770293,0.09028343823264984,0.03678357841889257,-0.08087351138985699,0.04672940423346694,-0.24335305695788234,-0.05993454205413273,0.1559409486382879,-0.02686786267079222,0.31135197398234005,0.053169331486713434,0.24045452314697413,0.13309860071390323,-0.006656459848621621,0.018260584300532345,0.014874142097295762,0.14320301577894634,-0.3996763038888055,0.1273358544056229,0.20835507870193726,0.0006202196750459965,-0.08194078361140389,0.01115861777330407,0.0731234859278771,0.36915992855337754,-0.06071256078758869,0.09559034445173809,0.15892542955487787,0.3225466668170869,-0.07869359015568234,-0.4459582706709321,0.10874790697883818,0.06150317372638736,-0.018458392023561476,-0.08656724354939893,0.4925937010453998,0.01829669519167676,0.4202376424777048,-0.09679509857174118,0.14073622668668628,0.2718956498663936,-0.011248794537446094,0.07823646072620716,0.002785717622775019
2024-07-31,0.07782409677367852,-0.05227100027718967,-0.029666769458597364,0.017155822198908544,0.5689990129633562,0.4179196201948736,0.37609327998712083,0.44561647657100023,0.8180323244090126,0.2798065544348818,0.15581315396437634,0.27314003561539457,0.5610706352611485,0.1441086058470884,-0.06572861123065765,-0.004344471980970432,0.1098612317168397,0.3740133313857026,0.3091800252805108,0.05825994087629072,0.2505868753787319,0.29034138122266895,-0.10024701219663279,0.30542336922966706,0.06069518748531877,0.13740258676141281,1.0066938144725874,0.12384291351743681,-0.11018197457965406,0.19173684038777128,0.34093323666222464,-0.003975686385317645,0.537417134375596,1.6445459826591695,0.2174777476242551,-0.0933341453354335,0.0754152175576075,0.07297419057674448,0.5413701254280392,0.17278302250378985,0.010634656022856293,-0.26006801666889945,0.10715777411956262,0.021375036769202715,0.11262072642970478,0.32499731448017233,0.28873237932043283,0.11128057878108888,0.1648992847689561,-0.012651280041078405,-0.0722691781514383,-0.13792355630539888,0.38545216282111894,-0.23797366608416848,0.33996907077430394,0.09436922294888106,0.4852459865484282,0.2663515504885521,0.1398800089725869,0.29601451834637116,0.034944594442640975,-0.11732557449554715,0.11876016877756501,0.3135945965426059,0.1635417449424772,0.23141032022900476,0.13333584144340271,0.7490608428603445,-0.061000022942319765,0.18779652731850982,0.1245498283819737,0.20894615834232066,0.37130090774744806,-0.07956638264429094,0.6199289630336711,0.49660019181113024,0.20380927668314053,-0.09534757338643862,-0.07214703976506531,0.13049194338116932,0.09643041955634946,0.09501482726047272,0.8497432695051348,-0.0037104592760123234,-0.05799072987689535,-0.09056022296731714,0.6590236898370978,-0.07291147543113252,0.06593068775455024,0.41665441663993996,0.08907138273661142,0.11601669505416345,0.1403842248865148,0.21278654514086104,0.29126901525829263,0.051622358779727096,0.33030597176712573,0.26314146261975435,0.2583669492758447,0.45470449869053264,-0.14201115796469366,0.3538546196297274,-0.3096633945641768,0.20672755993748693,0.4080979765360826,0.046982433471329355,0.12063898492207037,-0.08975594512127916,0.02773523698424607,0.5487640511408094,0.12550265736637267,-0.14042525777456571,0.0021217421760437727,0.09799784425168157,0.10011445213500303,0.3189467265640058,0.22441043925466087,-0.12173484513069854,0.11174515784197703,0.05164060959430783,0.21281493270069585,0.2098755051213299,0.4588182031642063,0.3307178592809905,-0.3074909009677168,0.26741255607527603,-0.025975074363338346,0.24994689492611344,0.24996738952641318,0.14803695697240826,0.28079897667850084,-0.2146369825103911,-0.17411432159260842,-0.04295611780026809,0.12126508514525014,0.6702304483720434,0.2537048884957487,0.3038149782130639,0.3233998985642579,-0.019107020765243954,0.0702341423196895,0.057927700966850626,-0.2569482708668466,0.13698825918267543,-0.3262532188156204,-0.042191205578007596,-0.0009534656325461688,0.042068477800596416,0.2638471111184193,-0.0824717901192753,0.23398556301763018,-0.017852513518502033,-0.04655991869747511,0.0862418935690028,-0.10937467794811762,0.1627405359214047,-0.37908384882836366,-0.11964062350554805,0.17878567410334734,-0.04411471062912842,-0.01528405131585786,0.009379721506843408,0.011737279631659492,0.2898297581533882,0.04155265041712153,0.08860208425930893,0.05036024797231731,0.2974309738575087,-0.14070822178877418,-0.5446338466856558,0.008999243859965533,0.04259751730262451,-0.07339081896434718,-0.10913839188032515,0.2600275320338248,-0.025139441411403673,0.22606332919941452,-0.10827819157081242,0.04307099612008303,0.056267676620305185,-0.21995458705074444,-0.10310332841456993,0.1290865820675291
2024-08-31,0.18676936937410726,0.050948962259794284,0.03765215765314478,-0.013748349969942897,0.39699331132817917,0.36662877468114874,0.32676202181987635,0.3548293831594749,0.7716810390025586,0.4358849194276704,0.2173791925025379,0.2531724630757748,0.5402531133696047,0.17195629712199478,-0.12805199952857926,0.027788642440367717,0.18465236842105237,0.26119450168655356,0.5866910331355328,0.1366660428941897,0.34875195390771996,0.2020136453286112,-0.000382644043027236,0.4908245185096678,0.15122550328402817,0.18650399168515608,0.4589393696404289,0.13039998031132116,-0.03876025064266986,0.06574060683881555,0.2836582369275129,0.1709570066674133,0.4488793359217942,1.3716953397987361,0.17413398689295057,-0.006875167408768257,0.0679861669598616,0.2658803843841542,0.6046086220967481,0.39297920057694746,0.10392708341727985,-0.10078262787247838,0.25047410920596924,0.22778104198575488,0.08769829638670079,0.46854278613318656,0.2797895410984703,0.09513189242177456,0.2961236770928932,0.05497603824613795,-0.008252765592537625,-0.0829037652015091,0.6232157135808527,-0.14922105458168944,0.20227179554799046,0.28495480724656974,0.36966998765987147,0.3926397228054852,0.2842844440312138,0.38204968211093515,0.0010148975582315867,-0.08131984118695257,0.2714933957404799,0.2686073517296237,0.21899056132654104,0.21057307281990734,0.18153031531693453,0.8721831387172898,0.03633341791506295,0.3204905779369023,0.10771136234236844,0.3023166837207496,0.42193295307058487,0.02253533992674761,0.6515287088538482,0.32442214298887295,0.36412659543739667,-0.017064292735818443,0.01955814195685468,0.15817324414029854,0.21172956879449845,0.26162481979951635,0.577827410563148,0.13234805181308862,0.24034732187837604,0.07629204688360813,0.6150132142869864,0.04511620422886309,0.11788254622875516,0.3057508154479347,0.29982126187717517,0.2702445632628201,0.2480786634246661,0.1665860713422389,0.23546360645163822,0.29135097513584496,0.42309239947242094,0.30126765237634223,0.3833369041850496,0.6159378417114261,-0.20257327711962259,0.49824830483161575,-0.1903782336958777,0.5001374064058697,0.5254429228892716,0.06992247995219736,0.12845346609235953,-0.3283818831427332,0.2632874804183263,0.3364744680124747,-0.17549368078222694,-0.04459674529204538,-0.0583440200621399,0.2654682662023562,0.15336058833775823,0.34628147037636725,0.33380599509305076,-0.06900531528952669,0.08868205205991497,0.19644445455989845,0.3037237533178434,0.12511504222622727,0.5019044038970906,0.2587531422655629,-0.253477658739131,0.3316248661518919,0.07186692323196642,0.2498996041889361,0.35876373604286393,0.09762365505282933,0.18807220887316434,-0.18464564908311154,-0.16357261852125504,-0.04833668526127177,0.21807487426963923,0.6432615762673854,0.27334919348341824,0.36912241378094945,0.3133593609148082,0.041778721384930995,0.1763369049446506,0.2590176458032447,-0.2672107925729619,0.155752338344872,-0.15452280102249905,0.16282679551787393,-0.04358103369432875,0.07217886087003755,0.17559096929722906,-0.03778125368149132,0.26260501499235134,0.026584837045008358,0.02748513329978519,0.12036736569468953,-0.19174813528867785,0.2147910889940854,-0.2973241900857222,-0.08541997092704756,0.3065288871558136,0.0872500207549749,0.0050500286374928205,0.2879848511532346,-0.018450611009953377,0.4313953592583539,0.05006254871952209,0.2956158184512221,0.19757839529264154,0.30782618903535686,0.03523407564743075,-0.5229583708102788,0.18404639577805315,0.12928516212369967,0.0949401769755549,-0.09092771263648602,0.3832558179272705,0.1517317657254087,0.3805784193485622,-0.09111996313587634,0.2385846127936444,0.23901868516227598,0.050194809479328084,-0.0354883759199105,0.2546999941317636
2024-09-30,0.344383087312202,0.19385687950726616,0.13143052292151425,0.12651496375805626,0.4356089600141202,0.44485506710298117,0.27947291397893825,0.40418499168730904,0.9839974981523016,0.5199479811993233,0.35860699404022944,0.3273952242748508,0.6257216749381294,0.25073736517180945,-0.029699716623331263,-0.08452809774492243,0.22986457390531978,0.2499430197957453,0.6203737134289953,0.2512245527429138,0.4979045040816432,0.24098649773637004,0.09860872631200168,0.5891203534914935,0.3255209906548773,0.29633827685313263,0.7993230190855751,0.2280424158457095,0.11576793889922299,0.17321761463860597,0.3310249308840598,0.44829051728111247,0.8573889103229895,1.7447968957274833,0.3521443765237875,0.04409637186077542,0.20585530679420394,0.38668512344324313,0.6030759916537836,0.7575776232726585,0.21759479361008127,-0.14431300629121646,0.38992800304635544,0.18421664051267395,0.21101604262891094,0.47341043847884934,0.46825243136637074,0.03823149868167364,0.35930820448403344,0.16715971933658325,0.06921050853937949,0.004416698973853661,0.7570716048784827,-0.09359342585619734,0.27377407531852604,0.4222718213921446,0.5490530700257774,0.3795938258674161,0.2812619727780581,0.5331501038229787,0.12245905336644336,0.03373883652491805,0.346503718909698,0.5062194301169696,0.2909627948998772,0.11398292470463223,0.145072731848656,0.9873088974453554,0.08785427633419407,0.6183423949326172,0.15055204843442693,0.48336359378123905,0.6854151372988191,0.11761880921879886,0.8024181041110621,0.31876589299031455,0.5554774639979527,0.053932188252723945,0.1595611522213074,0.21305616787290105,0.36740567386524536,0.32048130231789185,0.42153941460496647,0.20354307083419898,0.33268734268000055,0.3054175873982752,0.8226218142099584,0.16482535826525346,0.34704888701904113,0.4395476533387108,0.46101228569697783,0.3865879518816262,0.41609110312253095,0.3286014180462735,0.33844669883574285,0.479442455900545,0.42603677625403424,0.46988618434058016,0.29138896371770695,0.7350386555422588,-0.20329953415603297,0.6525390197871694,-0.09680495897131891,0.5428182726047268,0.6885304893582889,0.16688950442898087,0.1239096218429423,-0.256806065703722,0.26783435271448974,0.45859337310636894,0.009815247072131772,0.04921469700376235,-0.034067384468231654,0.2870024693535127,0.20367871180509378,0.38383157157152237,0.5226609986432467,0.10076154015961092,0.23156717052343012,0.21833211491692883,0.38202315190130753,0.20619489057919305,0.29663425384499,0.19388319211546245,-0.11914810947368004,0.5353512689742481,0.17354623907791655,0.18314391208293945,0.5597561651328944,0.15118080856910554,0.3435794948431752,0.062453365315645604,-0.2326311022671409,-0.027203501379390316,0.435004107791539,0.7984470486139097,0.0660911368508843,0.511203759336059,0.4069266380550385,0.10124206059437024,0.28733722901160696,0.4112256294668022,-0.286022016666193,0.34963241381196886,-0.058948261021702475,0.27147211611294364,-0.02545262402772097,0.3646456177291373,0.2853285933578624,-0.028196255561369954,0.3691519359330786,0.05824236850452502,0.17320902495349944,0.31576596440693927,-0.159801756403253,0.46413375441923743,-0.0076087392485103544,-0.2212974681466534,0.3852185142114044,0.2203679091531472,0.31803215515530936,0.47965660657506337,-0.11248841891796857,0.6131398907201573,0.30473775203759823,0.5161943898107364,0.2630831001657927,0.410055618028186,0.13241092768767726,-0.46404352869246934,0.32212756301509216,0.3036530760193903,0.22384465976261558,-0.0198821538180618,0.43303270765804713,0.24854279460693962,0.3936997240728177,0.019939519588537014,0.3927833309684674,0.24753497624790488,0.08179402292417537,0.08098757395435108,0.4140402603057711
2024-10-31,0.37139003260006254,0.22411121666554124,0.20403365938462636,-0.02683901877089745,0.5382429972660023,0.6657868206198445,0.29801177401058165,0.4000301071314003,1.0818193005423287,0.5485052546807212,0.3484312186798735,0.7516941061845737,0.6516481770819007,0.3689441952911803,0.04614529034013559,0.054397638936098724,0.4539159157628576,0.3399473182527424,0.6756606616084824,0.4602658443304821,0.589176135573054,0.2600606297467072,0.12706002765812574,0.5430764622777786,0.31142682940127364,0.26309391377201363,0.6101181229187436,0.3179140194102019,0.18961734733798208,0.1350650815300729,0.28221538318062067,0.4942628268759217,0.7228255279782465,1.9788315264701866,0.6643793688510125,0.07386543482821883,0.17626008813990324,0.4337081708105919,0.5927894260465743,0.5266879880475304,0.3944530493346474,0.30267879731808756,0.4862747444433637,0.10834151787228397,0.17870958627371203,0.46253089508389555,0.5024796102027194,0.1462448476852154,0.48850070657101474,0.2971004391136307,0.12557816817749545,0.07610368411044921,0.8744918701908497,-0.18616857228640715,0.5208261597690891,0.5905281085502465,0.6370385876125846,0.3623181717331183,0.13942332913717648,0.4053735649918939,0.08244446692838814,0.15926732883027128,0.35279992566167895,0.5375038252399571,0.16966305231490164,0.2548039446791599,0.16301252425726043,1.1873519276977937,0.11187920634401216,0.81159100134117,0.1531494685750554,0.5146515640495375,0.8735031146620424,0.19560786516192574,0.6633549645368912,0.4010040369500554,0.5536879729017252,0.1405490956393678,0.3191466318245675,0.18913220761316984,0.38540974018848684,0.5135477037054819,0.5558548792895797,0.13871045189469,0.33444148711391963,0.4031314046342005,0.6147661406661034,0.2912271368501911,0.5874899760096524,0.3479338276499202,0.616388127922181,0.3917694220589285,0.49111586846727984,0.34972540888781567,0.3538664694176814,0.5019898757322407,0.28436112061569485,0.4631388133227008,0.21982464159415982,0.5142981316485742,-0.18396900809710215,0.7293255885055079,0.04316743522691624,0.5064060250014351,0.6381956105605939,0.21677378142013337,0.1882426278342786,-0.24530001650759425,0.16505046944969304,0.6157511764044594,0.03562455429346212,0.08398987310639794,0.1433473478478251,0.25314722942041756,0.4919460756265315,0.27151142086754776,0.6075614137399092,0.2647257608252145,0.23372204178619915,0.2940507951864333,0.3548333787637983,0.33189386821117095,0.09112231559796147,0.09875393081802808,-0.12658386766407181,0.4523269986663203,0.24655154468256568,0.25052175575029056,0.7336579017733831,0.14364817045218015,0.310921252545715,0.08374023013455911,-0.22849134657111103,0.11782951543657405,0.4530375188896387,1.0661045446720987,0.09471857952885476,0.5708370696474476,0.28242801860281896,0.17883453920329107,0.4438351141591883,0.3382997459773591,-0.36938161970349814,0.40613009596052785,0.21541698654435093,0.3504910128451293,-0.09074633447612723,0.5129098741384917,0.345351611333125,-0.12075890253610555,0.6952497050894737,0.00768606375614489,0.24233111759453463,0.40052017362276504,-0.12034189013839636,0.4328851695683704,0.2868601820942456,-0.2466477193123321,0.42678892645360333,0.44219636748871327,0.3898231266937038,0.4678725828385488,-0.15378056579850807,0.6218729713282221,0.47282076546234797,0.5533379481488838,0.5087830314434816,0.39199594076601674,0.19583171709510228,-0.24217239492616238,0.34494747550669924,0.36489663745439826,0.3239740621149134,0.0073010225245628835,0.5203401632709452,0.2793784303616953,0.4459525673100764,0.10103542541056076,0.39559759333472355,0.3424986011683573,0.20638536088240378,0.0950947108115685,0.4692139156285686
2024-11-30,0.193826000434558,0.10875845487559266,0.05169936088102456,-0.21755784859293792,0.21891134430019044,0.18908883269763432,0.21353322425210908,0.2759257893700062,0.8621623564392298,0.39872009453419066,0.25255559285481777,0.5245445101664818,0.5151454342341566,0.16182412595492313,0.16892920875733264,0.07008204088635317,0.10467859340112406,0.2943008250358192,0.545115065324711,0.28004494352620224,0.3403005031772497,0.07435061170843871,0.05785778244370254,0.45578742792321303,0.1430189195642888,0.11593443522725266,0.4106905989783993,0.21421800657528944,0.05520806627578212,0.0249136122423792,0.07827954851668584,0.38463107450991996,0.5951009103618969,1.8394308427186425,0.46194396939297255,0.009871470709102992,0.10273710937022851,0.4966566776549399,0.2794738737543796,0.5117184556133512,0.10490791016697032,0.04069478589614506,0.3682683962203199,0.036396442914845784,0.13569926364665696,0.485852187991461,0.6004163258026796,0.16584875740435967,0.23788135051991222,0.2867479442309435,0.12414545987135628,0.1786604498542157,0.6004794703622203,-0.3553944030949986,0.5068321982390538,0.339372052098424,0.5033100297121853,0.24808607577525454,0.21783214467089107,0.21590251145437156,0.0807418540453555,0.1270864536769618,0.28786272959228176,0.2945510972245273,-0.14326514641241261,0.235776300106195,0.07952246338451774,0.7770438475477388,0.20775629375517535,0.4436387237677102,0.06698197471366507,0.38705186830082594,0.6208982186134255,0.10234284884585176,0.23075452940920238,0.04872806140817665,0.25177026839151684,-0.012162418559217625,0.16402900219869032,0.11036782722327976,0.41248630205247094,0.5185832677961522,0.31476161353122456,0.084695733265582,0.16774042841218573,0.15265061074625774,0.489843743650181,0.012342557716811475,0.32438229349011993,0.01746766597694771,0.2952317550841592,0.31878127981858206,0.16214314453037693,0.21383303688992839,0.29655369538368825,0.326991787390853,0.3415067621022272,0.28844664139721576,0.17753840784882602,0.375063638032058,-0.2566643940579637,0.6049554168624702,0.1865110454831047,0.4771648450031498,0.49731347074272314,0.07270180316464647,0.046054426863780584,-0.3898891498871606,0.09747009410219443,0.4701377660228767,-0.010338162128297967,0.05244884504683611,0.05873404337110433,0.3413925323149749,0.22162360965066297,0.20461242708671556,0.6193729380725959,-0.12644367560513348,0.12502598206844273,0.2823201080407094,0.31723987256589825,0.29264250865345165,0.0676020122725014,-0.010770112062557624,-0.289766325965056,0.46211270347017086,0.16933461256460536,0.18413865733552393,0.4763841764106853,0.0045860326902702475,0.08244174363226597,0.0033437956760264953,-0.21180420896912566,-0.02243491043389323,0.146267465603795,0.6554520839899411,0.057176054130403386,0.5418967587891341,0.27617166313660535,0.06033512338900349,0.02655415262355465,0.05642921126291789,-0.32192987197747247,0.32581193534351094,0.17470151734168415,-0.029867958657053162,-0.032392932392391716,0.33358798955464564,0.32773519471157475,-0.09971726391270352,0.42356727021013785,0.03294742838014386,0.13146778362139133,0.2884292371880983,-0.07307349441661692,0.3797823316041824,0.2574476959960117,-0.2357436478221998,0.47677815826515535,0.3419184103447528,0.2685372277031155,0.15197084398061023,-0.14026026000735903,0.42792114586139696,0.317944001871759,0.4796987018396106,0.1514557650069146,0.4931669624738251,0.16218699468455644,-0.2075725208972372,0.25769482849606873,0.2239106825905368,0.22658620591500367,-0.14750857698022735,0.5558097137233413,0.2302742343132016,0.4000005387005352,-0.10962968676717577,0.2921446357721049,0.2553241859243496,0.10241241739648044,-0.020380470737975664,0.3194937171412353
2024-12-31,0.23872980577945868,0.10057392870744031,0.049258420553458526,-0.13521620216448715,0.0864086792974601,-0.06939834971971903,0.011794898800183917,0.3682374361539096,0.4676297450133071,0.43895142403329124,0.35428695130972065,0.3955539355645248,0.48096587105803934,0.2596142322224875,0.21016056165825447,0.13238219492715153,0.0393481505853952,0.21245845152245635,0.6077957189274996,0.26862182588686534,0.4407268556611066,0.03285630489585789,0.020272008913220896,0.5031342733342608,0.12060255503708328,0.13267663293068566,0.37332894877199485,0.2567649008749149,0.0163922312334277,-0.049852590176671874,0.13452443765609234,0.3329079373910837,0.8214139060163828,1.7922877712391387,0.7746409923123505,-0.015190789082911826,0.25373783220900425,0.4689105797231914,0.11190615041003538,0.48194154473715933,-0.00021360047200380539,0.389085679317948,0.21293907071342577,0.1726896021206974,0.2194673390050761,0.5884448167583058,0.7773888892761951,0.22008191391947807,0.11207682388121709,0.3394501149941178,0.35670535514151824,0.2459316076594853,0.6458216192629167,-0.4036676119942768,0.47704921450117665,0.2836457769267988,0.5682408148842475,0.29031885753825537,0.1418138005589844,0.2390040637150357,0.14856265707330385,0.17816572735323288,0.2554558537298881,0.26315608968651527,-0.12895830994800617,0.3880706567692789,0.21502286120451064,0.7972168900419678,0.17960844157780986,0.21574788114347054,0.13444340357119522,0.26510682787298534,0.6065924339994928,0.07753748830767004,0.12297001085566839,-0.05008453704412574,0.2903683773954102,-0.086215392383442,0.07705212047602661,0.24895032543019724,0.5246292717357788,0.4627759613918978,0.15116936835012962,0.05906571360055968,0.19356148557489727,0.05625459829125967,0.6988649971075895,-0.10321738559908955,0.17556075135731986,-0.14581746943772544,0.28480368086006735,0.3178834799919883,0.19535663161957695,0.3185391447176533,0.35837636599596623,0.2748885632706619,0.15050747875267412,0.41160748292456395,0.15266243716156302,0.5125590164842198,-0.37925566447998815,0.6186502302094625,0.2125191245991851,0.48854010145351623,0.5107099538758131,0.0828498260854964,0.30703239427270446,-0.3715045518140978,0.20256760831981424,0.57818837372503,-0.0642623150934939,0.1478845522708485,-0.02305240195231062,0.3191782787341466,0.051458484360685786,0.11583760330400805,0.5601731857984262,-0.24015852756434808,0.17825529620374914,0.36757739816399804,0.19306590563141834,0.2947035587741629,0.362339218124925,0.07395128291682784,-0.26577938467755624,0.698357095429478,0.265400537010577,0.21160402250303156,0.5425295400722288,0.04479003136933257,0.1275014765728737,0.09501600173201141,-0.13983252785333988,0.01277432222691166,-0.04342636092589769,0.720328907991173,0.10095985641327276,0.5686066010363096,0.28820767785862134,0.0793026368204448,-0.0025819861653132437,-0.007898250318841393,-0.3470486757636687,0.28929365979169974,0.054631556661997704,-0.036746667234235364,-0.040456838228015046,0.3036823045964223,0.48988046186528056,-0.13841124136350436,0.47911210386557834,0.13389668160435253,0.24339698499298779,0.2906150864696062,0.1964938634659399,0.2873436897529942,-0.03584649670667983,-0.10482697018200382,0.6965667579535095,0.2474295617154314,0.27386445905129864,0.03855997173386294,-0.14307487016528198,0.3376996046309928,0.24963303958559036,0.3196745967607677,0.16854475103328093,0.7403778625249273,0.3398228878075711,-0.24596557182862977,0.24046956026787392,0.2918076582068181,0.29592067751232,-0.13245502557819877,0.697792085892073,0.27744837039674763,0.5576700465788236,-0.1510066148994379,0.3238913109328512,0.26375866761556765,0.019323479676792266,-0.03479918126929471,0.31124678816039086
